run_id,source,project_id,timestamp,domain,dataset,architecture,num_classes,dataset_size,dataset_fraction,sweep_type,params,learning_rate,batch_size,weight_decay,optimizer,num_steps,val_accuracy,train_accuracy,best_step,train_time_seconds,energy_kwh,compute_flops,generalization_gap,gen_warning
run_6f7c885d,internal,tbound_cifar10,2026-02-01T08:25:39.981281+00:00,vision,cifar10,cnn,10,4500,0.1,n_d_lr_grid,45000,0.01,128,0.0001,adam,10000,0.3,0.37655,8638,100.38,0.006971,12150000000,0.07655,MEDIUM
run_8790f60b,internal,tbound_cifar10,2026-02-01T08:45:39.981281+00:00,vision,cifar10,cnn,10,4500,0.1,n_d_lr_grid,45000,0.003,128,0.0001,adam,10000,0.32707,0.368278,8482,43.5,0.003021,12150000000,0.041208,LOW
run_3c648e47,internal,tbound_cifar10,2026-02-01T09:05:39.981281+00:00,vision,cifar10,cnn,10,4500,0.1,n_d_lr_grid,45000,0.001,128,0.0001,adam,10000,0.464061,0.534694,7130,88.6,0.006153,12150000000,0.070632,MEDIUM
run_94fc5310,internal,tbound_cifar10,2026-02-01T09:25:39.981281+00:00,vision,cifar10,cnn,10,4500,0.1,n_d_lr_grid,45000,0.0003,128,0.0001,adam,10000,0.3,0.311441,8515,121.79,0.008458,12150000000,0.011441,LOW
run_7d2e0eca,internal,tbound_cifar10,2026-02-01T09:45:39.981281+00:00,vision,cifar10,cnn,10,4500,0.1,n_d_lr_grid,45000,0.0001,128,0.0001,adam,10000,0.3,0.375699,7955,34.57,0.002401,12150000000,0.075699,MEDIUM
run_4eff63dd,internal,tbound_cifar10,2026-02-01T10:05:39.981281+00:00,vision,cifar10,cnn,10,4500,0.1,n_d_lr_grid,45000,3e-05,128,0.0001,adam,10000,0.3,0.322838,7021,61.88,0.004297,12150000000,0.022838,LOW
run_450c1f28,internal,tbound_cifar10,2026-02-01T10:25:39.981281+00:00,vision,cifar10,cnn,10,4500,0.1,n_d_lr_grid,180000,0.01,128,0.0001,adam,10000,0.3,0.310495,7474,50.08,0.003477,48600000000,0.010495,LOW
run_2e7ca03e,internal,tbound_cifar10,2026-02-01T10:45:39.981281+00:00,vision,cifar10,cnn,10,4500,0.1,n_d_lr_grid,180000,0.003,128,0.0001,adam,10000,0.3,0.35283,9747,60.55,0.004205,48600000000,0.05283,MEDIUM
run_7829acb3,internal,tbound_cifar10,2026-02-01T11:05:39.981281+00:00,vision,cifar10,cnn,10,4500,0.1,n_d_lr_grid,180000,0.001,128,0.0001,adam,10000,0.50438,0.540026,9734,89.05,0.006184,48600000000,0.035645,LOW
run_a2efef13,internal,tbound_cifar10,2026-02-01T11:25:39.981281+00:00,vision,cifar10,cnn,10,4500,0.1,n_d_lr_grid,180000,0.0003,128,0.0001,adam,10000,0.3,0.353287,8267,82.42,0.005724,48600000000,0.053287,MEDIUM
run_1c65372c,internal,tbound_cifar10,2026-02-01T11:45:39.981281+00:00,vision,cifar10,cnn,10,4500,0.1,n_d_lr_grid,180000,0.0001,128,0.0001,adam,10000,0.3,0.351469,7646,52.18,0.003624,48600000000,0.051469,MEDIUM
run_5d13c146,internal,tbound_cifar10,2026-02-01T12:05:39.981281+00:00,vision,cifar10,cnn,10,4500,0.1,n_d_lr_grid,180000,3e-05,128,0.0001,adam,10000,0.3,0.321937,9435,53.85,0.00374,48600000000,0.021937,LOW
run_d4344d09,internal,tbound_cifar10,2026-02-01T12:25:39.981281+00:00,vision,cifar10,cnn,10,4500,0.1,n_d_lr_grid,400000,0.01,128,0.0001,adam,10000,0.3,0.375954,9041,120.7,0.008382,108000000000,0.075954,MEDIUM
run_7bb9e2d6,internal,tbound_cifar10,2026-02-01T12:45:39.981281+00:00,vision,cifar10,cnn,10,4500,0.1,n_d_lr_grid,400000,0.003,128,0.0001,adam,10000,0.3,0.331323,8363,78.79,0.005472,108000000000,0.031323,LOW
run_837bf43d,internal,tbound_cifar10,2026-02-01T13:05:39.981281+00:00,vision,cifar10,cnn,10,4500,0.1,n_d_lr_grid,400000,0.001,128,0.0001,adam,10000,0.502924,0.529796,9556,131.49,0.009132,108000000000,0.026872,LOW
run_19e67f37,internal,tbound_cifar10,2026-02-01T13:25:39.981281+00:00,vision,cifar10,cnn,10,4500,0.1,n_d_lr_grid,400000,0.0003,128,0.0001,adam,10000,0.3,0.368324,8955,85.6,0.005945,108000000000,0.068324,MEDIUM
run_17d91978,internal,tbound_cifar10,2026-02-01T13:45:39.981281+00:00,vision,cifar10,cnn,10,4500,0.1,n_d_lr_grid,400000,0.0001,128,0.0001,adam,10000,0.3,0.322757,8021,137.98,0.009582,108000000000,0.022757,LOW
run_716e2c9a,internal,tbound_cifar10,2026-02-01T14:05:39.981281+00:00,vision,cifar10,cnn,10,4500,0.1,n_d_lr_grid,400000,3e-05,128,0.0001,adam,10000,0.3,0.346405,8500,119.2,0.008278,108000000000,0.046405,LOW
run_66607124,internal,tbound_cifar10,2026-02-01T14:25:39.981281+00:00,vision,cifar10,cnn,10,4500,0.1,n_d_lr_grid,710000,0.01,128,0.0001,adam,10000,0.3,0.377871,7161,170.76,0.011858,191700000000,0.077871,MEDIUM
run_76acb0cd,internal,tbound_cifar10,2026-02-01T14:45:39.981281+00:00,vision,cifar10,cnn,10,4500,0.1,n_d_lr_grid,710000,0.003,128,0.0001,adam,10000,0.3,0.337661,7815,184.4,0.012806,191700000000,0.037661,LOW
run_fcb5cac7,internal,tbound_cifar10,2026-02-01T15:05:39.981281+00:00,vision,cifar10,cnn,10,4500,0.1,n_d_lr_grid,710000,0.001,128,0.0001,adam,10000,0.498856,0.531714,8275,152.34,0.010579,191700000000,0.032858,LOW
run_6109ba78,internal,tbound_cifar10,2026-02-01T15:25:39.981281+00:00,vision,cifar10,cnn,10,4500,0.1,n_d_lr_grid,710000,0.0003,128,0.0001,adam,10000,0.3,0.313166,9767,130.28,0.009047,191700000000,0.013166,LOW
run_b6660162,internal,tbound_cifar10,2026-02-01T15:45:39.981281+00:00,vision,cifar10,cnn,10,4500,0.1,n_d_lr_grid,710000,0.0001,128,0.0001,adam,10000,0.3,0.362312,7791,149.57,0.010387,191700000000,0.062312,MEDIUM
run_07b945fc,internal,tbound_cifar10,2026-02-01T16:05:39.981281+00:00,vision,cifar10,cnn,10,4500,0.1,n_d_lr_grid,710000,3e-05,128,0.0001,adam,10000,0.3,0.334973,7379,126.28,0.00877,191700000000,0.034973,LOW
run_d41fc4a3,internal,tbound_cifar10,2026-02-01T16:25:39.981281+00:00,vision,cifar10,cnn,10,4500,0.1,n_d_lr_grid,1600000,0.01,128,0.0001,adam,10000,0.3,0.32932,7064,216.66,0.015046,432000000000,0.02932,LOW
run_83f4e56b,internal,tbound_cifar10,2026-02-01T16:45:39.981281+00:00,vision,cifar10,cnn,10,4500,0.1,n_d_lr_grid,1600000,0.003,128,0.0001,adam,10000,0.3,0.311095,8152,228.11,0.015841,432000000000,0.011095,LOW
run_aab7b48d,internal,tbound_cifar10,2026-02-01T17:05:39.981281+00:00,vision,cifar10,cnn,10,4500,0.1,n_d_lr_grid,1600000,0.001,128,0.0001,adam,10000,0.477034,0.500944,8162,190.5,0.013229,432000000000,0.02391,LOW
run_281963aa,internal,tbound_cifar10,2026-02-01T17:25:39.981281+00:00,vision,cifar10,cnn,10,4500,0.1,n_d_lr_grid,1600000,0.0003,128,0.0001,adam,10000,0.3,0.323919,7418,254.02,0.01764,432000000000,0.023919,LOW
run_473d18fa,internal,tbound_cifar10,2026-02-01T17:45:39.981281+00:00,vision,cifar10,cnn,10,4500,0.1,n_d_lr_grid,1600000,0.0001,128,0.0001,adam,10000,0.3,0.363989,9278,196.66,0.013657,432000000000,0.063989,MEDIUM
run_cce6246c,internal,tbound_cifar10,2026-02-01T18:05:39.981281+00:00,vision,cifar10,cnn,10,4500,0.1,n_d_lr_grid,1600000,3e-05,128,0.0001,adam,10000,0.3,0.355575,7200,272.35,0.018913,432000000000,0.055575,MEDIUM
run_e72feeba,internal,tbound_cifar10,2026-02-01T18:25:39.981281+00:00,vision,cifar10,cnn,10,4500,0.1,n_d_lr_grid,2840000,0.01,128,0.0001,adam,10000,0.3,0.353631,7502,343.78,0.023874,766800000000,0.053631,MEDIUM
run_75c42b32,internal,tbound_cifar10,2026-02-01T18:45:39.981281+00:00,vision,cifar10,cnn,10,4500,0.1,n_d_lr_grid,2840000,0.003,128,0.0001,adam,10000,0.3,0.331769,9146,343.27,0.023838,766800000000,0.031769,LOW
run_13e249b7,internal,tbound_cifar10,2026-02-01T19:05:39.981281+00:00,vision,cifar10,cnn,10,4500,0.1,n_d_lr_grid,2840000,0.001,128,0.0001,adam,10000,0.460392,0.511783,8570,338.72,0.023523,766800000000,0.051391,MEDIUM
run_7e20e3f2,internal,tbound_cifar10,2026-02-01T19:25:39.981281+00:00,vision,cifar10,cnn,10,4500,0.1,n_d_lr_grid,2840000,0.0003,128,0.0001,adam,10000,0.317803,0.360858,8485,324.76,0.022553,766800000000,0.043055,LOW
run_848d2e89,internal,tbound_cifar10,2026-02-01T19:45:39.981281+00:00,vision,cifar10,cnn,10,4500,0.1,n_d_lr_grid,2840000,0.0001,128,0.0001,adam,10000,0.3,0.369424,7502,378.96,0.026316,766800000000,0.069424,MEDIUM
run_7f1bd31e,internal,tbound_cifar10,2026-02-01T20:05:39.981281+00:00,vision,cifar10,cnn,10,4500,0.1,n_d_lr_grid,2840000,3e-05,128,0.0001,adam,10000,0.3,0.363968,7392,358.44,0.024892,766800000000,0.063968,MEDIUM
run_504bf63a,internal,tbound_cifar10,2026-02-01T20:25:39.981281+00:00,vision,cifar10,cnn,10,9000,0.2,n_d_lr_grid,45000,0.01,128,0.0001,adam,10000,0.3,0.359746,9939,44.48,0.003089,12150000000,0.059746,MEDIUM
run_6a44be8e,internal,tbound_cifar10,2026-02-01T20:45:39.981281+00:00,vision,cifar10,cnn,10,9000,0.2,n_d_lr_grid,45000,0.003,128,0.0001,adam,10000,0.421493,0.439045,9790,37.33,0.002592,12150000000,0.017552,LOW
run_d262fa50,internal,tbound_cifar10,2026-02-01T21:05:39.981281+00:00,vision,cifar10,cnn,10,9000,0.2,n_d_lr_grid,45000,0.001,128,0.0001,adam,10000,0.558484,0.60176,8923,85.19,0.005916,12150000000,0.043276,LOW
run_b46d9952,internal,tbound_cifar10,2026-02-01T21:25:39.981281+00:00,vision,cifar10,cnn,10,9000,0.2,n_d_lr_grid,45000,0.0003,128,0.0001,adam,10000,0.3,0.37353,9796,56.94,0.003954,12150000000,0.07353,MEDIUM
run_85e974e0,internal,tbound_cifar10,2026-02-01T21:45:39.981281+00:00,vision,cifar10,cnn,10,9000,0.2,n_d_lr_grid,45000,0.0001,128,0.0001,adam,10000,0.3,0.347789,9572,52.78,0.003665,12150000000,0.047789,LOW
run_f0ea64d1,internal,tbound_cifar10,2026-02-01T22:05:39.981281+00:00,vision,cifar10,cnn,10,9000,0.2,n_d_lr_grid,45000,3e-05,128,0.0001,adam,10000,0.3,0.315389,8819,60.58,0.004207,12150000000,0.015389,LOW
run_b7369a7d,internal,tbound_cifar10,2026-02-01T22:25:39.981281+00:00,vision,cifar10,cnn,10,9000,0.2,n_d_lr_grid,180000,0.01,128,0.0001,adam,10000,0.3,0.375079,9693,120.73,0.008384,48600000000,0.075079,MEDIUM
run_f1bdf711,internal,tbound_cifar10,2026-02-01T22:45:39.981281+00:00,vision,cifar10,cnn,10,9000,0.2,n_d_lr_grid,180000,0.003,128,0.0001,adam,10000,0.3,0.341957,8363,67.66,0.004699,48600000000,0.041957,LOW
run_d413be9b,internal,tbound_cifar10,2026-02-01T23:05:39.981281+00:00,vision,cifar10,cnn,10,9000,0.2,n_d_lr_grid,180000,0.001,128,0.0001,adam,10000,0.600293,0.672772,8529,96.54,0.006704,48600000000,0.072479,MEDIUM
run_56c9a1d4,internal,tbound_cifar10,2026-02-01T23:25:39.981281+00:00,vision,cifar10,cnn,10,9000,0.2,n_d_lr_grid,180000,0.0003,128,0.0001,adam,10000,0.3,0.318546,9237,80.07,0.00556,48600000000,0.018546,LOW
run_226750c5,internal,tbound_cifar10,2026-02-01T23:45:39.981281+00:00,vision,cifar10,cnn,10,9000,0.2,n_d_lr_grid,180000,0.0001,128,0.0001,adam,10000,0.3,0.317704,9680,68.51,0.004758,48600000000,0.017704,LOW
run_06f6ca53,internal,tbound_cifar10,2026-02-02T00:05:39.981281+00:00,vision,cifar10,cnn,10,9000,0.2,n_d_lr_grid,180000,3e-05,128,0.0001,adam,10000,0.3,0.367261,7709,125.47,0.008713,48600000000,0.067261,MEDIUM
run_5b93e204,internal,tbound_cifar10,2026-02-02T00:25:39.981281+00:00,vision,cifar10,cnn,10,9000,0.2,n_d_lr_grid,400000,0.01,128,0.0001,adam,10000,0.3,0.345752,8257,107.57,0.00747,108000000000,0.045752,LOW
run_4264cfa9,internal,tbound_cifar10,2026-02-02T00:45:39.981281+00:00,vision,cifar10,cnn,10,9000,0.2,n_d_lr_grid,400000,0.003,128,0.0001,adam,10000,0.3,0.333633,8631,154.86,0.010754,108000000000,0.033633,LOW
run_35e4ef98,internal,tbound_cifar10,2026-02-02T01:05:39.981281+00:00,vision,cifar10,cnn,10,9000,0.2,n_d_lr_grid,400000,0.001,128,0.0001,adam,10000,0.598233,0.6473,8853,106.35,0.007385,108000000000,0.049067,LOW
run_fdbda44f,internal,tbound_cifar10,2026-02-02T01:25:39.981281+00:00,vision,cifar10,cnn,10,9000,0.2,n_d_lr_grid,400000,0.0003,128,0.0001,adam,10000,0.3,0.378025,8636,156.62,0.010876,108000000000,0.078025,MEDIUM
run_0feb5a6e,internal,tbound_cifar10,2026-02-02T01:45:39.981281+00:00,vision,cifar10,cnn,10,9000,0.2,n_d_lr_grid,400000,0.0001,128,0.0001,adam,10000,0.3,0.329939,9160,73.32,0.005092,108000000000,0.029939,LOW
run_c0c1ca00,internal,tbound_cifar10,2026-02-02T02:05:39.981281+00:00,vision,cifar10,cnn,10,9000,0.2,n_d_lr_grid,400000,3e-05,128,0.0001,adam,10000,0.3,0.378363,7854,106.99,0.00743,108000000000,0.078363,MEDIUM
run_a6c22579,internal,tbound_cifar10,2026-02-02T02:25:39.981281+00:00,vision,cifar10,cnn,10,9000,0.2,n_d_lr_grid,710000,0.01,128,0.0001,adam,10000,0.3,0.329505,8661,182.74,0.012691,191700000000,0.029505,LOW
run_1b08d704,internal,tbound_cifar10,2026-02-02T02:45:39.981281+00:00,vision,cifar10,cnn,10,9000,0.2,n_d_lr_grid,710000,0.003,128,0.0001,adam,10000,0.3,0.320143,8695,145.05,0.010073,191700000000,0.020143,LOW
run_4ffdcf7b,internal,tbound_cifar10,2026-02-02T03:05:39.981281+00:00,vision,cifar10,cnn,10,9000,0.2,n_d_lr_grid,710000,0.001,128,0.0001,adam,10000,0.594608,0.643311,7202,154.34,0.010718,191700000000,0.048703,LOW
run_54e2715b,internal,tbound_cifar10,2026-02-02T03:25:39.981281+00:00,vision,cifar10,cnn,10,9000,0.2,n_d_lr_grid,710000,0.0003,128,0.0001,adam,10000,0.3,0.335876,7293,122.79,0.008527,191700000000,0.035876,LOW
run_76ae7a91,internal,tbound_cifar10,2026-02-02T03:45:39.981281+00:00,vision,cifar10,cnn,10,9000,0.2,n_d_lr_grid,710000,0.0001,128,0.0001,adam,10000,0.3,0.335745,7197,157.91,0.010966,191700000000,0.035745,LOW
run_5e1d1b5c,internal,tbound_cifar10,2026-02-02T04:05:39.981281+00:00,vision,cifar10,cnn,10,9000,0.2,n_d_lr_grid,710000,3e-05,128,0.0001,adam,10000,0.3,0.337918,9191,174.48,0.012117,191700000000,0.037918,LOW
run_d2873dfb,internal,tbound_cifar10,2026-02-02T04:25:39.981281+00:00,vision,cifar10,cnn,10,9000,0.2,n_d_lr_grid,1600000,0.01,128,0.0001,adam,10000,0.3,0.368471,9511,218.87,0.015199,432000000000,0.068471,MEDIUM
run_1f9af200,internal,tbound_cifar10,2026-02-02T04:45:39.981281+00:00,vision,cifar10,cnn,10,9000,0.2,n_d_lr_grid,1600000,0.003,128,0.0001,adam,10000,0.3,0.312854,8955,243.18,0.016888,432000000000,0.012854,LOW
run_32b8772a,internal,tbound_cifar10,2026-02-02T05:05:39.981281+00:00,vision,cifar10,cnn,10,9000,0.2,n_d_lr_grid,1600000,0.001,128,0.0001,adam,10000,0.572445,0.583607,7146,236.09,0.016395,432000000000,0.011161,LOW
run_dd24ffb2,internal,tbound_cifar10,2026-02-02T05:25:39.981281+00:00,vision,cifar10,cnn,10,9000,0.2,n_d_lr_grid,1600000,0.0003,128,0.0001,adam,10000,0.355246,0.389652,7488,198.66,0.013796,432000000000,0.034407,LOW
run_1db5e2c7,internal,tbound_cifar10,2026-02-02T05:45:39.981281+00:00,vision,cifar10,cnn,10,9000,0.2,n_d_lr_grid,1600000,0.0001,128,0.0001,adam,10000,0.3,0.358366,9385,224.81,0.015612,432000000000,0.058366,MEDIUM
run_ce0a3703,internal,tbound_cifar10,2026-02-02T06:05:39.981281+00:00,vision,cifar10,cnn,10,9000,0.2,n_d_lr_grid,1600000,3e-05,128,0.0001,adam,10000,0.3,0.36864,9520,250.81,0.017418,432000000000,0.06864,MEDIUM
run_7cf5323e,internal,tbound_cifar10,2026-02-02T06:25:39.981281+00:00,vision,cifar10,cnn,10,9000,0.2,n_d_lr_grid,2840000,0.01,128,0.0001,adam,10000,0.3,0.324635,8634,362.73,0.02519,766800000000,0.024635,LOW
run_78ce032e,internal,tbound_cifar10,2026-02-02T06:45:39.981281+00:00,vision,cifar10,cnn,10,9000,0.2,n_d_lr_grid,2840000,0.003,128,0.0001,adam,10000,0.3,0.325999,7623,329.75,0.022899,766800000000,0.025999,LOW
run_8a1e793f,internal,tbound_cifar10,2026-02-02T07:05:39.981281+00:00,vision,cifar10,cnn,10,9000,0.2,n_d_lr_grid,2840000,0.001,128,0.0001,adam,10000,0.556794,0.605658,9049,361.67,0.025116,766800000000,0.048864,LOW
run_3a661912,internal,tbound_cifar10,2026-02-02T07:25:39.981281+00:00,vision,cifar10,cnn,10,9000,0.2,n_d_lr_grid,2840000,0.0003,128,0.0001,adam,10000,0.414205,0.493943,7452,400.89,0.027839,766800000000,0.079738,MEDIUM
run_60cbccd1,internal,tbound_cifar10,2026-02-02T07:45:39.981281+00:00,vision,cifar10,cnn,10,9000,0.2,n_d_lr_grid,2840000,0.0001,128,0.0001,adam,10000,0.3,0.373029,9056,370.98,0.025762,766800000000,0.073029,MEDIUM
run_bc820b10,internal,tbound_cifar10,2026-02-02T08:05:39.981281+00:00,vision,cifar10,cnn,10,9000,0.2,n_d_lr_grid,2840000,3e-05,128,0.0001,adam,10000,0.3,0.329521,9255,377.03,0.026183,766800000000,0.029521,LOW
run_b4889b0e,internal,tbound_cifar10,2026-02-02T08:25:39.981281+00:00,vision,cifar10,cnn,10,15749,0.35,n_d_lr_grid,45000,0.01,128,0.0001,adam,10000,0.3,0.372798,8696,114.34,0.00794,12150000000,0.072798,MEDIUM
run_7c8093d4,internal,tbound_cifar10,2026-02-02T08:45:39.981281+00:00,vision,cifar10,cnn,10,15749,0.35,n_d_lr_grid,45000,0.003,128,0.0001,adam,10000,0.51061,0.565552,8443,42.07,0.002922,12150000000,0.054942,MEDIUM
run_d0d81b81,internal,tbound_cifar10,2026-02-02T09:05:39.981281+00:00,vision,cifar10,cnn,10,15749,0.35,n_d_lr_grid,45000,0.001,128,0.0001,adam,10000,0.647601,0.7205,9557,89.08,0.006186,12150000000,0.072899,MEDIUM
run_ccecd5a4,internal,tbound_cifar10,2026-02-02T09:25:39.981281+00:00,vision,cifar10,cnn,10,15749,0.35,n_d_lr_grid,45000,0.0003,128,0.0001,adam,10000,0.3,0.375809,9961,122.13,0.008481,12150000000,0.075809,MEDIUM
run_eb150e1a,internal,tbound_cifar10,2026-02-02T09:45:39.981281+00:00,vision,cifar10,cnn,10,15749,0.35,n_d_lr_grid,45000,0.0001,128,0.0001,adam,10000,0.3,0.321257,9869,83.89,0.005825,12150000000,0.021257,LOW
run_b88b761e,internal,tbound_cifar10,2026-02-02T10:05:39.981281+00:00,vision,cifar10,cnn,10,15749,0.35,n_d_lr_grid,45000,3e-05,128,0.0001,adam,10000,0.3,0.34139,7160,124.0,0.008611,12150000000,0.04139,LOW
run_24a72a10,internal,tbound_cifar10,2026-02-02T10:25:39.981281+00:00,vision,cifar10,cnn,10,15749,0.35,n_d_lr_grid,180000,0.01,128,0.0001,adam,10000,0.3,0.311265,7815,92.45,0.00642,48600000000,0.011265,LOW
run_e830e3ee,internal,tbound_cifar10,2026-02-02T10:45:39.981281+00:00,vision,cifar10,cnn,10,15749,0.35,n_d_lr_grid,180000,0.003,128,0.0001,adam,10000,0.38934,0.451595,8158,106.47,0.007394,48600000000,0.062254,MEDIUM
run_09e69a52,internal,tbound_cifar10,2026-02-02T11:05:39.981281+00:00,vision,cifar10,cnn,10,15749,0.35,n_d_lr_grid,180000,0.001,128,0.0001,adam,10000,0.690816,0.751281,9735,75.73,0.005259,48600000000,0.060466,MEDIUM
run_7193104a,internal,tbound_cifar10,2026-02-02T11:25:39.981281+00:00,vision,cifar10,cnn,10,15749,0.35,n_d_lr_grid,180000,0.0003,128,0.0001,adam,10000,0.3,0.316557,8045,81.09,0.005632,48600000000,0.016557,LOW
run_f8fd14e2,internal,tbound_cifar10,2026-02-02T11:45:39.981281+00:00,vision,cifar10,cnn,10,15749,0.35,n_d_lr_grid,180000,0.0001,128,0.0001,adam,10000,0.3,0.327079,7562,135.57,0.009415,48600000000,0.027079,LOW
run_81e20c95,internal,tbound_cifar10,2026-02-02T12:05:39.981281+00:00,vision,cifar10,cnn,10,15749,0.35,n_d_lr_grid,180000,3e-05,128,0.0001,adam,10000,0.3,0.372443,7225,104.8,0.007278,48600000000,0.072443,MEDIUM
run_aa8381a7,internal,tbound_cifar10,2026-02-02T12:25:39.981281+00:00,vision,cifar10,cnn,10,15749,0.35,n_d_lr_grid,400000,0.01,128,0.0001,adam,10000,0.3,0.334505,9926,128.06,0.008893,108000000000,0.034505,LOW
run_1d501834,internal,tbound_cifar10,2026-02-02T12:45:39.981281+00:00,vision,cifar10,cnn,10,15749,0.35,n_d_lr_grid,400000,0.003,128,0.0001,adam,10000,0.3,0.344476,7815,87.57,0.006081,108000000000,0.044476,LOW
run_bb89e895,internal,tbound_cifar10,2026-02-02T13:05:39.981281+00:00,vision,cifar10,cnn,10,15749,0.35,n_d_lr_grid,400000,0.001,128,0.0001,adam,10000,0.688186,0.71784,7016,72.19,0.005013,108000000000,0.029654,LOW
run_b665d059,internal,tbound_cifar10,2026-02-02T13:25:39.981281+00:00,vision,cifar10,cnn,10,15749,0.35,n_d_lr_grid,400000,0.0003,128,0.0001,adam,10000,0.3,0.379619,8069,112.3,0.007798,108000000000,0.079619,MEDIUM
run_39908022,internal,tbound_cifar10,2026-02-02T13:45:39.981281+00:00,vision,cifar10,cnn,10,15749,0.35,n_d_lr_grid,400000,0.0001,128,0.0001,adam,10000,0.3,0.374041,8768,103.31,0.007175,108000000000,0.074041,MEDIUM
run_dd0456af,internal,tbound_cifar10,2026-02-02T14:05:39.981281+00:00,vision,cifar10,cnn,10,15749,0.35,n_d_lr_grid,400000,3e-05,128,0.0001,adam,10000,0.3,0.376715,7301,99.77,0.006928,108000000000,0.076715,MEDIUM
run_db362a6f,internal,tbound_cifar10,2026-02-02T14:25:39.981281+00:00,vision,cifar10,cnn,10,15749,0.35,n_d_lr_grid,710000,0.01,128,0.0001,adam,10000,0.3,0.377666,7992,187.73,0.013037,191700000000,0.077666,MEDIUM
run_313ecfac,internal,tbound_cifar10,2026-02-02T14:45:39.981281+00:00,vision,cifar10,cnn,10,15749,0.35,n_d_lr_grid,710000,0.003,128,0.0001,adam,10000,0.3,0.315274,9975,128.51,0.008924,191700000000,0.015274,LOW
run_d3905800,internal,tbound_cifar10,2026-02-02T15:05:39.981281+00:00,vision,cifar10,cnn,10,15749,0.35,n_d_lr_grid,710000,0.001,128,0.0001,adam,10000,0.68498,0.75456,7127,129.52,0.008995,191700000000,0.06958,MEDIUM
run_5010505b,internal,tbound_cifar10,2026-02-02T15:25:39.981281+00:00,vision,cifar10,cnn,10,15749,0.35,n_d_lr_grid,710000,0.0003,128,0.0001,adam,10000,0.362133,0.398221,9613,136.52,0.009481,191700000000,0.036088,LOW
run_1dbbfe5f,internal,tbound_cifar10,2026-02-02T15:45:39.981281+00:00,vision,cifar10,cnn,10,15749,0.35,n_d_lr_grid,710000,0.0001,128,0.0001,adam,10000,0.3,0.358722,7625,152.31,0.010577,191700000000,0.058722,MEDIUM
run_e322dd92,internal,tbound_cifar10,2026-02-02T16:05:39.981281+00:00,vision,cifar10,cnn,10,15749,0.35,n_d_lr_grid,710000,3e-05,128,0.0001,adam,10000,0.3,0.353051,7154,190.1,0.013202,191700000000,0.053051,MEDIUM
run_02e7593b,internal,tbound_cifar10,2026-02-02T16:25:39.981281+00:00,vision,cifar10,cnn,10,15749,0.35,n_d_lr_grid,1600000,0.01,128,0.0001,adam,10000,0.3,0.33067,7245,219.03,0.01521,432000000000,0.03067,LOW
run_20622381,internal,tbound_cifar10,2026-02-02T16:45:39.981281+00:00,vision,cifar10,cnn,10,15749,0.35,n_d_lr_grid,1600000,0.003,128,0.0001,adam,10000,0.3,0.335164,9806,216.42,0.015029,432000000000,0.035164,LOW
run_f68b5a13,internal,tbound_cifar10,2026-02-02T17:05:39.981281+00:00,vision,cifar10,cnn,10,15749,0.35,n_d_lr_grid,1600000,0.001,128,0.0001,adam,10000,0.662496,0.70188,9455,213.06,0.014796,432000000000,0.039385,LOW
run_336a53db,internal,tbound_cifar10,2026-02-02T17:25:39.981281+00:00,vision,cifar10,cnn,10,15749,0.35,n_d_lr_grid,1600000,0.0003,128,0.0001,adam,10000,0.445296,0.519223,7035,236.02,0.01639,432000000000,0.073927,MEDIUM
run_309b89d5,internal,tbound_cifar10,2026-02-02T17:45:39.981281+00:00,vision,cifar10,cnn,10,15749,0.35,n_d_lr_grid,1600000,0.0001,128,0.0001,adam,10000,0.3,0.365881,9559,248.5,0.017257,432000000000,0.065881,MEDIUM
run_84bc7358,internal,tbound_cifar10,2026-02-02T18:05:39.981281+00:00,vision,cifar10,cnn,10,15749,0.35,n_d_lr_grid,1600000,3e-05,128,0.0001,adam,10000,0.3,0.337775,8906,194.57,0.013512,432000000000,0.037775,LOW
run_f5839b6b,internal,tbound_cifar10,2026-02-02T18:25:39.981281+00:00,vision,cifar10,cnn,10,15749,0.35,n_d_lr_grid,2840000,0.01,128,0.0001,adam,10000,0.3,0.33366,7833,347.8,0.024153,766800000000,0.03366,LOW
run_5b634a9e,internal,tbound_cifar10,2026-02-02T18:45:39.981281+00:00,vision,cifar10,cnn,10,15749,0.35,n_d_lr_grid,2840000,0.003,128,0.0001,adam,10000,0.3,0.340693,7050,374.48,0.026006,766800000000,0.040693,LOW
run_55fae51b,internal,tbound_cifar10,2026-02-02T19:05:39.981281+00:00,vision,cifar10,cnn,10,15749,0.35,n_d_lr_grid,2840000,0.001,128,0.0001,adam,10000,0.647778,0.69037,8148,362.84,0.025197,766800000000,0.042592,LOW
run_c00f2e0a,internal,tbound_cifar10,2026-02-02T19:25:39.981281+00:00,vision,cifar10,cnn,10,15749,0.35,n_d_lr_grid,2840000,0.0003,128,0.0001,adam,10000,0.50519,0.573915,9352,391.44,0.027183,766800000000,0.068725,MEDIUM
run_0d011ea9,internal,tbound_cifar10,2026-02-02T19:45:39.981281+00:00,vision,cifar10,cnn,10,15749,0.35,n_d_lr_grid,2840000,0.0001,128,0.0001,adam,10000,0.3,0.312614,8077,388.03,0.026947,766800000000,0.012614,LOW
run_b709a6d4,internal,tbound_cifar10,2026-02-02T20:05:39.981281+00:00,vision,cifar10,cnn,10,15749,0.35,n_d_lr_grid,2840000,3e-05,128,0.0001,adam,10000,0.3,0.347596,9311,343.4,0.023847,766800000000,0.047596,LOW
run_2c0fdb3c,internal,tbound_cifar10,2026-02-02T20:25:39.981281+00:00,vision,cifar10,cnn,10,22500,0.5,n_d_lr_grid,45000,0.01,128,0.0001,adam,10000,0.3,0.3639,7004,53.92,0.003745,12150000000,0.0639,MEDIUM
run_e654f65c,internal,tbound_cifar10,2026-02-02T20:45:39.981281+00:00,vision,cifar10,cnn,10,22500,0.5,n_d_lr_grid,45000,0.003,128,0.0001,adam,10000,0.574271,0.61628,7991,110.28,0.007658,12150000000,0.042009,LOW
run_26adf0ca,internal,tbound_cifar10,2026-02-02T21:05:39.981281+00:00,vision,cifar10,cnn,10,22500,0.5,n_d_lr_grid,45000,0.001,128,0.0001,adam,10000,0.711262,0.758457,9870,83.16,0.005775,12150000000,0.047195,LOW
run_e439adda,internal,tbound_cifar10,2026-02-02T21:25:39.981281+00:00,vision,cifar10,cnn,10,22500,0.5,n_d_lr_grid,45000,0.0003,128,0.0001,adam,10000,0.3,0.319685,7369,46.45,0.003225,12150000000,0.019685,LOW
run_16beb49b,internal,tbound_cifar10,2026-02-02T21:45:39.981281+00:00,vision,cifar10,cnn,10,22500,0.5,n_d_lr_grid,45000,0.0001,128,0.0001,adam,10000,0.3,0.346141,7656,63.57,0.004414,12150000000,0.046141,LOW
run_0959d8c8,internal,tbound_cifar10,2026-02-02T22:05:39.981281+00:00,vision,cifar10,cnn,10,22500,0.5,n_d_lr_grid,45000,3e-05,128,0.0001,adam,10000,0.3,0.337917,8081,73.52,0.005105,12150000000,0.037917,LOW
run_ebb54ca7,internal,tbound_cifar10,2026-02-02T22:25:39.981281+00:00,vision,cifar10,cnn,10,22500,0.5,n_d_lr_grid,180000,0.01,128,0.0001,adam,10000,0.3,0.315492,7116,50.28,0.003492,48600000000,0.015492,LOW
run_42d2a932,internal,tbound_cifar10,2026-02-02T22:45:39.981281+00:00,vision,cifar10,cnn,10,22500,0.5,n_d_lr_grid,180000,0.003,128,0.0001,adam,10000,0.454006,0.469667,8931,86.55,0.00601,48600000000,0.015661,LOW
run_1dd31c2e,internal,tbound_cifar10,2026-02-02T23:05:39.981281+00:00,vision,cifar10,cnn,10,22500,0.5,n_d_lr_grid,180000,0.001,128,0.0001,adam,10000,0.755481,0.794108,7512,63.6,0.004416,48600000000,0.038627,LOW
run_4f72b5cc,internal,tbound_cifar10,2026-02-02T23:25:39.981281+00:00,vision,cifar10,cnn,10,22500,0.5,n_d_lr_grid,180000,0.0003,128,0.0001,adam,10000,0.3,0.340965,8141,69.58,0.004832,48600000000,0.040965,LOW
run_80981513,internal,tbound_cifar10,2026-02-02T23:45:39.981281+00:00,vision,cifar10,cnn,10,22500,0.5,n_d_lr_grid,180000,0.0001,128,0.0001,adam,10000,0.3,0.360022,7896,107.42,0.00746,48600000000,0.060022,MEDIUM
run_af175c8b,internal,tbound_cifar10,2026-02-03T00:05:39.981281+00:00,vision,cifar10,cnn,10,22500,0.5,n_d_lr_grid,180000,3e-05,128,0.0001,adam,10000,0.3,0.376841,8470,114.41,0.007945,48600000000,0.076841,MEDIUM
run_1067e9ee,internal,tbound_cifar10,2026-02-03T00:25:39.981281+00:00,vision,cifar10,cnn,10,22500,0.5,n_d_lr_grid,400000,0.01,128,0.0001,adam,10000,0.3,0.340497,7153,135.7,0.009424,108000000000,0.040497,LOW
run_fb1520ea,internal,tbound_cifar10,2026-02-03T00:45:39.981281+00:00,vision,cifar10,cnn,10,22500,0.5,n_d_lr_grid,400000,0.003,128,0.0001,adam,10000,0.356227,0.391145,9744,138.21,0.009598,108000000000,0.034918,LOW
run_b4dc0036,internal,tbound_cifar10,2026-02-03T01:05:39.981281+00:00,vision,cifar10,cnn,10,22500,0.5,n_d_lr_grid,400000,0.001,128,0.0001,adam,10000,0.752445,0.786377,8008,78.26,0.005435,108000000000,0.033932,LOW
run_057da846,internal,tbound_cifar10,2026-02-03T01:25:39.981281+00:00,vision,cifar10,cnn,10,22500,0.5,n_d_lr_grid,400000,0.0003,128,0.0001,adam,10000,0.354987,0.386786,7452,158.16,0.010983,108000000000,0.031799,LOW
run_3b147736,internal,tbound_cifar10,2026-02-03T01:45:39.981281+00:00,vision,cifar10,cnn,10,22500,0.5,n_d_lr_grid,400000,0.0001,128,0.0001,adam,10000,0.3,0.343192,9479,78.81,0.005473,108000000000,0.043192,LOW
run_387df5ee,internal,tbound_cifar10,2026-02-03T02:05:39.981281+00:00,vision,cifar10,cnn,10,22500,0.5,n_d_lr_grid,400000,3e-05,128,0.0001,adam,10000,0.3,0.366484,8757,101.17,0.007026,108000000000,0.066484,MEDIUM
run_6a8a6f1b,internal,tbound_cifar10,2026-02-03T02:25:39.981281+00:00,vision,cifar10,cnn,10,22500,0.5,n_d_lr_grid,710000,0.01,128,0.0001,adam,10000,0.3,0.355484,8781,105.33,0.007314,191700000000,0.055484,MEDIUM
run_94cfa700,internal,tbound_cifar10,2026-02-03T02:45:39.981281+00:00,vision,cifar10,cnn,10,22500,0.5,n_d_lr_grid,710000,0.003,128,0.0001,adam,10000,0.3,0.354457,9809,105.08,0.007297,191700000000,0.054457,MEDIUM
run_3110c618,internal,tbound_cifar10,2026-02-03T03:05:39.981281+00:00,vision,cifar10,cnn,10,22500,0.5,n_d_lr_grid,710000,0.001,128,0.0001,adam,10000,0.749537,0.824878,8015,146.09,0.010145,191700000000,0.075341,MEDIUM
run_a95b1b01,internal,tbound_cifar10,2026-02-03T03:25:39.981281+00:00,vision,cifar10,cnn,10,22500,0.5,n_d_lr_grid,710000,0.0003,128,0.0001,adam,10000,0.42669,0.482799,9839,115.66,0.008032,191700000000,0.056109,MEDIUM
run_b4a09f1f,internal,tbound_cifar10,2026-02-03T03:45:39.981281+00:00,vision,cifar10,cnn,10,22500,0.5,n_d_lr_grid,710000,0.0001,128,0.0001,adam,10000,0.3,0.376072,7895,185.98,0.012915,191700000000,0.076072,MEDIUM
run_1e642580,internal,tbound_cifar10,2026-02-03T04:05:39.981281+00:00,vision,cifar10,cnn,10,22500,0.5,n_d_lr_grid,710000,3e-05,128,0.0001,adam,10000,0.3,0.354548,8931,173.09,0.01202,191700000000,0.054548,MEDIUM
run_e051353a,internal,tbound_cifar10,2026-02-03T04:25:39.981281+00:00,vision,cifar10,cnn,10,22500,0.5,n_d_lr_grid,1600000,0.01,128,0.0001,adam,10000,0.3,0.337172,7956,247.9,0.017215,432000000000,0.037172,LOW
run_eef16c55,internal,tbound_cifar10,2026-02-03T04:45:39.981281+00:00,vision,cifar10,cnn,10,22500,0.5,n_d_lr_grid,1600000,0.003,128,0.0001,adam,10000,0.3,0.348193,8440,274.73,0.019079,432000000000,0.048193,LOW
run_feaf5f4b,internal,tbound_cifar10,2026-02-03T05:05:39.981281+00:00,vision,cifar10,cnn,10,22500,0.5,n_d_lr_grid,1600000,0.001,128,0.0001,adam,10000,0.726824,0.782428,7284,208.6,0.014486,432000000000,0.055604,MEDIUM
run_849a7733,internal,tbound_cifar10,2026-02-03T05:25:39.981281+00:00,vision,cifar10,cnn,10,22500,0.5,n_d_lr_grid,1600000,0.0003,128,0.0001,adam,10000,0.509624,0.524479,9546,199.07,0.013824,432000000000,0.014855,LOW
run_750208b5,internal,tbound_cifar10,2026-02-03T05:45:39.981281+00:00,vision,cifar10,cnn,10,22500,0.5,n_d_lr_grid,1600000,0.0001,128,0.0001,adam,10000,0.3,0.353278,7089,220.29,0.015298,432000000000,0.053278,MEDIUM
run_96ae6cde,internal,tbound_cifar10,2026-02-03T06:05:39.981281+00:00,vision,cifar10,cnn,10,22500,0.5,n_d_lr_grid,1600000,3e-05,128,0.0001,adam,10000,0.3,0.332328,8625,266.04,0.018475,432000000000,0.032328,LOW
run_86f98ec3,internal,tbound_cifar10,2026-02-03T06:25:39.981281+00:00,vision,cifar10,cnn,10,22500,0.5,n_d_lr_grid,2840000,0.01,128,0.0001,adam,10000,0.3,0.333844,7825,337.46,0.023435,766800000000,0.033844,LOW
run_4e581206,internal,tbound_cifar10,2026-02-03T06:45:39.981281+00:00,vision,cifar10,cnn,10,22500,0.5,n_d_lr_grid,2840000,0.003,128,0.0001,adam,10000,0.3,0.358772,7412,370.6,0.025736,766800000000,0.058772,MEDIUM
run_8c985b7e,internal,tbound_cifar10,2026-02-03T07:05:39.981281+00:00,vision,cifar10,cnn,10,22500,0.5,n_d_lr_grid,2840000,0.001,128,0.0001,adam,10000,0.712774,0.725517,9808,351.62,0.024418,766800000000,0.012743,LOW
run_ee50c64c,internal,tbound_cifar10,2026-02-03T07:25:39.981281+00:00,vision,cifar10,cnn,10,22500,0.5,n_d_lr_grid,2840000,0.0003,128,0.0001,adam,10000,0.570185,0.618543,9967,352.11,0.024452,766800000000,0.048358,LOW
run_63488e5f,internal,tbound_cifar10,2026-02-03T07:45:39.981281+00:00,vision,cifar10,cnn,10,22500,0.5,n_d_lr_grid,2840000,0.0001,128,0.0001,adam,10000,0.3,0.366478,8571,403.15,0.027996,766800000000,0.066478,MEDIUM
run_7c3a48a8,internal,tbound_cifar10,2026-02-03T08:05:39.981281+00:00,vision,cifar10,cnn,10,22500,0.5,n_d_lr_grid,2840000,3e-05,128,0.0001,adam,10000,0.3,0.336041,8687,383.88,0.026658,766800000000,0.036041,LOW
run_b6c78b85,internal,tbound_cifar10,2026-02-03T08:25:39.981281+00:00,vision,cifar10,cnn,10,33750,0.75,n_d_lr_grid,45000,0.01,128,0.0001,adam,10000,0.3,0.370698,8548,85.07,0.005908,12150000000,0.070698,MEDIUM
run_b962501e,internal,tbound_cifar10,2026-02-03T08:45:39.981281+00:00,vision,cifar10,cnn,10,33750,0.75,n_d_lr_grid,45000,0.003,128,0.0001,adam,10000,0.653882,0.715675,8821,55.94,0.003885,12150000000,0.061794,MEDIUM
run_339bff35,internal,tbound_cifar10,2026-02-03T09:05:39.981281+00:00,vision,cifar10,cnn,10,33750,0.75,n_d_lr_grid,45000,0.001,128,0.0001,adam,10000,0.790873,0.864052,8903,79.97,0.005554,12150000000,0.073179,MEDIUM
run_ada23d47,internal,tbound_cifar10,2026-02-03T09:25:39.981281+00:00,vision,cifar10,cnn,10,33750,0.75,n_d_lr_grid,45000,0.0003,128,0.0001,adam,10000,0.3,0.337273,9224,61.29,0.004256,12150000000,0.037273,LOW
run_95d865b8,internal,tbound_cifar10,2026-02-03T09:45:39.981281+00:00,vision,cifar10,cnn,10,33750,0.75,n_d_lr_grid,45000,0.0001,128,0.0001,adam,10000,0.3,0.313744,7075,120.77,0.008387,12150000000,0.013744,LOW
run_126c40f9,internal,tbound_cifar10,2026-02-03T10:05:39.981281+00:00,vision,cifar10,cnn,10,33750,0.75,n_d_lr_grid,45000,3e-05,128,0.0001,adam,10000,0.3,0.334843,9782,120.61,0.008376,12150000000,0.034843,LOW
run_f577ab18,internal,tbound_cifar10,2026-02-03T10:25:39.981281+00:00,vision,cifar10,cnn,10,33750,0.75,n_d_lr_grid,180000,0.01,128,0.0001,adam,10000,0.3,0.376543,8390,99.61,0.006917,48600000000,0.076543,MEDIUM
run_d3422bff,internal,tbound_cifar10,2026-02-03T10:45:39.981281+00:00,vision,cifar10,cnn,10,33750,0.75,n_d_lr_grid,180000,0.003,128,0.0001,adam,10000,0.534873,0.550703,7395,56.25,0.003906,48600000000,0.01583,LOW
run_519564d0,internal,tbound_cifar10,2026-02-03T11:05:39.981281+00:00,vision,cifar10,cnn,10,33750,0.75,n_d_lr_grid,180000,0.001,128,0.0001,adam,10000,0.836348,0.869354,8167,108.53,0.007537,48600000000,0.033007,LOW
run_34244c1a,internal,tbound_cifar10,2026-02-03T11:25:39.981281+00:00,vision,cifar10,cnn,10,33750,0.75,n_d_lr_grid,180000,0.0003,128,0.0001,adam,10000,0.335061,0.400334,8065,56.21,0.003903,48600000000,0.065273,MEDIUM
run_6c00693c,internal,tbound_cifar10,2026-02-03T11:45:39.981281+00:00,vision,cifar10,cnn,10,33750,0.75,n_d_lr_grid,180000,0.0001,128,0.0001,adam,10000,0.3,0.378197,7633,137.63,0.009558,48600000000,0.078197,MEDIUM
run_d2e2171b,internal,tbound_cifar10,2026-02-03T12:05:39.981281+00:00,vision,cifar10,cnn,10,33750,0.75,n_d_lr_grid,180000,3e-05,128,0.0001,adam,10000,0.3,0.340907,7234,127.89,0.008881,48600000000,0.040907,LOW
run_567d6955,internal,tbound_cifar10,2026-02-03T12:25:39.981281+00:00,vision,cifar10,cnn,10,33750,0.75,n_d_lr_grid,400000,0.01,128,0.0001,adam,10000,0.3,0.359408,7953,157.18,0.010915,108000000000,0.059408,MEDIUM
run_f912f43e,internal,tbound_cifar10,2026-02-03T12:45:39.981281+00:00,vision,cifar10,cnn,10,33750,0.75,n_d_lr_grid,400000,0.003,128,0.0001,adam,10000,0.436585,0.48986,8542,79.1,0.005493,108000000000,0.053275,MEDIUM
run_df1d2364,internal,tbound_cifar10,2026-02-03T13:05:39.981281+00:00,vision,cifar10,cnn,10,33750,0.75,n_d_lr_grid,400000,0.001,128,0.0001,adam,10000,0.832803,0.872629,8416,90.03,0.006252,108000000000,0.039826,LOW
run_af216b1f,internal,tbound_cifar10,2026-02-03T13:25:39.981281+00:00,vision,cifar10,cnn,10,33750,0.75,n_d_lr_grid,400000,0.0003,128,0.0001,adam,10000,0.435345,0.502875,8540,133.56,0.009275,108000000000,0.06753,MEDIUM
run_092a496d,internal,tbound_cifar10,2026-02-03T13:45:39.981281+00:00,vision,cifar10,cnn,10,33750,0.75,n_d_lr_grid,400000,0.0001,128,0.0001,adam,10000,0.3,0.345933,8519,90.99,0.006319,108000000000,0.045933,LOW
run_394284c7,internal,tbound_cifar10,2026-02-03T14:05:39.981281+00:00,vision,cifar10,cnn,10,33750,0.75,n_d_lr_grid,400000,3e-05,128,0.0001,adam,10000,0.3,0.37042,8680,149.23,0.010363,108000000000,0.07042,MEDIUM
run_6a1af128,internal,tbound_cifar10,2026-02-03T14:25:39.981281+00:00,vision,cifar10,cnn,10,33750,0.75,n_d_lr_grid,710000,0.01,128,0.0001,adam,10000,0.3,0.376307,8155,189.74,0.013176,191700000000,0.076307,MEDIUM
run_8c34b2fd,internal,tbound_cifar10,2026-02-03T14:45:39.981281+00:00,vision,cifar10,cnn,10,33750,0.75,n_d_lr_grid,710000,0.003,128,0.0001,adam,10000,0.365969,0.400485,8810,164.74,0.01144,191700000000,0.034515,LOW
run_d089469c,internal,tbound_cifar10,2026-02-03T15:05:39.981281+00:00,vision,cifar10,cnn,10,33750,0.75,n_d_lr_grid,710000,0.001,128,0.0001,adam,10000,0.830269,0.894669,7090,151.26,0.010504,191700000000,0.0644,MEDIUM
run_1004fe11,internal,tbound_cifar10,2026-02-03T15:25:39.981281+00:00,vision,cifar10,cnn,10,33750,0.75,n_d_lr_grid,710000,0.0003,128,0.0001,adam,10000,0.507422,0.534832,7172,130.72,0.009078,191700000000,0.027411,LOW
run_2f3bb849,internal,tbound_cifar10,2026-02-03T15:45:39.981281+00:00,vision,cifar10,cnn,10,33750,0.75,n_d_lr_grid,710000,0.0001,128,0.0001,adam,10000,0.3,0.310795,8081,143.18,0.009943,191700000000,0.010795,LOW
run_a6ac36d9,internal,tbound_cifar10,2026-02-03T16:05:39.981281+00:00,vision,cifar10,cnn,10,33750,0.75,n_d_lr_grid,710000,3e-05,128,0.0001,adam,10000,0.3,0.361868,7894,170.05,0.011809,191700000000,0.061868,MEDIUM
run_0b5df736,internal,tbound_cifar10,2026-02-03T16:25:39.981281+00:00,vision,cifar10,cnn,10,33750,0.75,n_d_lr_grid,1600000,0.01,128,0.0001,adam,10000,0.3,0.355445,8996,257.14,0.017857,432000000000,0.055445,MEDIUM
run_60a019df,internal,tbound_cifar10,2026-02-03T16:45:39.981281+00:00,vision,cifar10,cnn,10,33750,0.75,n_d_lr_grid,1600000,0.003,128,0.0001,adam,10000,0.3,0.326625,8531,226.02,0.015696,432000000000,0.026625,LOW
run_cb7823a7,internal,tbound_cifar10,2026-02-03T17:05:39.981281+00:00,vision,cifar10,cnn,10,33750,0.75,n_d_lr_grid,1600000,0.001,128,0.0001,adam,10000,0.807268,0.837268,7933,268.17,0.018623,432000000000,0.03,LOW
run_2c8db4e4,internal,tbound_cifar10,2026-02-03T17:25:39.981281+00:00,vision,cifar10,cnn,10,33750,0.75,n_d_lr_grid,1600000,0.0003,128,0.0001,adam,10000,0.590069,0.630612,7684,262.19,0.018208,432000000000,0.040544,LOW
run_d9d11d6d,internal,tbound_cifar10,2026-02-03T17:45:39.981281+00:00,vision,cifar10,cnn,10,33750,0.75,n_d_lr_grid,1600000,0.0001,128,0.0001,adam,10000,0.3,0.377892,8172,193.88,0.013464,432000000000,0.077892,MEDIUM
run_27116e01,internal,tbound_cifar10,2026-02-03T18:05:39.981281+00:00,vision,cifar10,cnn,10,33750,0.75,n_d_lr_grid,1600000,3e-05,128,0.0001,adam,10000,0.3,0.313038,9811,273.22,0.018973,432000000000,0.013038,LOW
run_3fa2040e,internal,tbound_cifar10,2026-02-03T18:25:39.981281+00:00,vision,cifar10,cnn,10,33750,0.75,n_d_lr_grid,2840000,0.01,128,0.0001,adam,10000,0.3,0.315166,8555,363.85,0.025267,766800000000,0.015166,LOW
run_14d47cd7,internal,tbound_cifar10,2026-02-03T18:45:39.981281+00:00,vision,cifar10,cnn,10,33750,0.75,n_d_lr_grid,2840000,0.003,128,0.0001,adam,10000,0.3,0.31528,8549,328.96,0.022844,766800000000,0.01528,LOW
run_cfa45b49,internal,tbound_cifar10,2026-02-03T19:05:39.981281+00:00,vision,cifar10,cnn,10,33750,0.75,n_d_lr_grid,2840000,0.001,128,0.0001,adam,10000,0.794053,0.824668,9703,403.62,0.02803,766800000000,0.030615,LOW
run_fa7c1d9e,internal,tbound_cifar10,2026-02-03T19:25:39.981281+00:00,vision,cifar10,cnn,10,33750,0.75,n_d_lr_grid,2840000,0.0003,128,0.0001,adam,10000,0.651464,0.713061,8353,396.37,0.027526,766800000000,0.061597,MEDIUM
run_11b1fcfb,internal,tbound_cifar10,2026-02-03T19:45:39.981281+00:00,vision,cifar10,cnn,10,33750,0.75,n_d_lr_grid,2840000,0.0001,128,0.0001,adam,10000,0.3,0.376529,7667,394.12,0.02737,766800000000,0.076529,MEDIUM
run_4d8408ef,internal,tbound_cifar10,2026-02-03T20:05:39.981281+00:00,vision,cifar10,cnn,10,33750,0.75,n_d_lr_grid,2840000,3e-05,128,0.0001,adam,10000,0.3,0.333496,9723,329.27,0.022866,766800000000,0.033496,LOW
run_3d0dfbf9,internal,tbound_cifar10,2026-02-03T20:25:39.981281+00:00,vision,cifar10,cnn,10,45000,1.0,n_d_lr_grid,45000,0.01,128,0.0001,adam,10000,0.3,0.342459,7539,66.3,0.004604,12150000000,0.042459,LOW
run_cfc6fed5,internal,tbound_cifar10,2026-02-03T20:45:39.981281+00:00,vision,cifar10,cnn,10,45000,1.0,n_d_lr_grid,45000,0.003,128,0.0001,adam,10000,0.715466,0.730907,8946,122.2,0.008486,12150000000,0.015441,LOW
run_9280bc13,internal,tbound_cifar10,2026-02-03T21:05:39.981281+00:00,vision,cifar10,cnn,10,45000,1.0,n_d_lr_grid,45000,0.001,128,0.0001,adam,10000,0.852457,0.911328,7928,82.75,0.005746,12150000000,0.058871,MEDIUM
run_bccaa5b3,internal,tbound_cifar10,2026-02-03T21:25:39.981281+00:00,vision,cifar10,cnn,10,45000,1.0,n_d_lr_grid,45000,0.0003,128,0.0001,adam,10000,0.3,0.338784,9799,88.75,0.006163,12150000000,0.038784,LOW
run_35d02ef6,internal,tbound_cifar10,2026-02-03T21:45:39.981281+00:00,vision,cifar10,cnn,10,45000,1.0,n_d_lr_grid,45000,0.0001,128,0.0001,adam,10000,0.3,0.321383,7389,116.48,0.008089,12150000000,0.021383,LOW
run_a8cb266d,internal,tbound_cifar10,2026-02-03T22:05:39.981281+00:00,vision,cifar10,cnn,10,45000,1.0,n_d_lr_grid,45000,3e-05,128,0.0001,adam,10000,0.3,0.376486,8838,99.81,0.006932,12150000000,0.076486,MEDIUM
run_5f7fd86a,internal,tbound_cifar10,2026-02-03T22:25:39.981281+00:00,vision,cifar10,cnn,10,45000,1.0,n_d_lr_grid,180000,0.01,128,0.0001,adam,10000,0.3,0.374342,7797,55.45,0.003851,48600000000,0.074342,MEDIUM
run_c5d3dd19,internal,tbound_cifar10,2026-02-03T22:45:39.981281+00:00,vision,cifar10,cnn,10,45000,1.0,n_d_lr_grid,180000,0.003,128,0.0001,adam,10000,0.597428,0.668053,8015,52.07,0.003616,48600000000,0.070624,MEDIUM
run_ce63a2c6,internal,tbound_cifar10,2026-02-03T23:05:39.981281+00:00,vision,cifar10,cnn,10,45000,1.0,n_d_lr_grid,180000,0.001,128,0.0001,adam,10000,0.898903,0.935256,7223,120.95,0.008399,48600000000,0.036352,LOW
run_2c693a39,internal,tbound_cifar10,2026-02-03T23:25:39.981281+00:00,vision,cifar10,cnn,10,45000,1.0,n_d_lr_grid,180000,0.0003,128,0.0001,adam,10000,0.397616,0.476586,7062,81.91,0.005688,48600000000,0.07897,MEDIUM
run_d606b3cb,internal,tbound_cifar10,2026-02-03T23:45:39.981281+00:00,vision,cifar10,cnn,10,45000,1.0,n_d_lr_grid,180000,0.0001,128,0.0001,adam,10000,0.3,0.337509,7688,122.62,0.008516,48600000000,0.037509,LOW
run_51c033fc,internal,tbound_cifar10,2026-02-04T00:05:39.981281+00:00,vision,cifar10,cnn,10,45000,1.0,n_d_lr_grid,180000,3e-05,128,0.0001,adam,10000,0.3,0.368683,7510,90.18,0.006263,48600000000,0.068683,MEDIUM
run_1bdea268,internal,tbound_cifar10,2026-02-04T00:25:39.981281+00:00,vision,cifar10,cnn,10,45000,1.0,n_d_lr_grid,400000,0.01,128,0.0001,adam,10000,0.3,0.329138,7517,75.07,0.005213,108000000000,0.029138,LOW
run_c209220b,internal,tbound_cifar10,2026-02-04T00:45:39.981281+00:00,vision,cifar10,cnn,10,45000,1.0,n_d_lr_grid,400000,0.003,128,0.0001,adam,10000,0.498747,0.557167,8668,118.09,0.008201,108000000000,0.05842,MEDIUM
run_5838408b,internal,tbound_cifar10,2026-02-04T01:05:39.981281+00:00,vision,cifar10,cnn,10,45000,1.0,n_d_lr_grid,400000,0.001,128,0.0001,adam,10000,0.894965,0.97473,9724,119.99,0.008333,108000000000,0.079765,MEDIUM
run_f68e8c43,internal,tbound_cifar10,2026-02-04T01:25:39.981281+00:00,vision,cifar10,cnn,10,45000,1.0,n_d_lr_grid,400000,0.0003,128,0.0001,adam,10000,0.497507,0.560503,9504,104.01,0.007223,108000000000,0.062996,MEDIUM
run_2d27d821,internal,tbound_cifar10,2026-02-04T01:45:39.981281+00:00,vision,cifar10,cnn,10,45000,1.0,n_d_lr_grid,400000,0.0001,128,0.0001,adam,10000,0.3,0.319041,7716,155.86,0.010824,108000000000,0.019041,LOW
run_54dcf0f3,internal,tbound_cifar10,2026-02-04T02:05:39.981281+00:00,vision,cifar10,cnn,10,45000,1.0,n_d_lr_grid,400000,3e-05,128,0.0001,adam,10000,0.3,0.324506,7487,149.04,0.01035,108000000000,0.024506,LOW
run_38ae3c74,internal,tbound_cifar10,2026-02-04T02:25:39.981281+00:00,vision,cifar10,cnn,10,45000,1.0,n_d_lr_grid,710000,0.01,128,0.0001,adam,10000,0.3,0.353269,8574,133.23,0.009252,191700000000,0.053269,MEDIUM
run_021b95ae,internal,tbound_cifar10,2026-02-04T02:45:39.981281+00:00,vision,cifar10,cnn,10,45000,1.0,n_d_lr_grid,710000,0.003,128,0.0001,adam,10000,0.42842,0.485431,9165,147.83,0.010266,191700000000,0.05701,MEDIUM
run_455bc75e,internal,tbound_cifar10,2026-02-04T03:05:39.981281+00:00,vision,cifar10,cnn,10,45000,1.0,n_d_lr_grid,710000,0.001,128,0.0001,adam,10000,0.89272,0.960916,8984,128.7,0.008937,191700000000,0.068196,MEDIUM
run_0af4039c,internal,tbound_cifar10,2026-02-04T03:25:39.981281+00:00,vision,cifar10,cnn,10,45000,1.0,n_d_lr_grid,710000,0.0003,128,0.0001,adam,10000,0.569873,0.618506,7762,151.48,0.01052,191700000000,0.048633,LOW
run_8e8af2d3,internal,tbound_cifar10,2026-02-04T03:45:39.981281+00:00,vision,cifar10,cnn,10,45000,1.0,n_d_lr_grid,710000,0.0001,128,0.0001,adam,10000,0.3,0.338244,9966,113.06,0.007851,191700000000,0.038244,LOW
run_5d8ebd8d,internal,tbound_cifar10,2026-02-04T04:05:39.981281+00:00,vision,cifar10,cnn,10,45000,1.0,n_d_lr_grid,710000,3e-05,128,0.0001,adam,10000,0.3,0.36286,7577,156.83,0.010891,191700000000,0.06286,MEDIUM
run_6aa99008,internal,tbound_cifar10,2026-02-04T04:25:39.981281+00:00,vision,cifar10,cnn,10,45000,1.0,n_d_lr_grid,1600000,0.01,128,0.0001,adam,10000,0.3,0.366353,7763,271.28,0.018839,432000000000,0.066353,MEDIUM
run_a1068ef8,internal,tbound_cifar10,2026-02-04T04:45:39.981281+00:00,vision,cifar10,cnn,10,45000,1.0,n_d_lr_grid,1600000,0.003,128,0.0001,adam,10000,0.308795,0.387428,9845,244.73,0.016995,432000000000,0.078632,MEDIUM
run_bdb63e69,internal,tbound_cifar10,2026-02-04T05:05:39.981281+00:00,vision,cifar10,cnn,10,45000,1.0,n_d_lr_grid,1600000,0.001,128,0.0001,adam,10000,0.869497,0.918335,9017,198.19,0.013763,432000000000,0.048837,LOW
run_f0d67b52,internal,tbound_cifar10,2026-02-04T05:25:39.981281+00:00,vision,cifar10,cnn,10,45000,1.0,n_d_lr_grid,1600000,0.0003,128,0.0001,adam,10000,0.652298,0.686676,8358,236.26,0.016407,432000000000,0.034378,LOW
run_c966c590,internal,tbound_cifar10,2026-02-04T05:45:39.981281+00:00,vision,cifar10,cnn,10,45000,1.0,n_d_lr_grid,1600000,0.0001,128,0.0001,adam,10000,0.3,0.337758,9128,245.99,0.017082,432000000000,0.037758,LOW
run_f73ad163,internal,tbound_cifar10,2026-02-04T06:05:39.981281+00:00,vision,cifar10,cnn,10,45000,1.0,n_d_lr_grid,1600000,3e-05,128,0.0001,adam,10000,0.3,0.376466,9231,203.24,0.014114,432000000000,0.076466,MEDIUM
run_94d6181f,internal,tbound_cifar10,2026-02-04T06:25:39.981281+00:00,vision,cifar10,cnn,10,45000,1.0,n_d_lr_grid,2840000,0.01,128,0.0001,adam,10000,0.3,0.368946,8875,383.2,0.026611,766800000000,0.068946,MEDIUM
run_a8efd9c1,internal,tbound_cifar10,2026-02-04T06:45:39.981281+00:00,vision,cifar10,cnn,10,45000,1.0,n_d_lr_grid,2840000,0.003,128,0.0001,adam,10000,0.3,0.34214,9100,402.2,0.027931,766800000000,0.04214,LOW
run_7e280862,internal,tbound_cifar10,2026-02-04T07:05:39.981281+00:00,vision,cifar10,cnn,10,45000,1.0,n_d_lr_grid,2840000,0.001,128,0.0001,adam,10000,0.856928,0.891247,7042,332.82,0.023113,766800000000,0.034319,LOW
run_98551509,internal,tbound_cifar10,2026-02-04T07:25:39.981281+00:00,vision,cifar10,cnn,10,45000,1.0,n_d_lr_grid,2840000,0.0003,128,0.0001,adam,10000,0.714339,0.741149,7760,320.83,0.02228,766800000000,0.02681,LOW
run_e86dc8bd,internal,tbound_cifar10,2026-02-04T07:45:39.981281+00:00,vision,cifar10,cnn,10,45000,1.0,n_d_lr_grid,2840000,0.0001,128,0.0001,adam,10000,0.3,0.342208,8994,366.63,0.02546,766800000000,0.042208,LOW
run_37889a7b,internal,tbound_cifar10,2026-02-04T08:05:39.981281+00:00,vision,cifar10,cnn,10,45000,1.0,n_d_lr_grid,2840000,3e-05,128,0.0001,adam,10000,0.3,0.319718,7359,371.68,0.025811,766800000000,0.019718,LOW
run_5107b2ae,internal,tbound_cifar10,2026-02-04T08:25:39.981281+00:00,vision,cifar10,cnn,10,11250,0.25,batch_grid,710000,0.000856,32,0.0001,adam,10000,0.837434,0.875294,8887,125.7,0.008729,191700000000,0.03786,LOW
run_fc653d90,internal,tbound_cifar10,2026-02-04T08:45:39.981281+00:00,vision,cifar10,cnn,10,11250,0.25,batch_grid,710000,0.000856,64,0.0001,adam,10000,0.877434,0.906392,8969,141.05,0.009795,191700000000,0.028958,LOW
run_200757db,internal,tbound_cifar10,2026-02-04T09:05:39.981281+00:00,vision,cifar10,cnn,10,11250,0.25,batch_grid,710000,0.000856,128,0.0001,adam,10000,0.897434,0.931511,8028,114.43,0.007947,191700000000,0.034077,LOW
run_848ba7cf,internal,tbound_cifar10,2026-02-04T09:25:39.981281+00:00,vision,cifar10,cnn,10,11250,0.25,batch_grid,710000,0.000856,256,0.0001,adam,10000,0.897434,0.921237,9581,121.86,0.008462,191700000000,0.023803,LOW
run_e6a85708,internal,tbound_cifar10,2026-02-04T09:45:39.981281+00:00,vision,cifar10,cnn,10,11250,0.25,batch_grid,710000,0.000856,512,0.0001,adam,10000,0.877434,0.890982,9280,108.24,0.007517,191700000000,0.013548,LOW
run_4ca0df46,internal,tbound_cifar10,2026-02-04T10:05:39.981281+00:00,vision,cifar10,cnn,10,11250,0.25,batch_grid,710000,0.000856,1024,0.0001,adam,10000,0.837434,0.861674,8968,154.65,0.01074,191700000000,0.02424,LOW
run_7fad3354,internal,tbound_cifar10,2026-02-04T10:25:39.981281+00:00,vision,cifar10,cnn,10,22500,0.5,batch_grid,710000,0.000856,32,0.0001,adam,10000,0.837434,0.867571,9841,142.42,0.009891,191700000000,0.030137,LOW
run_a5a8ea70,internal,tbound_cifar10,2026-02-04T10:45:39.981281+00:00,vision,cifar10,cnn,10,22500,0.5,batch_grid,710000,0.000856,64,0.0001,adam,10000,0.877434,0.91941,9286,138.67,0.00963,191700000000,0.041976,LOW
run_845e4d14,internal,tbound_cifar10,2026-02-04T11:05:39.981281+00:00,vision,cifar10,cnn,10,22500,0.5,batch_grid,710000,0.000856,128,0.0001,adam,10000,0.897434,0.9279,7047,110.42,0.007668,191700000000,0.030466,LOW
run_6ba1df72,internal,tbound_cifar10,2026-02-04T11:25:39.981281+00:00,vision,cifar10,cnn,10,22500,0.5,batch_grid,710000,0.000856,256,0.0001,adam,10000,0.897434,0.909877,8280,117.61,0.008168,191700000000,0.012443,LOW
run_19aab436,internal,tbound_cifar10,2026-02-04T11:45:39.981281+00:00,vision,cifar10,cnn,10,22500,0.5,batch_grid,710000,0.000856,512,0.0001,adam,10000,0.877434,0.890815,8715,136.84,0.009503,191700000000,0.013381,LOW
run_f52aff4a,internal,tbound_cifar10,2026-02-04T12:05:39.981281+00:00,vision,cifar10,cnn,10,22500,0.5,batch_grid,710000,0.000856,1024,0.0001,adam,10000,0.837434,0.855808,7725,123.23,0.008558,191700000000,0.018374,LOW
run_53c7af1f,internal,tbound_cifar10,2026-02-04T12:25:39.981281+00:00,vision,cifar10,cnn,10,45000,1.0,batch_grid,710000,0.000856,32,0.0001,adam,10000,0.837434,0.856879,9125,146.6,0.01018,191700000000,0.019445,LOW
run_96890ab7,internal,tbound_cifar10,2026-02-04T12:45:39.981281+00:00,vision,cifar10,cnn,10,45000,1.0,batch_grid,710000,0.000856,64,0.0001,adam,10000,0.877434,0.905935,7525,145.85,0.010128,191700000000,0.028501,LOW
run_81afdff3,internal,tbound_cifar10,2026-02-04T13:05:39.981281+00:00,vision,cifar10,cnn,10,45000,1.0,batch_grid,710000,0.000856,128,0.0001,adam,10000,0.897434,0.913343,8026,108.99,0.007569,191700000000,0.01591,LOW
run_c28add3d,internal,tbound_cifar10,2026-02-04T13:25:39.981281+00:00,vision,cifar10,cnn,10,45000,1.0,batch_grid,710000,0.000856,256,0.0001,adam,10000,0.897434,0.943242,8774,131.7,0.009146,191700000000,0.045808,LOW
run_4b128398,internal,tbound_cifar10,2026-02-04T13:45:39.981281+00:00,vision,cifar10,cnn,10,45000,1.0,batch_grid,710000,0.000856,512,0.0001,adam,10000,0.877434,0.888653,9853,153.03,0.010627,191700000000,0.011219,LOW
run_cbd11e93,internal,tbound_cifar10,2026-02-04T14:05:39.981281+00:00,vision,cifar10,cnn,10,45000,1.0,batch_grid,710000,0.000856,1024,0.0001,adam,10000,0.837434,0.868739,8654,115.55,0.008024,191700000000,0.031305,LOW
run_dd0efac0,internal,tbound_cifar100,2026-02-04T14:25:39.981281+00:00,vision,cifar100,cnn,100,4500,0.1,n_d_lr_grid,45000,0.01,128,0.0001,adam,10000,0.3,0.311405,8254,63.49,0.004409,12150000000,0.011405,LOW
run_4664b196,internal,tbound_cifar100,2026-02-04T14:45:39.981281+00:00,vision,cifar100,cnn,100,4500,0.1,n_d_lr_grid,45000,0.003,128,0.0001,adam,10000,0.3,0.316244,7536,82.68,0.005742,12150000000,0.016244,LOW
run_7071feae,internal,tbound_cifar100,2026-02-04T15:05:39.981281+00:00,vision,cifar100,cnn,100,4500,0.1,n_d_lr_grid,45000,0.001,128,0.0001,adam,10000,0.341057,0.413394,8603,87.92,0.006106,12150000000,0.072337,MEDIUM
run_f21c4692,internal,tbound_cifar100,2026-02-04T15:25:39.981281+00:00,vision,cifar100,cnn,100,4500,0.1,n_d_lr_grid,45000,0.0003,128,0.0001,adam,10000,0.3,0.334857,8169,92.89,0.006451,12150000000,0.034857,LOW
run_d0b4a201,internal,tbound_cifar100,2026-02-04T15:45:39.981281+00:00,vision,cifar100,cnn,100,4500,0.1,n_d_lr_grid,45000,0.0001,128,0.0001,adam,10000,0.3,0.316084,9081,82.84,0.005753,12150000000,0.016084,LOW
run_555066ed,internal,tbound_cifar100,2026-02-04T16:05:39.981281+00:00,vision,cifar100,cnn,100,4500,0.1,n_d_lr_grid,45000,3e-05,128,0.0001,adam,10000,0.3,0.349042,9795,87.29,0.006062,12150000000,0.049042,LOW
run_ae9a983a,internal,tbound_cifar100,2026-02-04T16:25:39.981281+00:00,vision,cifar100,cnn,100,4500,0.1,n_d_lr_grid,180000,0.01,128,0.0001,adam,10000,0.3,0.318931,8541,73.54,0.005107,48600000000,0.018931,LOW
run_c3ee7257,internal,tbound_cifar100,2026-02-04T16:45:39.981281+00:00,vision,cifar100,cnn,100,4500,0.1,n_d_lr_grid,180000,0.003,128,0.0001,adam,10000,0.3,0.372975,8975,102.68,0.007131,48600000000,0.072975,MEDIUM
run_2f09ca4b,internal,tbound_cifar100,2026-02-04T17:05:39.981281+00:00,vision,cifar100,cnn,100,4500,0.1,n_d_lr_grid,180000,0.001,128,0.0001,adam,10000,0.383446,0.428324,8312,77.73,0.005398,48600000000,0.044877,LOW
run_5114f411,internal,tbound_cifar100,2026-02-04T17:25:39.981281+00:00,vision,cifar100,cnn,100,4500,0.1,n_d_lr_grid,180000,0.0003,128,0.0001,adam,10000,0.3,0.310527,8605,68.28,0.004742,48600000000,0.010527,LOW
run_14baff1b,internal,tbound_cifar100,2026-02-04T17:45:39.981281+00:00,vision,cifar100,cnn,100,4500,0.1,n_d_lr_grid,180000,0.0001,128,0.0001,adam,10000,0.3,0.327217,9890,62.46,0.004338,48600000000,0.027217,LOW
run_944ee03a,internal,tbound_cifar100,2026-02-04T18:05:39.981281+00:00,vision,cifar100,cnn,100,4500,0.1,n_d_lr_grid,180000,3e-05,128,0.0001,adam,10000,0.3,0.316152,9870,120.53,0.00837,48600000000,0.016152,LOW
run_4910f83c,internal,tbound_cifar100,2026-02-04T18:25:39.981281+00:00,vision,cifar100,cnn,100,4500,0.1,n_d_lr_grid,400000,0.01,128,0.0001,adam,10000,0.3,0.368962,9590,74.65,0.005184,108000000000,0.068962,MEDIUM
run_79a1a630,internal,tbound_cifar100,2026-02-04T18:45:39.981281+00:00,vision,cifar100,cnn,100,4500,0.1,n_d_lr_grid,400000,0.003,128,0.0001,adam,10000,0.3,0.338728,8246,158.41,0.011001,108000000000,0.038728,LOW
run_bedd214d,internal,tbound_cifar100,2026-02-04T19:05:39.981281+00:00,vision,cifar100,cnn,100,4500,0.1,n_d_lr_grid,400000,0.001,128,0.0001,adam,10000,0.38297,0.455732,7074,121.84,0.008461,108000000000,0.072763,MEDIUM
run_312771e7,internal,tbound_cifar100,2026-02-04T19:25:39.981281+00:00,vision,cifar100,cnn,100,4500,0.1,n_d_lr_grid,400000,0.0003,128,0.0001,adam,10000,0.3,0.370585,9928,143.54,0.009968,108000000000,0.070585,MEDIUM
run_d8872423,internal,tbound_cifar100,2026-02-04T19:45:39.981281+00:00,vision,cifar100,cnn,100,4500,0.1,n_d_lr_grid,400000,0.0001,128,0.0001,adam,10000,0.3,0.344352,9621,135.06,0.009379,108000000000,0.044352,LOW
run_c58b8275,internal,tbound_cifar100,2026-02-04T20:05:39.981281+00:00,vision,cifar100,cnn,100,4500,0.1,n_d_lr_grid,400000,3e-05,128,0.0001,adam,10000,0.3,0.375056,8415,120.11,0.008341,108000000000,0.075056,MEDIUM
run_c53a1214,internal,tbound_cifar100,2026-02-04T20:25:39.981281+00:00,vision,cifar100,cnn,100,4500,0.1,n_d_lr_grid,710000,0.01,128,0.0001,adam,10000,0.3,0.343363,8668,176.47,0.012255,191700000000,0.043363,LOW
run_64c12d0d,internal,tbound_cifar100,2026-02-04T20:45:39.981281+00:00,vision,cifar100,cnn,100,4500,0.1,n_d_lr_grid,710000,0.003,128,0.0001,adam,10000,0.3,0.323093,8810,130.13,0.009037,191700000000,0.023093,LOW
run_a0b98645,internal,tbound_cifar100,2026-02-04T21:05:39.981281+00:00,vision,cifar100,cnn,100,4500,0.1,n_d_lr_grid,710000,0.001,128,0.0001,adam,10000,0.37952,0.403486,9187,167.26,0.011615,191700000000,0.023965,LOW
run_a3fb3f09,internal,tbound_cifar100,2026-02-04T21:25:39.981281+00:00,vision,cifar100,cnn,100,4500,0.1,n_d_lr_grid,710000,0.0003,128,0.0001,adam,10000,0.3,0.318039,7319,155.96,0.01083,191700000000,0.018039,LOW
run_b2fa660a,internal,tbound_cifar100,2026-02-04T21:45:39.981281+00:00,vision,cifar100,cnn,100,4500,0.1,n_d_lr_grid,710000,0.0001,128,0.0001,adam,10000,0.3,0.31611,9892,146.55,0.010177,191700000000,0.01611,LOW
run_be01a888,internal,tbound_cifar100,2026-02-04T22:05:39.981281+00:00,vision,cifar100,cnn,100,4500,0.1,n_d_lr_grid,710000,3e-05,128,0.0001,adam,10000,0.3,0.347281,7689,105.66,0.007338,191700000000,0.047281,LOW
run_8e566b93,internal,tbound_cifar100,2026-02-04T22:25:39.981281+00:00,vision,cifar100,cnn,100,4500,0.1,n_d_lr_grid,1600000,0.01,128,0.0001,adam,10000,0.3,0.341799,8673,239.37,0.016623,432000000000,0.041799,LOW
run_15ef2926,internal,tbound_cifar100,2026-02-04T22:45:39.981281+00:00,vision,cifar100,cnn,100,4500,0.1,n_d_lr_grid,1600000,0.003,128,0.0001,adam,10000,0.3,0.379297,8619,219.01,0.015209,432000000000,0.079297,MEDIUM
run_25feee8a,internal,tbound_cifar100,2026-02-04T23:05:39.981281+00:00,vision,cifar100,cnn,100,4500,0.1,n_d_lr_grid,1600000,0.001,128,0.0001,adam,10000,0.358462,0.386286,9832,251.34,0.017454,432000000000,0.027825,LOW
run_f163f9a1,internal,tbound_cifar100,2026-02-04T23:25:39.981281+00:00,vision,cifar100,cnn,100,4500,0.1,n_d_lr_grid,1600000,0.0003,128,0.0001,adam,10000,0.3,0.318169,9038,232.58,0.016152,432000000000,0.018169,LOW
run_ee2a3dab,internal,tbound_cifar100,2026-02-04T23:45:39.981281+00:00,vision,cifar100,cnn,100,4500,0.1,n_d_lr_grid,1600000,0.0001,128,0.0001,adam,10000,0.3,0.3656,8604,199.6,0.013861,432000000000,0.0656,MEDIUM
run_304c974f,internal,tbound_cifar100,2026-02-05T00:05:39.981281+00:00,vision,cifar100,cnn,100,4500,0.1,n_d_lr_grid,1600000,3e-05,128,0.0001,adam,10000,0.3,0.368143,7333,276.85,0.019226,432000000000,0.068143,MEDIUM
run_cf9f67a9,internal,tbound_cifar100,2026-02-05T00:25:39.981281+00:00,vision,cifar100,cnn,100,4500,0.1,n_d_lr_grid,2840000,0.01,128,0.0001,adam,10000,0.3,0.375306,9635,403.18,0.027999,766800000000,0.075306,MEDIUM
run_b204e8ce,internal,tbound_cifar100,2026-02-05T00:45:39.981281+00:00,vision,cifar100,cnn,100,4500,0.1,n_d_lr_grid,2840000,0.003,128,0.0001,adam,10000,0.3,0.336546,9965,397.38,0.027596,766800000000,0.036546,LOW
run_e3365242,internal,tbound_cifar100,2026-02-05T01:05:39.981281+00:00,vision,cifar100,cnn,100,4500,0.1,n_d_lr_grid,2840000,0.001,128,0.0001,adam,10000,0.342289,0.355655,7872,384.34,0.02669,766800000000,0.013367,LOW
run_493b4ca9,internal,tbound_cifar100,2026-02-05T01:25:39.981281+00:00,vision,cifar100,cnn,100,4500,0.1,n_d_lr_grid,2840000,0.0003,128,0.0001,adam,10000,0.3,0.362535,8314,385.96,0.026803,766800000000,0.062535,MEDIUM
run_ad95d903,internal,tbound_cifar100,2026-02-05T01:45:39.981281+00:00,vision,cifar100,cnn,100,4500,0.1,n_d_lr_grid,2840000,0.0001,128,0.0001,adam,10000,0.3,0.321499,7077,387.31,0.026897,766800000000,0.021499,LOW
run_ff937a98,internal,tbound_cifar100,2026-02-05T02:05:39.981281+00:00,vision,cifar100,cnn,100,4500,0.1,n_d_lr_grid,2840000,3e-05,128,0.0001,adam,10000,0.3,0.346615,8772,346.29,0.024048,766800000000,0.046615,LOW
run_0a39f0f7,internal,tbound_cifar100,2026-02-05T02:25:39.981281+00:00,vision,cifar100,cnn,100,9000,0.2,n_d_lr_grid,45000,0.01,128,0.0001,adam,10000,0.3,0.351181,8863,95.97,0.006664,12150000000,0.051181,MEDIUM
run_e8ec4419,internal,tbound_cifar100,2026-02-05T02:45:39.981281+00:00,vision,cifar100,cnn,100,9000,0.2,n_d_lr_grid,45000,0.003,128,0.0001,adam,10000,0.3,0.340739,9469,68.42,0.004752,12150000000,0.040739,LOW
run_92451829,internal,tbound_cifar100,2026-02-05T03:05:39.981281+00:00,vision,cifar100,cnn,100,9000,0.2,n_d_lr_grid,45000,0.001,128,0.0001,adam,10000,0.412206,0.459991,7992,73.99,0.005138,12150000000,0.047785,LOW
run_331370f8,internal,tbound_cifar100,2026-02-05T03:25:39.981281+00:00,vision,cifar100,cnn,100,9000,0.2,n_d_lr_grid,45000,0.0003,128,0.0001,adam,10000,0.3,0.326255,7502,115.46,0.008018,12150000000,0.026255,LOW
run_1383afea,internal,tbound_cifar100,2026-02-05T03:45:39.981281+00:00,vision,cifar100,cnn,100,9000,0.2,n_d_lr_grid,45000,0.0001,128,0.0001,adam,10000,0.3,0.34723,9151,40.5,0.002812,12150000000,0.04723,LOW
run_75695327,internal,tbound_cifar100,2026-02-05T04:05:39.981281+00:00,vision,cifar100,cnn,100,9000,0.2,n_d_lr_grid,45000,3e-05,128,0.0001,adam,10000,0.3,0.353697,8669,45.02,0.003126,12150000000,0.053697,MEDIUM
run_3c12d283,internal,tbound_cifar100,2026-02-05T04:25:39.981281+00:00,vision,cifar100,cnn,100,9000,0.2,n_d_lr_grid,180000,0.01,128,0.0001,adam,10000,0.3,0.333297,9601,113.75,0.007899,48600000000,0.033297,LOW
run_3e975573,internal,tbound_cifar100,2026-02-05T04:45:39.981281+00:00,vision,cifar100,cnn,100,9000,0.2,n_d_lr_grid,180000,0.003,128,0.0001,adam,10000,0.3,0.319749,8692,119.46,0.008296,48600000000,0.019749,LOW
run_f05de3da,internal,tbound_cifar100,2026-02-05T05:05:39.981281+00:00,vision,cifar100,cnn,100,9000,0.2,n_d_lr_grid,180000,0.001,128,0.0001,adam,10000,0.456477,0.501157,7922,114.73,0.007967,48600000000,0.04468,LOW
run_6acce67d,internal,tbound_cifar100,2026-02-05T05:25:39.981281+00:00,vision,cifar100,cnn,100,9000,0.2,n_d_lr_grid,180000,0.0003,128,0.0001,adam,10000,0.3,0.365202,8120,61.65,0.004281,48600000000,0.065202,MEDIUM
run_574d9e0a,internal,tbound_cifar100,2026-02-05T05:45:39.981281+00:00,vision,cifar100,cnn,100,9000,0.2,n_d_lr_grid,180000,0.0001,128,0.0001,adam,10000,0.3,0.359489,9336,118.07,0.008199,48600000000,0.059489,MEDIUM
run_3db7d477,internal,tbound_cifar100,2026-02-05T06:05:39.981281+00:00,vision,cifar100,cnn,100,9000,0.2,n_d_lr_grid,180000,3e-05,128,0.0001,adam,10000,0.3,0.312347,7516,99.29,0.006895,48600000000,0.012347,LOW
run_aba53b86,internal,tbound_cifar100,2026-02-05T06:25:39.981281+00:00,vision,cifar100,cnn,100,9000,0.2,n_d_lr_grid,400000,0.01,128,0.0001,adam,10000,0.3,0.371374,9853,100.79,0.006999,108000000000,0.071374,MEDIUM
run_a89114d9,internal,tbound_cifar100,2026-02-05T06:45:39.981281+00:00,vision,cifar100,cnn,100,9000,0.2,n_d_lr_grid,400000,0.003,128,0.0001,adam,10000,0.3,0.347554,8900,104.09,0.007229,108000000000,0.047554,LOW
run_00cd8f06,internal,tbound_cifar100,2026-02-05T07:05:39.981281+00:00,vision,cifar100,cnn,100,9000,0.2,n_d_lr_grid,400000,0.001,128,0.0001,adam,10000,0.455582,0.474507,9094,105.76,0.007344,108000000000,0.018924,LOW
run_1cf4e4dc,internal,tbound_cifar100,2026-02-05T07:25:39.981281+00:00,vision,cifar100,cnn,100,9000,0.2,n_d_lr_grid,400000,0.0003,128,0.0001,adam,10000,0.3,0.338627,7094,139.47,0.009685,108000000000,0.038627,LOW
run_5a9d0329,internal,tbound_cifar100,2026-02-05T07:45:39.981281+00:00,vision,cifar100,cnn,100,9000,0.2,n_d_lr_grid,400000,0.0001,128,0.0001,adam,10000,0.3,0.351891,7793,120.9,0.008396,108000000000,0.051891,MEDIUM
run_9a91d2ff,internal,tbound_cifar100,2026-02-05T08:05:39.981281+00:00,vision,cifar100,cnn,100,9000,0.2,n_d_lr_grid,400000,3e-05,128,0.0001,adam,10000,0.3,0.327626,7010,101.11,0.007022,108000000000,0.027626,LOW
run_2b0da446,internal,tbound_cifar100,2026-02-05T08:25:39.981281+00:00,vision,cifar100,cnn,100,9000,0.2,n_d_lr_grid,710000,0.01,128,0.0001,adam,10000,0.3,0.377135,7711,131.83,0.009155,191700000000,0.077135,MEDIUM
run_1b1f9c22,internal,tbound_cifar100,2026-02-05T08:45:39.981281+00:00,vision,cifar100,cnn,100,9000,0.2,n_d_lr_grid,710000,0.003,128,0.0001,adam,10000,0.3,0.339652,7362,126.91,0.008813,191700000000,0.039652,LOW
run_bf6725ca,internal,tbound_cifar100,2026-02-05T09:05:39.981281+00:00,vision,cifar100,cnn,100,9000,0.2,n_d_lr_grid,710000,0.001,128,0.0001,adam,10000,0.452693,0.473428,7984,153.76,0.010678,191700000000,0.020735,LOW
run_e0b0c611,internal,tbound_cifar100,2026-02-05T09:25:39.981281+00:00,vision,cifar100,cnn,100,9000,0.2,n_d_lr_grid,710000,0.0003,128,0.0001,adam,10000,0.3,0.327921,9730,166.35,0.011552,191700000000,0.027921,LOW
run_793e689b,internal,tbound_cifar100,2026-02-05T09:45:39.981281+00:00,vision,cifar100,cnn,100,9000,0.2,n_d_lr_grid,710000,0.0001,128,0.0001,adam,10000,0.3,0.375248,8347,151.86,0.010546,191700000000,0.075248,MEDIUM
run_8a32e046,internal,tbound_cifar100,2026-02-05T10:05:39.981281+00:00,vision,cifar100,cnn,100,9000,0.2,n_d_lr_grid,710000,3e-05,128,0.0001,adam,10000,0.3,0.365306,7126,103.07,0.007158,191700000000,0.065306,MEDIUM
run_54a4e74e,internal,tbound_cifar100,2026-02-05T10:25:39.981281+00:00,vision,cifar100,cnn,100,9000,0.2,n_d_lr_grid,1600000,0.01,128,0.0001,adam,10000,0.3,0.320678,8928,241.87,0.016796,432000000000,0.020678,LOW
run_e13ed341,internal,tbound_cifar100,2026-02-05T10:45:39.981281+00:00,vision,cifar100,cnn,100,9000,0.2,n_d_lr_grid,1600000,0.003,128,0.0001,adam,10000,0.3,0.339689,9826,256.28,0.017797,432000000000,0.039689,LOW
run_a5176c60,internal,tbound_cifar100,2026-02-05T11:05:39.981281+00:00,vision,cifar100,cnn,100,9000,0.2,n_d_lr_grid,1600000,0.001,128,0.0001,adam,10000,0.431439,0.472997,8645,200.19,0.013902,432000000000,0.041559,LOW
run_a62c186c,internal,tbound_cifar100,2026-02-05T11:25:39.981281+00:00,vision,cifar100,cnn,100,9000,0.2,n_d_lr_grid,1600000,0.0003,128,0.0001,adam,10000,0.3,0.323042,8854,265.37,0.018429,432000000000,0.023042,LOW
run_d8b745ac,internal,tbound_cifar100,2026-02-05T11:45:39.981281+00:00,vision,cifar100,cnn,100,9000,0.2,n_d_lr_grid,1600000,0.0001,128,0.0001,adam,10000,0.3,0.331801,8934,210.47,0.014616,432000000000,0.031801,LOW
run_04fb4cad,internal,tbound_cifar100,2026-02-05T12:05:39.981281+00:00,vision,cifar100,cnn,100,9000,0.2,n_d_lr_grid,1600000,3e-05,128,0.0001,adam,10000,0.3,0.33793,7201,194.93,0.013537,432000000000,0.03793,LOW
run_4e0946aa,internal,tbound_cifar100,2026-02-05T12:25:39.981281+00:00,vision,cifar100,cnn,100,9000,0.2,n_d_lr_grid,2840000,0.01,128,0.0001,adam,10000,0.3,0.3662,7936,314.42,0.021835,766800000000,0.0662,MEDIUM
run_2deee3df,internal,tbound_cifar100,2026-02-05T12:45:39.981281+00:00,vision,cifar100,cnn,100,9000,0.2,n_d_lr_grid,2840000,0.003,128,0.0001,adam,10000,0.3,0.317999,8625,351.31,0.024396,766800000000,0.017999,LOW
run_8e600814,internal,tbound_cifar100,2026-02-05T13:05:39.981281+00:00,vision,cifar100,cnn,100,9000,0.2,n_d_lr_grid,2840000,0.001,128,0.0001,adam,10000,0.416344,0.490734,7474,345.17,0.02397,766800000000,0.07439,MEDIUM
run_7b065b80,internal,tbound_cifar100,2026-02-05T13:25:39.981281+00:00,vision,cifar100,cnn,100,9000,0.2,n_d_lr_grid,2840000,0.0003,128,0.0001,adam,10000,0.3,0.361625,7938,354.7,0.024632,766800000000,0.061625,MEDIUM
run_7d0e2c4f,internal,tbound_cifar100,2026-02-05T13:45:39.981281+00:00,vision,cifar100,cnn,100,9000,0.2,n_d_lr_grid,2840000,0.0001,128,0.0001,adam,10000,0.3,0.312299,8205,396.15,0.02751,766800000000,0.012299,LOW
run_8fef2dd8,internal,tbound_cifar100,2026-02-05T14:05:39.981281+00:00,vision,cifar100,cnn,100,9000,0.2,n_d_lr_grid,2840000,3e-05,128,0.0001,adam,10000,0.3,0.322347,7709,358.85,0.02492,766800000000,0.022347,LOW
run_1b6eb1e3,internal,tbound_cifar100,2026-02-05T14:25:39.981281+00:00,vision,cifar100,cnn,100,15749,0.35,n_d_lr_grid,45000,0.01,128,0.0001,adam,10000,0.3,0.312372,7284,62.53,0.004343,12150000000,0.012372,LOW
run_37cea05c,internal,tbound_cifar100,2026-02-05T14:45:39.981281+00:00,vision,cifar100,cnn,100,15749,0.35,n_d_lr_grid,45000,0.003,128,0.0001,adam,10000,0.342366,0.393008,9203,91.4,0.006347,12150000000,0.050641,MEDIUM
run_3fdb2745,internal,tbound_cifar100,2026-02-05T15:05:39.981281+00:00,vision,cifar100,cnn,100,15749,0.35,n_d_lr_grid,45000,0.001,128,0.0001,adam,10000,0.479358,0.504245,7848,80.87,0.005616,12150000000,0.024888,LOW
run_e39ebb6f,internal,tbound_cifar100,2026-02-05T15:25:39.981281+00:00,vision,cifar100,cnn,100,15749,0.35,n_d_lr_grid,45000,0.0003,128,0.0001,adam,10000,0.3,0.377275,7341,47.88,0.003325,12150000000,0.077275,MEDIUM
run_819246c6,internal,tbound_cifar100,2026-02-05T15:45:39.981281+00:00,vision,cifar100,cnn,100,15749,0.35,n_d_lr_grid,45000,0.0001,128,0.0001,adam,10000,0.3,0.315974,9608,124.22,0.008626,12150000000,0.015974,LOW
run_7f7835c3,internal,tbound_cifar100,2026-02-05T16:05:39.981281+00:00,vision,cifar100,cnn,100,15749,0.35,n_d_lr_grid,45000,3e-05,128,0.0001,adam,10000,0.3,0.330972,7989,62.39,0.004333,12150000000,0.030972,LOW
run_511c69e1,internal,tbound_cifar100,2026-02-05T16:25:39.981281+00:00,vision,cifar100,cnn,100,15749,0.35,n_d_lr_grid,180000,0.01,128,0.0001,adam,10000,0.3,0.362497,7722,66.89,0.004645,48600000000,0.062497,MEDIUM
run_e518b93b,internal,tbound_cifar100,2026-02-05T16:45:39.981281+00:00,vision,cifar100,cnn,100,15749,0.35,n_d_lr_grid,180000,0.003,128,0.0001,adam,10000,0.3,0.334457,7428,90.14,0.00626,48600000000,0.034457,LOW
run_86771f07,internal,tbound_cifar100,2026-02-05T17:05:39.981281+00:00,vision,cifar100,cnn,100,15749,0.35,n_d_lr_grid,180000,0.001,128,0.0001,adam,10000,0.525404,0.561845,9065,123.29,0.008562,48600000000,0.036441,LOW
run_febfaeda,internal,tbound_cifar100,2026-02-05T17:25:39.981281+00:00,vision,cifar100,cnn,100,15749,0.35,n_d_lr_grid,180000,0.0003,128,0.0001,adam,10000,0.3,0.330583,7193,112.27,0.007796,48600000000,0.030583,LOW
run_64c149bc,internal,tbound_cifar100,2026-02-05T17:45:39.981281+00:00,vision,cifar100,cnn,100,15749,0.35,n_d_lr_grid,180000,0.0001,128,0.0001,adam,10000,0.3,0.347412,8701,91.3,0.00634,48600000000,0.047412,LOW
run_fec62926,internal,tbound_cifar100,2026-02-05T18:05:39.981281+00:00,vision,cifar100,cnn,100,15749,0.35,n_d_lr_grid,180000,3e-05,128,0.0001,adam,10000,0.3,0.363575,9972,57.27,0.003977,48600000000,0.063575,MEDIUM
run_168ae9b4,internal,tbound_cifar100,2026-02-05T18:25:39.981281+00:00,vision,cifar100,cnn,100,15749,0.35,n_d_lr_grid,400000,0.01,128,0.0001,adam,10000,0.3,0.315285,7777,137.79,0.009569,108000000000,0.015285,LOW
run_bda50d64,internal,tbound_cifar100,2026-02-05T18:45:39.981281+00:00,vision,cifar100,cnn,100,15749,0.35,n_d_lr_grid,400000,0.003,128,0.0001,adam,10000,0.3,0.328952,9134,127.96,0.008886,108000000000,0.028952,LOW
run_c38b3256,internal,tbound_cifar100,2026-02-05T19:05:39.981281+00:00,vision,cifar100,cnn,100,15749,0.35,n_d_lr_grid,400000,0.001,128,0.0001,adam,10000,0.524115,0.60264,7832,145.58,0.01011,108000000000,0.078525,MEDIUM
run_7df69b1a,internal,tbound_cifar100,2026-02-05T19:25:39.981281+00:00,vision,cifar100,cnn,100,15749,0.35,n_d_lr_grid,400000,0.0003,128,0.0001,adam,10000,0.3,0.348621,9006,92.85,0.006448,108000000000,0.048621,LOW
run_8b124162,internal,tbound_cifar100,2026-02-05T19:45:39.981281+00:00,vision,cifar100,cnn,100,15749,0.35,n_d_lr_grid,400000,0.0001,128,0.0001,adam,10000,0.3,0.357032,9808,71.77,0.004984,108000000000,0.057032,MEDIUM
run_0d4dcf80,internal,tbound_cifar100,2026-02-05T20:05:39.981281+00:00,vision,cifar100,cnn,100,15749,0.35,n_d_lr_grid,400000,3e-05,128,0.0001,adam,10000,0.3,0.365994,8287,86.07,0.005977,108000000000,0.065994,MEDIUM
run_e3d36cce,internal,tbound_cifar100,2026-02-05T20:25:39.981281+00:00,vision,cifar100,cnn,100,15749,0.35,n_d_lr_grid,710000,0.01,128,0.0001,adam,10000,0.3,0.316961,8311,122.89,0.008534,191700000000,0.016961,LOW
run_a210884b,internal,tbound_cifar100,2026-02-05T20:45:39.981281+00:00,vision,cifar100,cnn,100,15749,0.35,n_d_lr_grid,710000,0.003,128,0.0001,adam,10000,0.3,0.369899,7451,175.72,0.012203,191700000000,0.069899,MEDIUM
run_cb1e2852,internal,tbound_cifar100,2026-02-05T21:05:39.981281+00:00,vision,cifar100,cnn,100,15749,0.35,n_d_lr_grid,710000,0.001,128,0.0001,adam,10000,0.521754,0.597863,7909,113.7,0.007896,191700000000,0.076109,MEDIUM
run_089e53d3,internal,tbound_cifar100,2026-02-05T21:25:39.981281+00:00,vision,cifar100,cnn,100,15749,0.35,n_d_lr_grid,710000,0.0003,128,0.0001,adam,10000,0.3,0.33052,9054,181.67,0.012616,191700000000,0.03052,LOW
run_f0ef9599,internal,tbound_cifar100,2026-02-05T21:45:39.981281+00:00,vision,cifar100,cnn,100,15749,0.35,n_d_lr_grid,710000,0.0001,128,0.0001,adam,10000,0.3,0.354327,7146,167.23,0.011613,191700000000,0.054327,MEDIUM
run_dcc57dc2,internal,tbound_cifar100,2026-02-05T22:05:39.981281+00:00,vision,cifar100,cnn,100,15749,0.35,n_d_lr_grid,710000,3e-05,128,0.0001,adam,10000,0.3,0.318594,8308,179.88,0.012492,191700000000,0.018594,LOW
run_f361666e,internal,tbound_cifar100,2026-02-05T22:25:39.981281+00:00,vision,cifar100,cnn,100,15749,0.35,n_d_lr_grid,1600000,0.01,128,0.0001,adam,10000,0.3,0.3395,9862,270.34,0.018774,432000000000,0.0395,LOW
run_a4460cec,internal,tbound_cifar100,2026-02-05T22:45:39.981281+00:00,vision,cifar100,cnn,100,15749,0.35,n_d_lr_grid,1600000,0.003,128,0.0001,adam,10000,0.3,0.353733,8409,220.23,0.015294,432000000000,0.053733,MEDIUM
run_2d8c78d4,internal,tbound_cifar100,2026-02-05T23:05:39.981281+00:00,vision,cifar100,cnn,100,15749,0.35,n_d_lr_grid,1600000,0.001,128,0.0001,adam,10000,0.500315,0.535729,8555,193.08,0.013408,432000000000,0.035414,LOW
run_814b123c,internal,tbound_cifar100,2026-02-05T23:25:39.981281+00:00,vision,cifar100,cnn,100,15749,0.35,n_d_lr_grid,1600000,0.0003,128,0.0001,adam,10000,0.3,0.35369,8757,226.85,0.015753,432000000000,0.05369,MEDIUM
run_f9f61045,internal,tbound_cifar100,2026-02-05T23:45:39.981281+00:00,vision,cifar100,cnn,100,15749,0.35,n_d_lr_grid,1600000,0.0001,128,0.0001,adam,10000,0.3,0.335393,8890,267.5,0.018576,432000000000,0.035393,LOW
run_a73b4858,internal,tbound_cifar100,2026-02-06T00:05:39.981281+00:00,vision,cifar100,cnn,100,15749,0.35,n_d_lr_grid,1600000,3e-05,128,0.0001,adam,10000,0.3,0.376392,8303,258.72,0.017967,432000000000,0.076392,MEDIUM
run_2daefbde,internal,tbound_cifar100,2026-02-06T00:25:39.981281+00:00,vision,cifar100,cnn,100,15749,0.35,n_d_lr_grid,2840000,0.01,128,0.0001,adam,10000,0.3,0.317997,9106,364.92,0.025342,766800000000,0.017997,LOW
run_4a48fa26,internal,tbound_cifar100,2026-02-06T00:45:39.981281+00:00,vision,cifar100,cnn,100,15749,0.35,n_d_lr_grid,2840000,0.003,128,0.0001,adam,10000,0.3,0.372619,9768,385.99,0.026805,766800000000,0.072619,MEDIUM
run_13e28ed0,internal,tbound_cifar100,2026-02-06T01:05:39.981281+00:00,vision,cifar100,cnn,100,15749,0.35,n_d_lr_grid,2840000,0.001,128,0.0001,adam,10000,0.486238,0.530173,7520,360.12,0.025008,766800000000,0.043934,LOW
run_1eee5a8b,internal,tbound_cifar100,2026-02-06T01:25:39.981281+00:00,vision,cifar100,cnn,100,15749,0.35,n_d_lr_grid,2840000,0.0003,128,0.0001,adam,10000,0.343649,0.391564,8781,371.01,0.025765,766800000000,0.047914,LOW
run_ba5b7b81,internal,tbound_cifar100,2026-02-06T01:45:39.981281+00:00,vision,cifar100,cnn,100,15749,0.35,n_d_lr_grid,2840000,0.0001,128,0.0001,adam,10000,0.3,0.355154,9713,351.95,0.024441,766800000000,0.055154,MEDIUM
run_248de4b5,internal,tbound_cifar100,2026-02-06T02:05:39.981281+00:00,vision,cifar100,cnn,100,15749,0.35,n_d_lr_grid,2840000,3e-05,128,0.0001,adam,10000,0.3,0.346798,7804,329.45,0.022879,766800000000,0.046798,LOW
run_96de0458,internal,tbound_cifar100,2026-02-06T02:25:39.981281+00:00,vision,cifar100,cnn,100,22500,0.5,n_d_lr_grid,45000,0.01,128,0.0001,adam,10000,0.3,0.311287,9089,116.79,0.00811,12150000000,0.011287,LOW
run_34ab6f00,internal,tbound_cifar100,2026-02-06T02:45:39.981281+00:00,vision,cifar100,cnn,100,22500,0.5,n_d_lr_grid,45000,0.003,128,0.0001,adam,10000,0.390336,0.440693,8700,59.16,0.004109,12150000000,0.050356,MEDIUM
run_ccaa6eef,internal,tbound_cifar100,2026-02-06T03:05:39.981281+00:00,vision,cifar100,cnn,100,22500,0.5,n_d_lr_grid,45000,0.001,128,0.0001,adam,10000,0.527328,0.582927,8622,109.18,0.007582,12150000000,0.055599,MEDIUM
run_53896325,internal,tbound_cifar100,2026-02-06T03:25:39.981281+00:00,vision,cifar100,cnn,100,22500,0.5,n_d_lr_grid,45000,0.0003,128,0.0001,adam,10000,0.3,0.317461,9074,47.1,0.003271,12150000000,0.017461,LOW
run_03713700,internal,tbound_cifar100,2026-02-06T03:45:39.981281+00:00,vision,cifar100,cnn,100,22500,0.5,n_d_lr_grid,45000,0.0001,128,0.0001,adam,10000,0.3,0.373001,7167,113.15,0.007858,12150000000,0.073001,MEDIUM
run_373c2543,internal,tbound_cifar100,2026-02-06T04:05:39.981281+00:00,vision,cifar100,cnn,100,22500,0.5,n_d_lr_grid,45000,3e-05,128,0.0001,adam,10000,0.3,0.327551,9868,91.48,0.006353,12150000000,0.027551,LOW
run_6e612c70,internal,tbound_cifar100,2026-02-06T04:25:39.981281+00:00,vision,cifar100,cnn,100,22500,0.5,n_d_lr_grid,180000,0.01,128,0.0001,adam,10000,0.3,0.322276,9969,130.3,0.009048,48600000000,0.022276,LOW
run_f0f0b6b7,internal,tbound_cifar100,2026-02-06T04:45:39.981281+00:00,vision,cifar100,cnn,100,22500,0.5,n_d_lr_grid,180000,0.003,128,0.0001,adam,10000,0.3,0.338307,8599,117.38,0.008152,48600000000,0.038307,LOW
run_113c329e,internal,tbound_cifar100,2026-02-06T05:05:39.981281+00:00,vision,cifar100,cnn,100,22500,0.5,n_d_lr_grid,180000,0.001,128,0.0001,adam,10000,0.574642,0.609413,9866,134.28,0.009325,48600000000,0.034771,LOW
run_3b73cf39,internal,tbound_cifar100,2026-02-06T05:25:39.981281+00:00,vision,cifar100,cnn,100,22500,0.5,n_d_lr_grid,180000,0.0003,128,0.0001,adam,10000,0.3,0.316324,7028,117.39,0.008152,48600000000,0.016324,LOW
run_ababb533,internal,tbound_cifar100,2026-02-06T05:45:39.981281+00:00,vision,cifar100,cnn,100,22500,0.5,n_d_lr_grid,180000,0.0001,128,0.0001,adam,10000,0.3,0.337251,9723,73.98,0.005138,48600000000,0.037251,LOW
run_45db7536,internal,tbound_cifar100,2026-02-06T06:05:39.981281+00:00,vision,cifar100,cnn,100,22500,0.5,n_d_lr_grid,180000,3e-05,128,0.0001,adam,10000,0.3,0.360333,8250,74.74,0.00519,48600000000,0.060333,MEDIUM
run_d7c85225,internal,tbound_cifar100,2026-02-06T06:25:39.981281+00:00,vision,cifar100,cnn,100,22500,0.5,n_d_lr_grid,400000,0.01,128,0.0001,adam,10000,0.3,0.376451,9711,105.7,0.00734,108000000000,0.076451,MEDIUM
run_16b8bbb9,internal,tbound_cifar100,2026-02-06T06:45:39.981281+00:00,vision,cifar100,cnn,100,22500,0.5,n_d_lr_grid,400000,0.003,128,0.0001,adam,10000,0.3,0.375578,8312,135.93,0.00944,108000000000,0.075578,MEDIUM
run_1126df06,internal,tbound_cifar100,2026-02-06T07:05:39.981281+00:00,vision,cifar100,cnn,100,22500,0.5,n_d_lr_grid,400000,0.001,128,0.0001,adam,10000,0.573072,0.601965,8762,118.59,0.008235,108000000000,0.028894,LOW
run_e78dba93,internal,tbound_cifar100,2026-02-06T07:25:39.981281+00:00,vision,cifar100,cnn,100,22500,0.5,n_d_lr_grid,400000,0.0003,128,0.0001,adam,10000,0.3,0.368907,7364,146.18,0.010151,108000000000,0.068907,MEDIUM
run_f4d8c706,internal,tbound_cifar100,2026-02-06T07:45:39.981281+00:00,vision,cifar100,cnn,100,22500,0.5,n_d_lr_grid,400000,0.0001,128,0.0001,adam,10000,0.3,0.320827,8524,126.1,0.008757,108000000000,0.020827,LOW
run_7725d48e,internal,tbound_cifar100,2026-02-06T08:05:39.981281+00:00,vision,cifar100,cnn,100,22500,0.5,n_d_lr_grid,400000,3e-05,128,0.0001,adam,10000,0.3,0.334107,8664,101.64,0.007058,108000000000,0.034107,LOW
run_a01e8ec6,internal,tbound_cifar100,2026-02-06T08:25:39.981281+00:00,vision,cifar100,cnn,100,22500,0.5,n_d_lr_grid,710000,0.01,128,0.0001,adam,10000,0.3,0.344684,9089,162.96,0.011316,191700000000,0.044684,LOW
run_cf2cd3ac,internal,tbound_cifar100,2026-02-06T08:45:39.981281+00:00,vision,cifar100,cnn,100,22500,0.5,n_d_lr_grid,710000,0.003,128,0.0001,adam,10000,0.3,0.342178,8252,107.83,0.007488,191700000000,0.042178,LOW
run_3baffd3f,internal,tbound_cifar100,2026-02-06T09:05:39.981281+00:00,vision,cifar100,cnn,100,22500,0.5,n_d_lr_grid,710000,0.001,128,0.0001,adam,10000,0.571088,0.581252,7101,188.09,0.013062,191700000000,0.010164,LOW
run_0acac9c8,internal,tbound_cifar100,2026-02-06T09:25:39.981281+00:00,vision,cifar100,cnn,100,22500,0.5,n_d_lr_grid,710000,0.0003,128,0.0001,adam,10000,0.3,0.351316,9864,133.49,0.00927,191700000000,0.051316,MEDIUM
run_c5c2a754,internal,tbound_cifar100,2026-02-06T09:45:39.981281+00:00,vision,cifar100,cnn,100,22500,0.5,n_d_lr_grid,710000,0.0001,128,0.0001,adam,10000,0.3,0.319577,8520,186.52,0.012953,191700000000,0.019577,LOW
run_46952815,internal,tbound_cifar100,2026-02-06T10:05:39.981281+00:00,vision,cifar100,cnn,100,22500,0.5,n_d_lr_grid,710000,3e-05,128,0.0001,adam,10000,0.3,0.322959,7215,149.77,0.010401,191700000000,0.022959,LOW
run_f2d359aa,internal,tbound_cifar100,2026-02-06T10:25:39.981281+00:00,vision,cifar100,cnn,100,22500,0.5,n_d_lr_grid,1600000,0.01,128,0.0001,adam,10000,0.3,0.363087,8750,247.51,0.017188,432000000000,0.063087,MEDIUM
run_b06715eb,internal,tbound_cifar100,2026-02-06T10:45:39.981281+00:00,vision,cifar100,cnn,100,22500,0.5,n_d_lr_grid,1600000,0.003,128,0.0001,adam,10000,0.3,0.360687,8223,247.35,0.017177,432000000000,0.060687,MEDIUM
run_851229ea,internal,tbound_cifar100,2026-02-06T11:05:39.981281+00:00,vision,cifar100,cnn,100,22500,0.5,n_d_lr_grid,1600000,0.001,128,0.0001,adam,10000,0.549517,0.576994,7488,234.05,0.016253,432000000000,0.027477,LOW
run_6ede01ac,internal,tbound_cifar100,2026-02-06T11:25:39.981281+00:00,vision,cifar100,cnn,100,22500,0.5,n_d_lr_grid,1600000,0.0003,128,0.0001,adam,10000,0.332317,0.408402,7777,193.55,0.013441,432000000000,0.076084,MEDIUM
run_128163eb,internal,tbound_cifar100,2026-02-06T11:45:39.981281+00:00,vision,cifar100,cnn,100,22500,0.5,n_d_lr_grid,1600000,0.0001,128,0.0001,adam,10000,0.3,0.351178,8817,279.94,0.01944,432000000000,0.051178,MEDIUM
run_3e1b56b7,internal,tbound_cifar100,2026-02-06T12:05:39.981281+00:00,vision,cifar100,cnn,100,22500,0.5,n_d_lr_grid,1600000,3e-05,128,0.0001,adam,10000,0.3,0.349756,7334,272.39,0.018916,432000000000,0.049756,LOW
run_206f393c,internal,tbound_cifar100,2026-02-06T12:25:39.981281+00:00,vision,cifar100,cnn,100,22500,0.5,n_d_lr_grid,2840000,0.01,128,0.0001,adam,10000,0.3,0.358819,9735,340.76,0.023664,766800000000,0.058819,MEDIUM
run_98fa2c00,internal,tbound_cifar100,2026-02-06T12:45:39.981281+00:00,vision,cifar100,cnn,100,22500,0.5,n_d_lr_grid,2840000,0.003,128,0.0001,adam,10000,0.3,0.31807,8500,351.96,0.024442,766800000000,0.01807,LOW
run_9e9e4a23,internal,tbound_cifar100,2026-02-06T13:05:39.981281+00:00,vision,cifar100,cnn,100,22500,0.5,n_d_lr_grid,2840000,0.001,128,0.0001,adam,10000,0.536168,0.579363,7934,391.58,0.027193,766800000000,0.043195,LOW
run_ed445eb4,internal,tbound_cifar100,2026-02-06T13:25:39.981281+00:00,vision,cifar100,cnn,100,22500,0.5,n_d_lr_grid,2840000,0.0003,128,0.0001,adam,10000,0.393579,0.435439,7614,361.02,0.025071,766800000000,0.04186,LOW
run_5eb415e3,internal,tbound_cifar100,2026-02-06T13:45:39.981281+00:00,vision,cifar100,cnn,100,22500,0.5,n_d_lr_grid,2840000,0.0001,128,0.0001,adam,10000,0.3,0.312591,9667,367.66,0.025532,766800000000,0.012591,LOW
run_bb98f21e,internal,tbound_cifar100,2026-02-06T14:05:39.981281+00:00,vision,cifar100,cnn,100,22500,0.5,n_d_lr_grid,2840000,3e-05,128,0.0001,adam,10000,0.3,0.31844,9852,320.93,0.022287,766800000000,0.01844,LOW
run_79c126b6,internal,tbound_cifar100,2026-02-06T14:25:39.981281+00:00,vision,cifar100,cnn,100,33750,0.75,n_d_lr_grid,45000,0.01,128,0.0001,adam,10000,0.3,0.347119,7363,74.19,0.005152,12150000000,0.047119,LOW
run_d7695f47,internal,tbound_cifar100,2026-02-06T14:45:39.981281+00:00,vision,cifar100,cnn,100,33750,0.75,n_d_lr_grid,45000,0.003,128,0.0001,adam,10000,0.450325,0.500395,8372,106.86,0.007421,12150000000,0.05007,MEDIUM
run_bfce54f7,internal,tbound_cifar100,2026-02-06T15:05:39.981281+00:00,vision,cifar100,cnn,100,33750,0.75,n_d_lr_grid,45000,0.001,128,0.0001,adam,10000,0.587316,0.643632,7015,100.91,0.007007,12150000000,0.056316,MEDIUM
run_2bb7f182,internal,tbound_cifar100,2026-02-06T15:25:39.981281+00:00,vision,cifar100,cnn,100,33750,0.75,n_d_lr_grid,45000,0.0003,128,0.0001,adam,10000,0.3,0.339877,7310,113.4,0.007875,12150000000,0.039877,LOW
run_b239097c,internal,tbound_cifar100,2026-02-06T15:45:39.981281+00:00,vision,cifar100,cnn,100,33750,0.75,n_d_lr_grid,45000,0.0001,128,0.0001,adam,10000,0.3,0.342336,7250,123.63,0.008585,12150000000,0.042336,LOW
run_7da19ea3,internal,tbound_cifar100,2026-02-06T16:05:39.981281+00:00,vision,cifar100,cnn,100,33750,0.75,n_d_lr_grid,45000,3e-05,128,0.0001,adam,10000,0.3,0.371229,8631,82.1,0.005702,12150000000,0.071229,MEDIUM
run_cca007d4,internal,tbound_cifar100,2026-02-06T16:25:39.981281+00:00,vision,cifar100,cnn,100,33750,0.75,n_d_lr_grid,180000,0.01,128,0.0001,adam,10000,0.3,0.365915,7028,137.81,0.00957,48600000000,0.065915,MEDIUM
run_240d263d,internal,tbound_cifar100,2026-02-06T16:45:39.981281+00:00,vision,cifar100,cnn,100,33750,0.75,n_d_lr_grid,180000,0.003,128,0.0001,adam,10000,0.334742,0.398445,7244,84.17,0.005845,48600000000,0.063703,MEDIUM
run_bf66b075,internal,tbound_cifar100,2026-02-06T17:05:39.981281+00:00,vision,cifar100,cnn,100,33750,0.75,n_d_lr_grid,180000,0.001,128,0.0001,adam,10000,0.636217,0.679802,8771,100.27,0.006963,48600000000,0.043585,LOW
run_d6d18556,internal,tbound_cifar100,2026-02-06T17:25:39.981281+00:00,vision,cifar100,cnn,100,33750,0.75,n_d_lr_grid,180000,0.0003,128,0.0001,adam,10000,0.3,0.378886,7920,117.14,0.008135,48600000000,0.078886,MEDIUM
run_1e364a57,internal,tbound_cifar100,2026-02-06T17:45:39.981281+00:00,vision,cifar100,cnn,100,33750,0.75,n_d_lr_grid,180000,0.0001,128,0.0001,adam,10000,0.3,0.333546,9624,95.03,0.006599,48600000000,0.033546,LOW
run_effcd92b,internal,tbound_cifar100,2026-02-06T18:05:39.981281+00:00,vision,cifar100,cnn,100,33750,0.75,n_d_lr_grid,180000,3e-05,128,0.0001,adam,10000,0.3,0.326714,8165,57.94,0.004024,48600000000,0.026714,LOW
run_7035f45a,internal,tbound_cifar100,2026-02-06T18:25:39.981281+00:00,vision,cifar100,cnn,100,33750,0.75,n_d_lr_grid,400000,0.01,128,0.0001,adam,10000,0.3,0.33079,7145,146.75,0.010191,108000000000,0.03079,LOW
run_ca804dcf,internal,tbound_cifar100,2026-02-06T18:45:39.981281+00:00,vision,cifar100,cnn,100,33750,0.75,n_d_lr_grid,400000,0.003,128,0.0001,adam,10000,0.3,0.326353,7704,73.79,0.005124,108000000000,0.026353,LOW
run_6bcdd6e8,internal,tbound_cifar100,2026-02-06T19:05:39.981281+00:00,vision,cifar100,cnn,100,33750,0.75,n_d_lr_grid,400000,0.001,128,0.0001,adam,10000,0.634294,0.708018,7398,74.06,0.005143,108000000000,0.073724,MEDIUM
run_ffb49f69,internal,tbound_cifar100,2026-02-06T19:25:39.981281+00:00,vision,cifar100,cnn,100,33750,0.75,n_d_lr_grid,400000,0.0003,128,0.0001,adam,10000,0.3,0.336903,9234,131.17,0.009109,108000000000,0.036903,LOW
run_e30da276,internal,tbound_cifar100,2026-02-06T19:45:39.981281+00:00,vision,cifar100,cnn,100,33750,0.75,n_d_lr_grid,400000,0.0001,128,0.0001,adam,10000,0.3,0.376497,7938,140.77,0.009776,108000000000,0.076497,MEDIUM
run_cb77af62,internal,tbound_cifar100,2026-02-06T20:05:39.981281+00:00,vision,cifar100,cnn,100,33750,0.75,n_d_lr_grid,400000,3e-05,128,0.0001,adam,10000,0.3,0.351199,8325,158.41,0.011001,108000000000,0.051199,MEDIUM
run_bd6c82d6,internal,tbound_cifar100,2026-02-06T20:25:39.981281+00:00,vision,cifar100,cnn,100,33750,0.75,n_d_lr_grid,710000,0.01,128,0.0001,adam,10000,0.3,0.352056,9273,182.34,0.012662,191700000000,0.052056,MEDIUM
run_47e06fa3,internal,tbound_cifar100,2026-02-06T20:45:39.981281+00:00,vision,cifar100,cnn,100,33750,0.75,n_d_lr_grid,710000,0.003,128,0.0001,adam,10000,0.3,0.321692,8594,190.21,0.013209,191700000000,0.021692,LOW
run_f2e72fcd,internal,tbound_cifar100,2026-02-06T21:05:39.981281+00:00,vision,cifar100,cnn,100,33750,0.75,n_d_lr_grid,710000,0.001,128,0.0001,adam,10000,0.632783,0.670893,8333,176.4,0.01225,191700000000,0.038111,LOW
run_68ef619d,internal,tbound_cifar100,2026-02-06T21:25:39.981281+00:00,vision,cifar100,cnn,100,33750,0.75,n_d_lr_grid,710000,0.0003,128,0.0001,adam,10000,0.309935,0.362477,7225,147.14,0.010218,191700000000,0.052542,MEDIUM
run_62367dbf,internal,tbound_cifar100,2026-02-06T21:45:39.981281+00:00,vision,cifar100,cnn,100,33750,0.75,n_d_lr_grid,710000,0.0001,128,0.0001,adam,10000,0.3,0.336886,9553,104.31,0.007243,191700000000,0.036886,LOW
run_25d1bf4e,internal,tbound_cifar100,2026-02-06T22:05:39.981281+00:00,vision,cifar100,cnn,100,33750,0.75,n_d_lr_grid,710000,3e-05,128,0.0001,adam,10000,0.3,0.364571,8796,132.51,0.009202,191700000000,0.064571,MEDIUM
run_1b7e16bb,internal,tbound_cifar100,2026-02-06T22:25:39.981281+00:00,vision,cifar100,cnn,100,33750,0.75,n_d_lr_grid,1600000,0.01,128,0.0001,adam,10000,0.3,0.354084,8544,209.47,0.014546,432000000000,0.054084,MEDIUM
run_fd8be1a1,internal,tbound_cifar100,2026-02-06T22:45:39.981281+00:00,vision,cifar100,cnn,100,33750,0.75,n_d_lr_grid,1600000,0.003,128,0.0001,adam,10000,0.3,0.374943,8596,279.54,0.019413,432000000000,0.074943,MEDIUM
run_fd85674c,internal,tbound_cifar100,2026-02-06T23:05:39.981281+00:00,vision,cifar100,cnn,100,33750,0.75,n_d_lr_grid,1600000,0.001,128,0.0001,adam,10000,0.611046,0.639263,7849,236.37,0.016415,432000000000,0.028216,LOW
run_5fa194d7,internal,tbound_cifar100,2026-02-06T23:25:39.981281+00:00,vision,cifar100,cnn,100,33750,0.75,n_d_lr_grid,1600000,0.0003,128,0.0001,adam,10000,0.393847,0.452568,7159,203.85,0.014156,432000000000,0.058721,MEDIUM
run_5e1d7c59,internal,tbound_cifar100,2026-02-06T23:45:39.981281+00:00,vision,cifar100,cnn,100,33750,0.75,n_d_lr_grid,1600000,0.0001,128,0.0001,adam,10000,0.3,0.342437,7892,246.06,0.017088,432000000000,0.042437,LOW
run_8061accd,internal,tbound_cifar100,2026-02-07T00:05:39.981281+00:00,vision,cifar100,cnn,100,33750,0.75,n_d_lr_grid,1600000,3e-05,128,0.0001,adam,10000,0.3,0.347588,8933,243.36,0.0169,432000000000,0.047588,LOW
run_72e25d2c,internal,tbound_cifar100,2026-02-07T00:25:39.981281+00:00,vision,cifar100,cnn,100,33750,0.75,n_d_lr_grid,2840000,0.01,128,0.0001,adam,10000,0.3,0.370209,7951,355.17,0.024665,766800000000,0.070209,MEDIUM
run_e7a0c74a,internal,tbound_cifar100,2026-02-07T00:45:39.981281+00:00,vision,cifar100,cnn,100,33750,0.75,n_d_lr_grid,2840000,0.003,128,0.0001,adam,10000,0.3,0.328592,8218,325.66,0.022615,766800000000,0.028592,LOW
run_fec2fc86,internal,tbound_cifar100,2026-02-07T01:05:39.981281+00:00,vision,cifar100,cnn,100,33750,0.75,n_d_lr_grid,2840000,0.001,128,0.0001,adam,10000,0.598606,0.675502,7520,391.59,0.027194,766800000000,0.076896,MEDIUM
run_da160b65,internal,tbound_cifar100,2026-02-07T01:25:39.981281+00:00,vision,cifar100,cnn,100,33750,0.75,n_d_lr_grid,2840000,0.0003,128,0.0001,adam,10000,0.456017,0.489051,8418,397.84,0.027628,766800000000,0.033034,LOW
run_920c3d7c,internal,tbound_cifar100,2026-02-07T01:45:39.981281+00:00,vision,cifar100,cnn,100,33750,0.75,n_d_lr_grid,2840000,0.0001,128,0.0001,adam,10000,0.3,0.316089,7974,350.76,0.024358,766800000000,0.016089,LOW
run_a9bb454a,internal,tbound_cifar100,2026-02-07T02:05:39.981281+00:00,vision,cifar100,cnn,100,33750,0.75,n_d_lr_grid,2840000,3e-05,128,0.0001,adam,10000,0.3,0.310356,8199,376.61,0.026154,766800000000,0.010356,LOW
run_5948060e,internal,tbound_cifar100,2026-02-07T02:25:39.981281+00:00,vision,cifar100,cnn,100,45000,1.0,n_d_lr_grid,45000,0.01,128,0.0001,adam,10000,0.3,0.344711,8711,41.79,0.002902,12150000000,0.044711,LOW
run_8a7a0af6,internal,tbound_cifar100,2026-02-07T02:45:39.981281+00:00,vision,cifar100,cnn,100,45000,1.0,n_d_lr_grid,45000,0.003,128,0.0001,adam,10000,0.49673,0.554558,7592,41.35,0.002872,12150000000,0.057828,MEDIUM
run_3d43ac79,internal,tbound_cifar100,2026-02-07T03:05:39.981281+00:00,vision,cifar100,cnn,100,45000,1.0,n_d_lr_grid,45000,0.001,128,0.0001,adam,10000,0.633721,0.648027,7317,113.96,0.007914,12150000000,0.014306,LOW
run_7de8823e,internal,tbound_cifar100,2026-02-07T03:25:39.981281+00:00,vision,cifar100,cnn,100,45000,1.0,n_d_lr_grid,45000,0.0003,128,0.0001,adam,10000,0.3,0.351469,8591,108.72,0.00755,12150000000,0.051469,MEDIUM
run_509c8e33,internal,tbound_cifar100,2026-02-07T03:45:39.981281+00:00,vision,cifar100,cnn,100,45000,1.0,n_d_lr_grid,45000,0.0001,128,0.0001,adam,10000,0.3,0.356348,8996,83.44,0.005794,12150000000,0.056348,MEDIUM
run_e4e92a47,internal,tbound_cifar100,2026-02-07T04:05:39.981281+00:00,vision,cifar100,cnn,100,45000,1.0,n_d_lr_grid,45000,3e-05,128,0.0001,adam,10000,0.3,0.328692,9383,113.58,0.007887,12150000000,0.028692,LOW
run_9e4fdbca,internal,tbound_cifar100,2026-02-07T04:25:39.981281+00:00,vision,cifar100,cnn,100,45000,1.0,n_d_lr_grid,180000,0.01,128,0.0001,adam,10000,0.3,0.356092,9863,124.55,0.008649,48600000000,0.056092,MEDIUM
run_4e3b2252,internal,tbound_cifar100,2026-02-07T04:45:39.981281+00:00,vision,cifar100,cnn,100,45000,1.0,n_d_lr_grid,180000,0.003,128,0.0001,adam,10000,0.382373,0.441959,8716,123.33,0.008565,48600000000,0.059585,MEDIUM
run_dc046c67,internal,tbound_cifar100,2026-02-07T05:05:39.981281+00:00,vision,cifar100,cnn,100,45000,1.0,n_d_lr_grid,180000,0.001,128,0.0001,adam,10000,0.683849,0.741459,9469,103.68,0.0072,48600000000,0.05761,MEDIUM
run_223fc679,internal,tbound_cifar100,2026-02-07T05:25:39.981281+00:00,vision,cifar100,cnn,100,45000,1.0,n_d_lr_grid,180000,0.0003,128,0.0001,adam,10000,0.3,0.323246,7556,127.35,0.008844,48600000000,0.023246,LOW
run_18c6ee65,internal,tbound_cifar100,2026-02-07T05:45:39.981281+00:00,vision,cifar100,cnn,100,45000,1.0,n_d_lr_grid,180000,0.0001,128,0.0001,adam,10000,0.3,0.371029,9582,50.63,0.003516,48600000000,0.071029,MEDIUM
run_398e335b,internal,tbound_cifar100,2026-02-07T06:05:39.981281+00:00,vision,cifar100,cnn,100,45000,1.0,n_d_lr_grid,180000,3e-05,128,0.0001,adam,10000,0.3,0.31036,8574,121.8,0.008458,48600000000,0.01036,LOW
run_d12b961b,internal,tbound_cifar100,2026-02-07T06:25:39.981281+00:00,vision,cifar100,cnn,100,45000,1.0,n_d_lr_grid,400000,0.01,128,0.0001,adam,10000,0.3,0.321253,7588,143.62,0.009973,108000000000,0.021253,LOW
run_9c22276c,internal,tbound_cifar100,2026-02-07T06:45:39.981281+00:00,vision,cifar100,cnn,100,45000,1.0,n_d_lr_grid,400000,0.003,128,0.0001,adam,10000,0.3,0.345523,8247,70.57,0.004901,108000000000,0.045523,LOW
run_d9aef62a,internal,tbound_cifar100,2026-02-07T07:05:39.981281+00:00,vision,cifar100,cnn,100,45000,1.0,n_d_lr_grid,400000,0.001,128,0.0001,adam,10000,0.681653,0.69754,8256,99.38,0.006901,108000000000,0.015887,LOW
run_006a8b8f,internal,tbound_cifar100,2026-02-07T07:25:39.981281+00:00,vision,cifar100,cnn,100,45000,1.0,n_d_lr_grid,400000,0.0003,128,0.0001,adam,10000,0.3,0.354227,7699,93.38,0.006485,108000000000,0.054227,MEDIUM
run_7b061e33,internal,tbound_cifar100,2026-02-07T07:45:39.981281+00:00,vision,cifar100,cnn,100,45000,1.0,n_d_lr_grid,400000,0.0001,128,0.0001,adam,10000,0.3,0.310635,8007,143.68,0.009978,108000000000,0.010635,LOW
run_2ca2c034,internal,tbound_cifar100,2026-02-07T08:05:39.981281+00:00,vision,cifar100,cnn,100,45000,1.0,n_d_lr_grid,400000,3e-05,128,0.0001,adam,10000,0.3,0.317489,7585,138.49,0.009618,108000000000,0.017489,LOW
run_36d7f96e,internal,tbound_cifar100,2026-02-07T08:25:39.981281+00:00,vision,cifar100,cnn,100,45000,1.0,n_d_lr_grid,710000,0.01,128,0.0001,adam,10000,0.3,0.340257,8435,176.61,0.012265,191700000000,0.040257,LOW
run_73237492,internal,tbound_cifar100,2026-02-07T08:45:39.981281+00:00,vision,cifar100,cnn,100,45000,1.0,n_d_lr_grid,710000,0.003,128,0.0001,adam,10000,0.3,0.354284,7988,184.88,0.012839,191700000000,0.054284,MEDIUM
run_b782b210,internal,tbound_cifar100,2026-02-07T09:05:39.981281+00:00,vision,cifar100,cnn,100,45000,1.0,n_d_lr_grid,710000,0.001,128,0.0001,adam,10000,0.680507,0.745724,7483,116.64,0.0081,191700000000,0.065216,MEDIUM
run_fec0bba3,internal,tbound_cifar100,2026-02-07T09:25:39.981281+00:00,vision,cifar100,cnn,100,45000,1.0,n_d_lr_grid,710000,0.0003,128,0.0001,adam,10000,0.35766,0.372408,8040,128.09,0.008895,191700000000,0.014749,LOW
run_031bd42d,internal,tbound_cifar100,2026-02-07T09:45:39.981281+00:00,vision,cifar100,cnn,100,45000,1.0,n_d_lr_grid,710000,0.0001,128,0.0001,adam,10000,0.3,0.363969,7885,164.77,0.011442,191700000000,0.063969,MEDIUM
run_59cd3d7b,internal,tbound_cifar100,2026-02-07T10:05:39.981281+00:00,vision,cifar100,cnn,100,45000,1.0,n_d_lr_grid,710000,3e-05,128,0.0001,adam,10000,0.3,0.334212,9257,156.88,0.010895,191700000000,0.034212,LOW
run_0abf90df,internal,tbound_cifar100,2026-02-07T10:25:39.981281+00:00,vision,cifar100,cnn,100,45000,1.0,n_d_lr_grid,1600000,0.01,128,0.0001,adam,10000,0.3,0.371008,7284,277.61,0.019279,432000000000,0.071008,MEDIUM
run_1f662b80,internal,tbound_cifar100,2026-02-07T10:45:39.981281+00:00,vision,cifar100,cnn,100,45000,1.0,n_d_lr_grid,1600000,0.003,128,0.0001,adam,10000,0.3,0.341217,7947,248.28,0.017242,432000000000,0.041217,LOW
run_0be9b37e,internal,tbound_cifar100,2026-02-07T11:05:39.981281+00:00,vision,cifar100,cnn,100,45000,1.0,n_d_lr_grid,1600000,0.001,128,0.0001,adam,10000,0.658643,0.721721,7906,192.21,0.013348,432000000000,0.063078,MEDIUM
run_9ad7696c,internal,tbound_cifar100,2026-02-07T11:25:39.981281+00:00,vision,cifar100,cnn,100,45000,1.0,n_d_lr_grid,1600000,0.0003,128,0.0001,adam,10000,0.441443,0.508949,9994,223.47,0.015518,432000000000,0.067506,MEDIUM
run_3677d854,internal,tbound_cifar100,2026-02-07T11:45:39.981281+00:00,vision,cifar100,cnn,100,45000,1.0,n_d_lr_grid,1600000,0.0001,128,0.0001,adam,10000,0.3,0.327676,8453,190.09,0.013201,432000000000,0.027676,LOW
run_912578e8,internal,tbound_cifar100,2026-02-07T12:05:39.981281+00:00,vision,cifar100,cnn,100,45000,1.0,n_d_lr_grid,1600000,3e-05,128,0.0001,adam,10000,0.3,0.342798,9444,274.99,0.019096,432000000000,0.042798,LOW
run_89b32e01,internal,tbound_cifar100,2026-02-07T12:25:39.981281+00:00,vision,cifar100,cnn,100,45000,1.0,n_d_lr_grid,2840000,0.01,128,0.0001,adam,10000,0.3,0.369795,9844,361.43,0.025099,766800000000,0.069795,MEDIUM
run_7bb77a9f,internal,tbound_cifar100,2026-02-07T12:45:39.981281+00:00,vision,cifar100,cnn,100,45000,1.0,n_d_lr_grid,2840000,0.003,128,0.0001,adam,10000,0.3,0.358558,8710,333.87,0.023185,766800000000,0.058558,MEDIUM
run_2cff7f52,internal,tbound_cifar100,2026-02-07T13:05:39.981281+00:00,vision,cifar100,cnn,100,45000,1.0,n_d_lr_grid,2840000,0.001,128,0.0001,adam,10000,0.646906,0.704541,8562,372.91,0.025896,766800000000,0.057635,MEDIUM
run_2d8d808a,internal,tbound_cifar100,2026-02-07T13:25:39.981281+00:00,vision,cifar100,cnn,100,45000,1.0,n_d_lr_grid,2840000,0.0003,128,0.0001,adam,10000,0.504318,0.575081,7988,400.69,0.027826,766800000000,0.070764,MEDIUM
run_75ca5358,internal,tbound_cifar100,2026-02-07T13:45:39.981281+00:00,vision,cifar100,cnn,100,45000,1.0,n_d_lr_grid,2840000,0.0001,128,0.0001,adam,10000,0.3,0.376053,7083,351.78,0.024429,766800000000,0.076053,MEDIUM
run_34315c3b,internal,tbound_cifar100,2026-02-07T14:05:39.981281+00:00,vision,cifar100,cnn,100,45000,1.0,n_d_lr_grid,2840000,3e-05,128,0.0001,adam,10000,0.3,0.337832,8410,338.68,0.023519,766800000000,0.037832,LOW
run_240903c6,internal,tbound_cifar100,2026-02-07T14:25:39.981281+00:00,vision,cifar100,cnn,100,11250,0.25,batch_grid,710000,0.000856,32,0.0001,adam,10000,0.625221,0.647699,7933,120.24,0.00835,191700000000,0.022478,LOW
run_b0c3257a,internal,tbound_cifar100,2026-02-07T14:45:39.981281+00:00,vision,cifar100,cnn,100,11250,0.25,batch_grid,710000,0.000856,64,0.0001,adam,10000,0.665221,0.684419,8855,113.79,0.007902,191700000000,0.019198,LOW
run_ec542cde,internal,tbound_cifar100,2026-02-07T15:05:39.981281+00:00,vision,cifar100,cnn,100,11250,0.25,batch_grid,710000,0.000856,128,0.0001,adam,10000,0.685221,0.729946,8809,143.9,0.009993,191700000000,0.044725,LOW
run_510e72f2,internal,tbound_cifar100,2026-02-07T15:25:39.981281+00:00,vision,cifar100,cnn,100,11250,0.25,batch_grid,710000,0.000856,256,0.0001,adam,10000,0.685221,0.729795,8607,129.39,0.008986,191700000000,0.044574,LOW
run_90284894,internal,tbound_cifar100,2026-02-07T15:45:39.981281+00:00,vision,cifar100,cnn,100,11250,0.25,batch_grid,710000,0.000856,512,0.0001,adam,10000,0.665221,0.681591,7519,113.22,0.007863,191700000000,0.01637,LOW
run_414bd9d5,internal,tbound_cifar100,2026-02-07T16:05:39.981281+00:00,vision,cifar100,cnn,100,11250,0.25,batch_grid,710000,0.000856,1024,0.0001,adam,10000,0.625221,0.666058,9035,151.69,0.010534,191700000000,0.040837,LOW
run_0efd41c9,internal,tbound_cifar100,2026-02-07T16:25:39.981281+00:00,vision,cifar100,cnn,100,22500,0.5,batch_grid,710000,0.000856,32,0.0001,adam,10000,0.625221,0.635935,8963,148.81,0.010334,191700000000,0.010714,LOW
run_f60a1065,internal,tbound_cifar100,2026-02-07T16:45:39.981281+00:00,vision,cifar100,cnn,100,22500,0.5,batch_grid,710000,0.000856,64,0.0001,adam,10000,0.665221,0.676522,9946,156.25,0.010851,191700000000,0.011301,LOW
run_fbe30d19,internal,tbound_cifar100,2026-02-07T17:05:39.981281+00:00,vision,cifar100,cnn,100,22500,0.5,batch_grid,710000,0.000856,128,0.0001,adam,10000,0.685221,0.702639,9781,128.73,0.008939,191700000000,0.017418,LOW
run_c95d1184,internal,tbound_cifar100,2026-02-07T17:25:39.981281+00:00,vision,cifar100,cnn,100,22500,0.5,batch_grid,710000,0.000856,256,0.0001,adam,10000,0.685221,0.699913,8259,108.51,0.007535,191700000000,0.014692,LOW
run_79125203,internal,tbound_cifar100,2026-02-07T17:45:39.981281+00:00,vision,cifar100,cnn,100,22500,0.5,batch_grid,710000,0.000856,512,0.0001,adam,10000,0.665221,0.685123,8016,134.5,0.009341,191700000000,0.019902,LOW
run_9f48c181,internal,tbound_cifar100,2026-02-07T18:05:39.981281+00:00,vision,cifar100,cnn,100,22500,0.5,batch_grid,710000,0.000856,1024,0.0001,adam,10000,0.625221,0.641654,9548,140.09,0.009729,191700000000,0.016433,LOW
run_b39ada19,internal,tbound_cifar100,2026-02-07T18:25:39.981281+00:00,vision,cifar100,cnn,100,45000,1.0,batch_grid,710000,0.000856,32,0.0001,adam,10000,0.625221,0.645981,7394,148.85,0.010337,191700000000,0.02076,LOW
run_f4386840,internal,tbound_cifar100,2026-02-07T18:45:39.981281+00:00,vision,cifar100,cnn,100,45000,1.0,batch_grid,710000,0.000856,64,0.0001,adam,10000,0.665221,0.714595,7273,109.97,0.007637,191700000000,0.049374,LOW
run_552e560f,internal,tbound_cifar100,2026-02-07T19:05:39.981281+00:00,vision,cifar100,cnn,100,45000,1.0,batch_grid,710000,0.000856,128,0.0001,adam,10000,0.685221,0.722439,7606,124.73,0.008662,191700000000,0.037218,LOW
run_c36837e3,internal,tbound_cifar100,2026-02-07T19:25:39.981281+00:00,vision,cifar100,cnn,100,45000,1.0,batch_grid,710000,0.000856,256,0.0001,adam,10000,0.685221,0.724096,7728,140.42,0.009751,191700000000,0.038876,LOW
run_9051b586,internal,tbound_cifar100,2026-02-07T19:45:39.981281+00:00,vision,cifar100,cnn,100,45000,1.0,batch_grid,710000,0.000856,512,0.0001,adam,10000,0.665221,0.709626,8415,147.79,0.010263,191700000000,0.044405,LOW
run_5c6bcc2b,internal,tbound_cifar100,2026-02-07T20:05:39.981281+00:00,vision,cifar100,cnn,100,45000,1.0,batch_grid,710000,0.000856,1024,0.0001,adam,10000,0.625221,0.664192,8576,145.95,0.010135,191700000000,0.038971,LOW
run_bf177c30,internal,tbound_stl10,2026-02-07T20:25:39.981281+00:00,vision,stl10,cnn,10,4500,0.1,n_d_lr_grid,45000,0.01,128,0.0001,adam,10000,0.3,0.379066,7591,47.32,0.003286,12150000000,0.079066,MEDIUM
run_f3132751,internal,tbound_stl10,2026-02-07T20:45:39.981281+00:00,vision,stl10,cnn,10,4500,0.1,n_d_lr_grid,45000,0.003,128,0.0001,adam,10000,0.3,0.343765,9720,53.43,0.003711,12150000000,0.043765,LOW
run_c6d8fab0,internal,tbound_stl10,2026-02-07T21:05:39.981281+00:00,vision,stl10,cnn,10,4500,0.1,n_d_lr_grid,45000,0.001,128,0.0001,adam,10000,0.399433,0.448609,9043,35.38,0.002457,12150000000,0.049175,LOW
run_1ab06f8e,internal,tbound_stl10,2026-02-07T21:25:39.981281+00:00,vision,stl10,cnn,10,4500,0.1,n_d_lr_grid,45000,0.0003,128,0.0001,adam,10000,0.3,0.315069,8768,82.58,0.005735,12150000000,0.015069,LOW
run_2d7ead40,internal,tbound_stl10,2026-02-07T21:45:39.981281+00:00,vision,stl10,cnn,10,4500,0.1,n_d_lr_grid,45000,0.0001,128,0.0001,adam,10000,0.3,0.334544,9163,37.49,0.002603,12150000000,0.034544,LOW
run_2687b2f4,internal,tbound_stl10,2026-02-07T22:05:39.981281+00:00,vision,stl10,cnn,10,4500,0.1,n_d_lr_grid,45000,3e-05,128,0.0001,adam,10000,0.3,0.335046,9918,63.49,0.004409,12150000000,0.035046,LOW
run_674a6229,internal,tbound_stl10,2026-02-07T22:25:39.981281+00:00,vision,stl10,cnn,10,4500,0.1,n_d_lr_grid,180000,0.01,128,0.0001,adam,10000,0.3,0.32406,7142,110.39,0.007666,48600000000,0.02406,LOW
run_bda3603e,internal,tbound_stl10,2026-02-07T22:45:39.981281+00:00,vision,stl10,cnn,10,4500,0.1,n_d_lr_grid,180000,0.003,128,0.0001,adam,10000,0.3,0.324011,8328,63.07,0.00438,48600000000,0.024011,LOW
run_6c2df087,internal,tbound_stl10,2026-02-07T23:05:39.981281+00:00,vision,stl10,cnn,10,4500,0.1,n_d_lr_grid,180000,0.001,128,0.0001,adam,10000,0.441983,0.518591,7634,59.18,0.00411,48600000000,0.076608,MEDIUM
run_34ab3e58,internal,tbound_stl10,2026-02-07T23:25:39.981281+00:00,vision,stl10,cnn,10,4500,0.1,n_d_lr_grid,180000,0.0003,128,0.0001,adam,10000,0.3,0.312211,9270,132.26,0.009185,48600000000,0.012211,LOW
run_9e7b7713,internal,tbound_stl10,2026-02-07T23:45:39.981281+00:00,vision,stl10,cnn,10,4500,0.1,n_d_lr_grid,180000,0.0001,128,0.0001,adam,10000,0.3,0.347891,8287,111.82,0.007765,48600000000,0.047891,LOW
run_84a9eff3,internal,tbound_stl10,2026-02-08T00:05:39.981281+00:00,vision,stl10,cnn,10,4500,0.1,n_d_lr_grid,180000,3e-05,128,0.0001,adam,10000,0.3,0.376315,8107,104.28,0.007241,48600000000,0.076315,MEDIUM
run_b1876272,internal,tbound_stl10,2026-02-08T00:25:39.981281+00:00,vision,stl10,cnn,10,4500,0.1,n_d_lr_grid,400000,0.01,128,0.0001,adam,10000,0.3,0.333762,9054,143.33,0.009954,108000000000,0.033762,LOW
run_6439ab28,internal,tbound_stl10,2026-02-08T00:45:39.981281+00:00,vision,stl10,cnn,10,4500,0.1,n_d_lr_grid,400000,0.003,128,0.0001,adam,10000,0.3,0.356257,7021,119.77,0.008317,108000000000,0.056257,MEDIUM
run_3ef62d92,internal,tbound_stl10,2026-02-08T01:05:39.981281+00:00,vision,stl10,cnn,10,4500,0.1,n_d_lr_grid,400000,0.001,128,0.0001,adam,10000,0.441715,0.483377,7808,127.92,0.008883,108000000000,0.041662,LOW
run_6d21dd66,internal,tbound_stl10,2026-02-08T01:25:39.981281+00:00,vision,stl10,cnn,10,4500,0.1,n_d_lr_grid,400000,0.0003,128,0.0001,adam,10000,0.3,0.32148,9134,109.47,0.007602,108000000000,0.02148,LOW
run_69b3ebcc,internal,tbound_stl10,2026-02-08T01:45:39.981281+00:00,vision,stl10,cnn,10,4500,0.1,n_d_lr_grid,400000,0.0001,128,0.0001,adam,10000,0.3,0.355521,8266,113.14,0.007857,108000000000,0.055521,MEDIUM
run_fc20a26e,internal,tbound_stl10,2026-02-08T02:05:39.981281+00:00,vision,stl10,cnn,10,4500,0.1,n_d_lr_grid,400000,3e-05,128,0.0001,adam,10000,0.3,0.325345,7684,157.83,0.01096,108000000000,0.025345,LOW
run_51749472,internal,tbound_stl10,2026-02-08T02:25:39.981281+00:00,vision,stl10,cnn,10,4500,0.1,n_d_lr_grid,710000,0.01,128,0.0001,adam,10000,0.3,0.322748,7694,172.07,0.01195,191700000000,0.022748,LOW
run_e82b6ef4,internal,tbound_stl10,2026-02-08T02:45:39.981281+00:00,vision,stl10,cnn,10,4500,0.1,n_d_lr_grid,710000,0.003,128,0.0001,adam,10000,0.3,0.313056,8989,115.55,0.008024,191700000000,0.013056,LOW
run_4dba263f,internal,tbound_stl10,2026-02-08T03:05:39.981281+00:00,vision,stl10,cnn,10,4500,0.1,n_d_lr_grid,710000,0.001,128,0.0001,adam,10000,0.438442,0.498786,7311,121.56,0.008442,191700000000,0.060344,MEDIUM
run_7f88b88b,internal,tbound_stl10,2026-02-08T03:25:39.981281+00:00,vision,stl10,cnn,10,4500,0.1,n_d_lr_grid,710000,0.0003,128,0.0001,adam,10000,0.3,0.378236,8737,159.53,0.011078,191700000000,0.078236,MEDIUM
run_4c606e08,internal,tbound_stl10,2026-02-08T03:45:39.981281+00:00,vision,stl10,cnn,10,4500,0.1,n_d_lr_grid,710000,0.0001,128,0.0001,adam,10000,0.3,0.338228,8982,120.85,0.008392,191700000000,0.038228,LOW
run_30076d60,internal,tbound_stl10,2026-02-08T04:05:39.981281+00:00,vision,stl10,cnn,10,4500,0.1,n_d_lr_grid,710000,3e-05,128,0.0001,adam,10000,0.3,0.32425,9909,176.64,0.012267,191700000000,0.02425,LOW
run_e7b6de49,internal,tbound_stl10,2026-02-08T04:25:39.981281+00:00,vision,stl10,cnn,10,4500,0.1,n_d_lr_grid,1600000,0.01,128,0.0001,adam,10000,0.3,0.377255,9071,227.43,0.015794,432000000000,0.077255,MEDIUM
run_4ddf587c,internal,tbound_stl10,2026-02-08T04:45:39.981281+00:00,vision,stl10,cnn,10,4500,0.1,n_d_lr_grid,1600000,0.003,128,0.0001,adam,10000,0.3,0.339785,8387,221.13,0.015357,432000000000,0.039785,LOW
run_96bf8844,internal,tbound_stl10,2026-02-08T05:05:39.981281+00:00,vision,stl10,cnn,10,4500,0.1,n_d_lr_grid,1600000,0.001,128,0.0001,adam,10000,0.417652,0.481393,8712,235.44,0.01635,432000000000,0.063741,MEDIUM
run_c268515f,internal,tbound_stl10,2026-02-08T05:25:39.981281+00:00,vision,stl10,cnn,10,4500,0.1,n_d_lr_grid,1600000,0.0003,128,0.0001,adam,10000,0.3,0.34598,8273,242.93,0.01687,432000000000,0.04598,LOW
run_1884b3cc,internal,tbound_stl10,2026-02-08T05:45:39.981281+00:00,vision,stl10,cnn,10,4500,0.1,n_d_lr_grid,1600000,0.0001,128,0.0001,adam,10000,0.3,0.360768,9625,233.8,0.016236,432000000000,0.060768,MEDIUM
run_d521e0c0,internal,tbound_stl10,2026-02-08T06:05:39.981281+00:00,vision,stl10,cnn,10,4500,0.1,n_d_lr_grid,1600000,3e-05,128,0.0001,adam,10000,0.3,0.351841,7294,261.37,0.01815,432000000000,0.051841,MEDIUM
run_8138f6ce,internal,tbound_stl10,2026-02-08T06:25:39.981281+00:00,vision,stl10,cnn,10,4500,0.1,n_d_lr_grid,2840000,0.01,128,0.0001,adam,10000,0.3,0.329378,8269,367.31,0.025508,766800000000,0.029378,LOW
run_f22a1c9e,internal,tbound_stl10,2026-02-08T06:45:39.981281+00:00,vision,stl10,cnn,10,4500,0.1,n_d_lr_grid,2840000,0.003,128,0.0001,adam,10000,0.3,0.335141,7529,348.55,0.024205,766800000000,0.035141,LOW
run_89dfa941,internal,tbound_stl10,2026-02-08T07:05:39.981281+00:00,vision,stl10,cnn,10,4500,0.1,n_d_lr_grid,2840000,0.001,128,0.0001,adam,10000,0.401673,0.455882,9914,379.98,0.026388,766800000000,0.054209,MEDIUM
run_d76b310e,internal,tbound_stl10,2026-02-08T07:25:39.981281+00:00,vision,stl10,cnn,10,4500,0.1,n_d_lr_grid,2840000,0.0003,128,0.0001,adam,10000,0.3,0.36432,7477,350.48,0.024339,766800000000,0.06432,MEDIUM
run_9fd48b76,internal,tbound_stl10,2026-02-08T07:45:39.981281+00:00,vision,stl10,cnn,10,4500,0.1,n_d_lr_grid,2840000,0.0001,128,0.0001,adam,10000,0.3,0.322578,9381,335.38,0.02329,766800000000,0.022578,LOW
run_48fea23d,internal,tbound_stl10,2026-02-08T08:05:39.981281+00:00,vision,stl10,cnn,10,4500,0.1,n_d_lr_grid,2840000,3e-05,128,0.0001,adam,10000,0.3,0.345883,7552,351.17,0.024387,766800000000,0.045883,LOW
run_a5335af6,internal,tbound_stl10,2026-02-08T08:25:39.981281+00:00,vision,stl10,cnn,10,9000,0.2,n_d_lr_grid,45000,0.01,128,0.0001,adam,10000,0.3,0.327306,8646,112.87,0.007838,12150000000,0.027306,LOW
run_f908cdbf,internal,tbound_stl10,2026-02-08T08:45:39.981281+00:00,vision,stl10,cnn,10,9000,0.2,n_d_lr_grid,45000,0.003,128,0.0001,adam,10000,0.344637,0.396141,7129,86.65,0.006017,12150000000,0.051504,MEDIUM
run_cb2d5a46,internal,tbound_stl10,2026-02-08T09:05:39.981281+00:00,vision,stl10,cnn,10,9000,0.2,n_d_lr_grid,45000,0.001,128,0.0001,adam,10000,0.481628,0.498296,9040,93.19,0.006472,12150000000,0.016668,LOW
run_adf5db17,internal,tbound_stl10,2026-02-08T09:25:39.981281+00:00,vision,stl10,cnn,10,9000,0.2,n_d_lr_grid,45000,0.0003,128,0.0001,adam,10000,0.3,0.337933,7260,111.72,0.007758,12150000000,0.037933,LOW
run_9ae03804,internal,tbound_stl10,2026-02-08T09:45:39.981281+00:00,vision,stl10,cnn,10,9000,0.2,n_d_lr_grid,45000,0.0001,128,0.0001,adam,10000,0.3,0.332763,7300,104.11,0.00723,12150000000,0.032763,LOW
run_14af8a02,internal,tbound_stl10,2026-02-08T10:05:39.981281+00:00,vision,stl10,cnn,10,9000,0.2,n_d_lr_grid,45000,3e-05,128,0.0001,adam,10000,0.3,0.326592,7629,55.62,0.003863,12150000000,0.026592,LOW
run_9474a6b5,internal,tbound_stl10,2026-02-08T10:25:39.981281+00:00,vision,stl10,cnn,10,9000,0.2,n_d_lr_grid,180000,0.01,128,0.0001,adam,10000,0.3,0.321883,8801,94.78,0.006582,48600000000,0.021883,LOW
run_4d891af4,internal,tbound_stl10,2026-02-08T10:45:39.981281+00:00,vision,stl10,cnn,10,9000,0.2,n_d_lr_grid,180000,0.003,128,0.0001,adam,10000,0.3,0.356857,9180,61.12,0.004244,48600000000,0.056857,MEDIUM
run_b567d64a,internal,tbound_stl10,2026-02-08T11:05:39.981281+00:00,vision,stl10,cnn,10,9000,0.2,n_d_lr_grid,180000,0.001,128,0.0001,adam,10000,0.526089,0.553499,9560,103.54,0.00719,48600000000,0.02741,LOW
run_214707db,internal,tbound_stl10,2026-02-08T11:25:39.981281+00:00,vision,stl10,cnn,10,9000,0.2,n_d_lr_grid,180000,0.0003,128,0.0001,adam,10000,0.3,0.327677,8307,80.33,0.005579,48600000000,0.027677,LOW
run_3c8c0bda,internal,tbound_stl10,2026-02-08T11:45:39.981281+00:00,vision,stl10,cnn,10,9000,0.2,n_d_lr_grid,180000,0.0001,128,0.0001,adam,10000,0.3,0.312567,9020,114.28,0.007936,48600000000,0.012567,LOW
run_e22c10ee,internal,tbound_stl10,2026-02-08T12:05:39.981281+00:00,vision,stl10,cnn,10,9000,0.2,n_d_lr_grid,180000,3e-05,128,0.0001,adam,10000,0.3,0.347346,8655,118.36,0.00822,48600000000,0.047346,LOW
run_32facd4a,internal,tbound_stl10,2026-02-08T12:25:39.981281+00:00,vision,stl10,cnn,10,9000,0.2,n_d_lr_grid,400000,0.01,128,0.0001,adam,10000,0.3,0.366397,8742,122.68,0.00852,108000000000,0.066397,MEDIUM
run_ef8859dd,internal,tbound_stl10,2026-02-08T12:45:39.981281+00:00,vision,stl10,cnn,10,9000,0.2,n_d_lr_grid,400000,0.003,128,0.0001,adam,10000,0.3,0.34907,8939,118.59,0.008236,108000000000,0.04907,LOW
run_68784972,internal,tbound_stl10,2026-02-08T13:05:39.981281+00:00,vision,stl10,cnn,10,9000,0.2,n_d_lr_grid,400000,0.001,128,0.0001,adam,10000,0.525443,0.554325,9558,75.14,0.005218,108000000000,0.028882,LOW
run_6834c176,internal,tbound_stl10,2026-02-08T13:25:39.981281+00:00,vision,stl10,cnn,10,9000,0.2,n_d_lr_grid,400000,0.0003,128,0.0001,adam,10000,0.3,0.326179,9166,74.65,0.005184,108000000000,0.026179,LOW
run_5e830831,internal,tbound_stl10,2026-02-08T13:45:39.981281+00:00,vision,stl10,cnn,10,9000,0.2,n_d_lr_grid,400000,0.0001,128,0.0001,adam,10000,0.3,0.325729,8082,86.2,0.005986,108000000000,0.025729,LOW
run_4dca50a1,internal,tbound_stl10,2026-02-08T14:05:39.981281+00:00,vision,stl10,cnn,10,9000,0.2,n_d_lr_grid,400000,3e-05,128,0.0001,adam,10000,0.3,0.332131,8229,115.65,0.008031,108000000000,0.032131,LOW
run_187c4b3a,internal,tbound_stl10,2026-02-08T14:25:39.981281+00:00,vision,stl10,cnn,10,9000,0.2,n_d_lr_grid,710000,0.01,128,0.0001,adam,10000,0.3,0.358175,9289,136.76,0.009498,191700000000,0.058175,MEDIUM
run_03b6d7e3,internal,tbound_stl10,2026-02-08T14:45:39.981281+00:00,vision,stl10,cnn,10,9000,0.2,n_d_lr_grid,710000,0.003,128,0.0001,adam,10000,0.3,0.377558,7216,101.44,0.007045,191700000000,0.077558,MEDIUM
run_caec164f,internal,tbound_stl10,2026-02-08T15:05:39.981281+00:00,vision,stl10,cnn,10,9000,0.2,n_d_lr_grid,710000,0.001,128,0.0001,adam,10000,0.522763,0.577502,8246,179.11,0.012438,191700000000,0.054738,MEDIUM
run_ebc9368b,internal,tbound_stl10,2026-02-08T15:25:39.981281+00:00,vision,stl10,cnn,10,9000,0.2,n_d_lr_grid,710000,0.0003,128,0.0001,adam,10000,0.3,0.327796,7918,147.96,0.010275,191700000000,0.027796,LOW
run_86723936,internal,tbound_stl10,2026-02-08T15:45:39.981281+00:00,vision,stl10,cnn,10,9000,0.2,n_d_lr_grid,710000,0.0001,128,0.0001,adam,10000,0.3,0.35668,9431,113.57,0.007887,191700000000,0.05668,MEDIUM
run_e2b8343b,internal,tbound_stl10,2026-02-08T16:05:39.981281+00:00,vision,stl10,cnn,10,9000,0.2,n_d_lr_grid,710000,3e-05,128,0.0001,adam,10000,0.3,0.31929,8969,113.92,0.007911,191700000000,0.01929,LOW
run_2f36c303,internal,tbound_stl10,2026-02-08T16:25:39.981281+00:00,vision,stl10,cnn,10,9000,0.2,n_d_lr_grid,1600000,0.01,128,0.0001,adam,10000,0.3,0.32413,9033,250.61,0.017403,432000000000,0.02413,LOW
run_ba4468af,internal,tbound_stl10,2026-02-08T16:45:39.981281+00:00,vision,stl10,cnn,10,9000,0.2,n_d_lr_grid,1600000,0.003,128,0.0001,adam,10000,0.3,0.323184,9716,255.77,0.017762,432000000000,0.023184,LOW
run_f2ee0b6b,internal,tbound_stl10,2026-02-08T17:05:39.981281+00:00,vision,stl10,cnn,10,9000,0.2,n_d_lr_grid,1600000,0.001,128,0.0001,adam,10000,0.501828,0.542891,7085,268.13,0.01862,432000000000,0.041063,LOW
run_d44707e7,internal,tbound_stl10,2026-02-08T17:25:39.981281+00:00,vision,stl10,cnn,10,9000,0.2,n_d_lr_grid,1600000,0.0003,128,0.0001,adam,10000,0.3,0.327871,8142,249.55,0.01733,432000000000,0.027871,LOW
run_2b5faaac,internal,tbound_stl10,2026-02-08T17:45:39.981281+00:00,vision,stl10,cnn,10,9000,0.2,n_d_lr_grid,1600000,0.0001,128,0.0001,adam,10000,0.3,0.376123,9161,251.49,0.017465,432000000000,0.076123,MEDIUM
run_cf97c4c3,internal,tbound_stl10,2026-02-08T18:05:39.981281+00:00,vision,stl10,cnn,10,9000,0.2,n_d_lr_grid,1600000,3e-05,128,0.0001,adam,10000,0.3,0.32709,7302,264.78,0.018387,432000000000,0.02709,LOW
run_e6ceb605,internal,tbound_stl10,2026-02-08T18:25:39.981281+00:00,vision,stl10,cnn,10,9000,0.2,n_d_lr_grid,2840000,0.01,128,0.0001,adam,10000,0.3,0.349943,8863,316.73,0.021995,766800000000,0.049943,LOW
run_21785b9e,internal,tbound_stl10,2026-02-08T18:45:39.981281+00:00,vision,stl10,cnn,10,9000,0.2,n_d_lr_grid,2840000,0.003,128,0.0001,adam,10000,0.3,0.365686,8310,396.68,0.027547,766800000000,0.065686,MEDIUM
run_3693d68a,internal,tbound_stl10,2026-02-08T19:05:39.981281+00:00,vision,stl10,cnn,10,9000,0.2,n_d_lr_grid,2840000,0.001,128,0.0001,adam,10000,0.486965,0.543087,8092,349.45,0.024267,766800000000,0.056122,MEDIUM
run_a1d0717f,internal,tbound_stl10,2026-02-08T19:25:39.981281+00:00,vision,stl10,cnn,10,9000,0.2,n_d_lr_grid,2840000,0.0003,128,0.0001,adam,10000,0.344376,0.394779,8009,345.37,0.023984,766800000000,0.050403,MEDIUM
run_60343ab8,internal,tbound_stl10,2026-02-08T19:45:39.981281+00:00,vision,stl10,cnn,10,9000,0.2,n_d_lr_grid,2840000,0.0001,128,0.0001,adam,10000,0.3,0.352347,8112,342.63,0.023794,766800000000,0.052347,MEDIUM
run_22a7b654,internal,tbound_stl10,2026-02-08T20:05:39.981281+00:00,vision,stl10,cnn,10,9000,0.2,n_d_lr_grid,2840000,3e-05,128,0.0001,adam,10000,0.3,0.370953,9636,384.41,0.026695,766800000000,0.070953,MEDIUM
run_afc08102,internal,tbound_stl10,2026-02-08T20:25:39.981281+00:00,vision,stl10,cnn,10,15749,0.35,n_d_lr_grid,45000,0.01,128,0.0001,adam,10000,0.3,0.330208,7493,44.32,0.003078,12150000000,0.030208,LOW
run_5b0b5af6,internal,tbound_stl10,2026-02-08T20:45:39.981281+00:00,vision,stl10,cnn,10,15749,0.35,n_d_lr_grid,45000,0.003,128,0.0001,adam,10000,0.422213,0.49701,9444,73.94,0.005134,12150000000,0.074797,MEDIUM
run_ab4a0fb3,internal,tbound_stl10,2026-02-08T21:05:39.981281+00:00,vision,stl10,cnn,10,15749,0.35,n_d_lr_grid,45000,0.001,128,0.0001,adam,10000,0.559204,0.625051,8354,73.7,0.005118,12150000000,0.065847,MEDIUM
run_bc0c2602,internal,tbound_stl10,2026-02-08T21:25:39.981281+00:00,vision,stl10,cnn,10,15749,0.35,n_d_lr_grid,45000,0.0003,128,0.0001,adam,10000,0.3,0.336297,7454,61.22,0.004251,12150000000,0.036297,LOW
run_97840960,internal,tbound_stl10,2026-02-08T21:45:39.981281+00:00,vision,stl10,cnn,10,15749,0.35,n_d_lr_grid,45000,0.0001,128,0.0001,adam,10000,0.3,0.310403,7710,63.71,0.004424,12150000000,0.010403,LOW
run_62c45b83,internal,tbound_stl10,2026-02-08T22:05:39.981281+00:00,vision,stl10,cnn,10,15749,0.35,n_d_lr_grid,45000,3e-05,128,0.0001,adam,10000,0.3,0.349441,9652,68.74,0.004773,12150000000,0.049441,LOW
run_409df5c1,internal,tbound_stl10,2026-02-08T22:25:39.981281+00:00,vision,stl10,cnn,10,15749,0.35,n_d_lr_grid,180000,0.01,128,0.0001,adam,10000,0.3,0.341409,9338,69.38,0.004818,48600000000,0.041409,LOW
run_dfbd79e7,internal,tbound_stl10,2026-02-08T22:45:39.981281+00:00,vision,stl10,cnn,10,15749,0.35,n_d_lr_grid,180000,0.003,128,0.0001,adam,10000,0.303994,0.329903,9914,54.59,0.003791,48600000000,0.025909,LOW
run_2a5c6822,internal,tbound_stl10,2026-02-08T23:05:39.981281+00:00,vision,stl10,cnn,10,15749,0.35,n_d_lr_grid,180000,0.001,128,0.0001,adam,10000,0.605469,0.62726,7961,105.83,0.007349,48600000000,0.021791,LOW
run_347dfa2f,internal,tbound_stl10,2026-02-08T23:25:39.981281+00:00,vision,stl10,cnn,10,15749,0.35,n_d_lr_grid,180000,0.0003,128,0.0001,adam,10000,0.3,0.342445,9375,82.18,0.005707,48600000000,0.042445,LOW
run_37808004,internal,tbound_stl10,2026-02-08T23:45:39.981281+00:00,vision,stl10,cnn,10,15749,0.35,n_d_lr_grid,180000,0.0001,128,0.0001,adam,10000,0.3,0.346336,9676,91.13,0.006328,48600000000,0.046336,LOW
run_f905eaa0,internal,tbound_stl10,2026-02-09T00:05:39.981281+00:00,vision,stl10,cnn,10,15749,0.35,n_d_lr_grid,180000,3e-05,128,0.0001,adam,10000,0.3,0.366964,8156,57.8,0.004014,48600000000,0.066964,MEDIUM
run_597782b7,internal,tbound_stl10,2026-02-09T00:25:39.981281+00:00,vision,stl10,cnn,10,15749,0.35,n_d_lr_grid,400000,0.01,128,0.0001,adam,10000,0.3,0.337918,8763,122.22,0.008487,108000000000,0.037918,LOW
run_4b7079d3,internal,tbound_stl10,2026-02-09T00:45:39.981281+00:00,vision,stl10,cnn,10,15749,0.35,n_d_lr_grid,400000,0.003,128,0.0001,adam,10000,0.3,0.352553,8349,138.84,0.009642,108000000000,0.052553,MEDIUM
run_b7a150f3,internal,tbound_stl10,2026-02-09T01:05:39.981281+00:00,vision,stl10,cnn,10,15749,0.35,n_d_lr_grid,400000,0.001,128,0.0001,adam,10000,0.604466,0.666747,9474,134.39,0.009333,108000000000,0.062281,MEDIUM
run_6ba6695e,internal,tbound_stl10,2026-02-09T01:25:39.981281+00:00,vision,stl10,cnn,10,15749,0.35,n_d_lr_grid,400000,0.0003,128,0.0001,adam,10000,0.3,0.311276,8014,87.62,0.006085,108000000000,0.011276,LOW
run_353cf5f0,internal,tbound_stl10,2026-02-09T01:45:39.981281+00:00,vision,stl10,cnn,10,15749,0.35,n_d_lr_grid,400000,0.0001,128,0.0001,adam,10000,0.3,0.37277,9446,76.42,0.005307,108000000000,0.07277,MEDIUM
run_dc45739c,internal,tbound_stl10,2026-02-09T02:05:39.981281+00:00,vision,stl10,cnn,10,15749,0.35,n_d_lr_grid,400000,3e-05,128,0.0001,adam,10000,0.3,0.327044,7323,153.43,0.010655,108000000000,0.027044,LOW
run_fdcaced9,internal,tbound_stl10,2026-02-09T02:25:39.981281+00:00,vision,stl10,cnn,10,15749,0.35,n_d_lr_grid,710000,0.01,128,0.0001,adam,10000,0.3,0.375411,8825,132.65,0.009212,191700000000,0.075411,MEDIUM
run_0c47858c,internal,tbound_stl10,2026-02-09T02:45:39.981281+00:00,vision,stl10,cnn,10,15749,0.35,n_d_lr_grid,710000,0.003,128,0.0001,adam,10000,0.3,0.321643,7372,156.56,0.010872,191700000000,0.021643,LOW
run_45424f98,internal,tbound_stl10,2026-02-09T03:05:39.981281+00:00,vision,stl10,cnn,10,15749,0.35,n_d_lr_grid,710000,0.001,128,0.0001,adam,10000,0.602346,0.632287,9798,128.66,0.008934,191700000000,0.029941,LOW
run_bb8ac4a7,internal,tbound_stl10,2026-02-09T03:25:39.981281+00:00,vision,stl10,cnn,10,15749,0.35,n_d_lr_grid,710000,0.0003,128,0.0001,adam,10000,0.3,0.347258,7105,153.28,0.010645,191700000000,0.047258,LOW
run_f4e65efd,internal,tbound_stl10,2026-02-09T03:45:39.981281+00:00,vision,stl10,cnn,10,15749,0.35,n_d_lr_grid,710000,0.0001,128,0.0001,adam,10000,0.3,0.352723,9636,165.45,0.01149,191700000000,0.052723,MEDIUM
run_53f76a58,internal,tbound_stl10,2026-02-09T04:05:39.981281+00:00,vision,stl10,cnn,10,15749,0.35,n_d_lr_grid,710000,3e-05,128,0.0001,adam,10000,0.3,0.338948,8286,111.97,0.007776,191700000000,0.038948,LOW
run_b8a953e5,internal,tbound_stl10,2026-02-09T04:25:39.981281+00:00,vision,stl10,cnn,10,15749,0.35,n_d_lr_grid,1600000,0.01,128,0.0001,adam,10000,0.3,0.357678,9956,206.33,0.014328,432000000000,0.057678,MEDIUM
run_6af96e55,internal,tbound_stl10,2026-02-09T04:45:39.981281+00:00,vision,stl10,cnn,10,15749,0.35,n_d_lr_grid,1600000,0.003,128,0.0001,adam,10000,0.3,0.322921,7444,216.58,0.01504,432000000000,0.022921,LOW
run_fb9876a7,internal,tbound_stl10,2026-02-09T05:05:39.981281+00:00,vision,stl10,cnn,10,15749,0.35,n_d_lr_grid,1600000,0.001,128,0.0001,adam,10000,0.581275,0.609234,8475,276.66,0.019213,432000000000,0.027959,LOW
run_c0eb0256,internal,tbound_stl10,2026-02-09T05:25:39.981281+00:00,vision,stl10,cnn,10,15749,0.35,n_d_lr_grid,1600000,0.0003,128,0.0001,adam,10000,0.364075,0.380168,8195,263.42,0.018293,432000000000,0.016093,LOW
run_465ba5bc,internal,tbound_stl10,2026-02-09T05:45:39.981281+00:00,vision,stl10,cnn,10,15749,0.35,n_d_lr_grid,1600000,0.0001,128,0.0001,adam,10000,0.3,0.313039,9938,246.98,0.017152,432000000000,0.013039,LOW
run_bc89b2e9,internal,tbound_stl10,2026-02-09T06:05:39.981281+00:00,vision,stl10,cnn,10,15749,0.35,n_d_lr_grid,1600000,3e-05,128,0.0001,adam,10000,0.3,0.310181,8300,247.42,0.017182,432000000000,0.010181,LOW
run_a60a9287,internal,tbound_stl10,2026-02-09T06:25:39.981281+00:00,vision,stl10,cnn,10,15749,0.35,n_d_lr_grid,2840000,0.01,128,0.0001,adam,10000,0.3,0.371894,7520,334.53,0.023231,766800000000,0.071894,MEDIUM
run_c0cfe065,internal,tbound_stl10,2026-02-09T06:45:39.981281+00:00,vision,stl10,cnn,10,15749,0.35,n_d_lr_grid,2840000,0.003,128,0.0001,adam,10000,0.3,0.355262,8656,329.73,0.022898,766800000000,0.055262,MEDIUM
run_513b2ee4,internal,tbound_stl10,2026-02-09T07:05:39.981281+00:00,vision,stl10,cnn,10,15749,0.35,n_d_lr_grid,2840000,0.001,128,0.0001,adam,10000,0.567464,0.636254,7719,395.0,0.027431,766800000000,0.06879,MEDIUM
run_3af75543,internal,tbound_stl10,2026-02-09T07:25:39.981281+00:00,vision,stl10,cnn,10,15749,0.35,n_d_lr_grid,2840000,0.0003,128,0.0001,adam,10000,0.424875,0.473839,8603,337.01,0.023403,766800000000,0.048965,LOW
run_bfaa54a6,internal,tbound_stl10,2026-02-09T07:45:39.981281+00:00,vision,stl10,cnn,10,15749,0.35,n_d_lr_grid,2840000,0.0001,128,0.0001,adam,10000,0.3,0.329236,9904,388.04,0.026947,766800000000,0.029236,LOW
run_9c094a0a,internal,tbound_stl10,2026-02-09T08:05:39.981281+00:00,vision,stl10,cnn,10,15749,0.35,n_d_lr_grid,2840000,3e-05,128,0.0001,adam,10000,0.3,0.316687,8462,370.15,0.025705,766800000000,0.016687,LOW
run_f7f6b624,internal,tbound_stl10,2026-02-09T08:25:39.981281+00:00,vision,stl10,cnn,10,22500,0.5,n_d_lr_grid,45000,0.01,128,0.0001,adam,10000,0.3,0.351063,7482,49.62,0.003446,12150000000,0.051063,MEDIUM
run_f2e06348,internal,tbound_stl10,2026-02-09T08:45:39.981281+00:00,vision,stl10,cnn,10,22500,0.5,n_d_lr_grid,45000,0.003,128,0.0001,adam,10000,0.47763,0.548478,9708,77.06,0.005351,12150000000,0.070848,MEDIUM
run_42313ccf,internal,tbound_stl10,2026-02-09T09:05:39.981281+00:00,vision,stl10,cnn,10,22500,0.5,n_d_lr_grid,45000,0.001,128,0.0001,adam,10000,0.614621,0.631321,9466,36.63,0.002544,12150000000,0.0167,LOW
run_bc39b2c0,internal,tbound_stl10,2026-02-09T09:25:39.981281+00:00,vision,stl10,cnn,10,22500,0.5,n_d_lr_grid,45000,0.0003,128,0.0001,adam,10000,0.3,0.352497,7649,83.7,0.005813,12150000000,0.052497,MEDIUM
run_19ec737f,internal,tbound_stl10,2026-02-09T09:45:39.981281+00:00,vision,stl10,cnn,10,22500,0.5,n_d_lr_grid,45000,0.0001,128,0.0001,adam,10000,0.3,0.327982,7440,91.38,0.006346,12150000000,0.027982,LOW
run_f76c608e,internal,tbound_stl10,2026-02-09T10:05:39.981281+00:00,vision,stl10,cnn,10,22500,0.5,n_d_lr_grid,45000,3e-05,128,0.0001,adam,10000,0.3,0.344774,8826,123.4,0.008569,12150000000,0.044774,LOW
run_04331b56,internal,tbound_stl10,2026-02-09T10:25:39.981281+00:00,vision,stl10,cnn,10,22500,0.5,n_d_lr_grid,180000,0.01,128,0.0001,adam,10000,0.3,0.351793,8577,108.83,0.007557,48600000000,0.051793,MEDIUM
run_eb1b8aa4,internal,tbound_stl10,2026-02-09T10:45:39.981281+00:00,vision,stl10,cnn,10,22500,0.5,n_d_lr_grid,180000,0.003,128,0.0001,adam,10000,0.3607,0.400674,9506,112.58,0.007818,48600000000,0.039974,LOW
run_100542ff,internal,tbound_stl10,2026-02-09T11:05:39.981281+00:00,vision,stl10,cnn,10,22500,0.5,n_d_lr_grid,180000,0.001,128,0.0001,adam,10000,0.662175,0.741563,8603,59.56,0.004136,48600000000,0.079388,MEDIUM
run_5e461a4f,internal,tbound_stl10,2026-02-09T11:25:39.981281+00:00,vision,stl10,cnn,10,22500,0.5,n_d_lr_grid,180000,0.0003,128,0.0001,adam,10000,0.3,0.360704,8190,100.05,0.006948,48600000000,0.060704,MEDIUM
run_5b00915d,internal,tbound_stl10,2026-02-09T11:45:39.981281+00:00,vision,stl10,cnn,10,22500,0.5,n_d_lr_grid,180000,0.0001,128,0.0001,adam,10000,0.3,0.364084,8764,71.84,0.004989,48600000000,0.064084,MEDIUM
run_320ad0be,internal,tbound_stl10,2026-02-09T12:05:39.981281+00:00,vision,stl10,cnn,10,22500,0.5,n_d_lr_grid,180000,3e-05,128,0.0001,adam,10000,0.3,0.372593,9695,65.27,0.004533,48600000000,0.072593,MEDIUM
run_85fd21b1,internal,tbound_stl10,2026-02-09T12:25:39.981281+00:00,vision,stl10,cnn,10,22500,0.5,n_d_lr_grid,400000,0.01,128,0.0001,adam,10000,0.3,0.335687,7707,100.92,0.007008,108000000000,0.035687,LOW
run_451b4552,internal,tbound_stl10,2026-02-09T12:45:39.981281+00:00,vision,stl10,cnn,10,22500,0.5,n_d_lr_grid,400000,0.003,128,0.0001,adam,10000,0.3,0.340969,7955,144.87,0.01006,108000000000,0.040969,LOW
run_0773f95a,internal,tbound_stl10,2026-02-09T13:05:39.981281+00:00,vision,stl10,cnn,10,22500,0.5,n_d_lr_grid,400000,0.001,128,0.0001,adam,10000,0.660916,0.726941,9196,91.03,0.006322,108000000000,0.066025,MEDIUM
run_c2ed70b4,internal,tbound_stl10,2026-02-09T13:25:39.981281+00:00,vision,stl10,cnn,10,22500,0.5,n_d_lr_grid,400000,0.0003,128,0.0001,adam,10000,0.3,0.32898,7066,123.35,0.008566,108000000000,0.02898,LOW
run_c80bd798,internal,tbound_stl10,2026-02-09T13:45:39.981281+00:00,vision,stl10,cnn,10,22500,0.5,n_d_lr_grid,400000,0.0001,128,0.0001,adam,10000,0.3,0.347307,7341,99.19,0.006888,108000000000,0.047307,LOW
run_ff25baa2,internal,tbound_stl10,2026-02-09T14:05:39.981281+00:00,vision,stl10,cnn,10,22500,0.5,n_d_lr_grid,400000,3e-05,128,0.0001,adam,10000,0.3,0.356864,9817,159.47,0.011074,108000000000,0.056864,MEDIUM
run_f7ebfc69,internal,tbound_stl10,2026-02-09T14:25:39.981281+00:00,vision,stl10,cnn,10,22500,0.5,n_d_lr_grid,710000,0.01,128,0.0001,adam,10000,0.3,0.335406,8494,190.59,0.013236,191700000000,0.035406,LOW
run_7f0f3822,internal,tbound_stl10,2026-02-09T14:45:39.981281+00:00,vision,stl10,cnn,10,22500,0.5,n_d_lr_grid,710000,0.003,128,0.0001,adam,10000,0.3,0.342564,8465,106.41,0.00739,191700000000,0.042564,LOW
run_b3a4704e,internal,tbound_stl10,2026-02-09T15:05:39.981281+00:00,vision,stl10,cnn,10,22500,0.5,n_d_lr_grid,710000,0.001,128,0.0001,adam,10000,0.659197,0.736231,9334,116.78,0.00811,191700000000,0.077034,MEDIUM
run_2cd39952,internal,tbound_stl10,2026-02-09T15:25:39.981281+00:00,vision,stl10,cnn,10,22500,0.5,n_d_lr_grid,710000,0.0003,128,0.0001,adam,10000,0.33635,0.399188,9665,116.34,0.008079,191700000000,0.062839,MEDIUM
run_3087d0e5,internal,tbound_stl10,2026-02-09T15:45:39.981281+00:00,vision,stl10,cnn,10,22500,0.5,n_d_lr_grid,710000,0.0001,128,0.0001,adam,10000,0.3,0.316767,9959,141.53,0.009829,191700000000,0.016767,LOW
run_62216011,internal,tbound_stl10,2026-02-09T16:05:39.981281+00:00,vision,stl10,cnn,10,22500,0.5,n_d_lr_grid,710000,3e-05,128,0.0001,adam,10000,0.3,0.310087,9562,128.08,0.008894,191700000000,0.010087,LOW
run_29c2c20f,internal,tbound_stl10,2026-02-09T16:25:39.981281+00:00,vision,stl10,cnn,10,22500,0.5,n_d_lr_grid,1600000,0.01,128,0.0001,adam,10000,0.3,0.374902,7347,211.12,0.014661,432000000000,0.074902,MEDIUM
run_8f8c5b32,internal,tbound_stl10,2026-02-09T16:45:39.981281+00:00,vision,stl10,cnn,10,22500,0.5,n_d_lr_grid,1600000,0.003,128,0.0001,adam,10000,0.3,0.378192,9003,191.8,0.01332,432000000000,0.078192,MEDIUM
run_b2f26653,internal,tbound_stl10,2026-02-09T17:05:39.981281+00:00,vision,stl10,cnn,10,22500,0.5,n_d_lr_grid,1600000,0.001,128,0.0001,adam,10000,0.638027,0.712918,7285,238.6,0.016569,432000000000,0.07489,MEDIUM
run_f62827af,internal,tbound_stl10,2026-02-09T17:25:39.981281+00:00,vision,stl10,cnn,10,22500,0.5,n_d_lr_grid,1600000,0.0003,128,0.0001,adam,10000,0.420828,0.467295,7455,246.12,0.017092,432000000000,0.046467,LOW
run_182ef792,internal,tbound_stl10,2026-02-09T17:45:39.981281+00:00,vision,stl10,cnn,10,22500,0.5,n_d_lr_grid,1600000,0.0001,128,0.0001,adam,10000,0.3,0.362869,9831,201.49,0.013993,432000000000,0.062869,MEDIUM
run_fa989176,internal,tbound_stl10,2026-02-09T18:05:39.981281+00:00,vision,stl10,cnn,10,22500,0.5,n_d_lr_grid,1600000,3e-05,128,0.0001,adam,10000,0.3,0.345479,9556,204.34,0.01419,432000000000,0.045479,LOW
run_8fe8e285,internal,tbound_stl10,2026-02-09T18:25:39.981281+00:00,vision,stl10,cnn,10,22500,0.5,n_d_lr_grid,2840000,0.01,128,0.0001,adam,10000,0.3,0.312531,9161,341.28,0.0237,766800000000,0.012531,LOW
run_b7c2695b,internal,tbound_stl10,2026-02-09T18:45:39.981281+00:00,vision,stl10,cnn,10,22500,0.5,n_d_lr_grid,2840000,0.003,128,0.0001,adam,10000,0.3,0.333917,9817,348.28,0.024186,766800000000,0.033917,LOW
run_bba22a7a,internal,tbound_stl10,2026-02-09T19:05:39.981281+00:00,vision,stl10,cnn,10,22500,0.5,n_d_lr_grid,2840000,0.001,128,0.0001,adam,10000,0.624968,0.700555,8866,363.84,0.025267,766800000000,0.075587,MEDIUM
run_37af0a5d,internal,tbound_stl10,2026-02-09T19:25:39.981281+00:00,vision,stl10,cnn,10,22500,0.5,n_d_lr_grid,2840000,0.0003,128,0.0001,adam,10000,0.482379,0.55015,8689,339.17,0.023554,766800000000,0.06777,MEDIUM
run_1aa5f1f2,internal,tbound_stl10,2026-02-09T19:45:39.981281+00:00,vision,stl10,cnn,10,22500,0.5,n_d_lr_grid,2840000,0.0001,128,0.0001,adam,10000,0.3,0.352042,8442,360.41,0.025029,766800000000,0.052042,MEDIUM
run_dca92ba1,internal,tbound_stl10,2026-02-09T20:05:39.981281+00:00,vision,stl10,cnn,10,22500,0.5,n_d_lr_grid,2840000,3e-05,128,0.0001,adam,10000,0.3,0.365039,8339,365.71,0.025397,766800000000,0.065039,MEDIUM
run_4e0f4a06,internal,tbound_stl10,2026-02-09T20:25:39.981281+00:00,vision,stl10,cnn,10,33750,0.75,n_d_lr_grid,45000,0.01,128,0.0001,adam,10000,0.3,0.3696,7560,53.27,0.003699,12150000000,0.0696,MEDIUM
run_724ea474,internal,tbound_stl10,2026-02-09T20:45:39.981281+00:00,vision,stl10,cnn,10,33750,0.75,n_d_lr_grid,45000,0.003,128,0.0001,adam,10000,0.546931,0.565077,8826,108.07,0.007505,12150000000,0.018146,LOW
run_5a254179,internal,tbound_stl10,2026-02-09T21:05:39.981281+00:00,vision,stl10,cnn,10,33750,0.75,n_d_lr_grid,45000,0.001,128,0.0001,adam,10000,0.683922,0.741123,7133,82.42,0.005724,12150000000,0.057201,MEDIUM
run_f4305d5f,internal,tbound_stl10,2026-02-09T21:25:39.981281+00:00,vision,stl10,cnn,10,33750,0.75,n_d_lr_grid,45000,0.0003,128,0.0001,adam,10000,0.3,0.319889,7072,53.58,0.003721,12150000000,0.019889,LOW
run_9746bcbd,internal,tbound_stl10,2026-02-09T21:45:39.981281+00:00,vision,stl10,cnn,10,33750,0.75,n_d_lr_grid,45000,0.0001,128,0.0001,adam,10000,0.3,0.332577,9906,36.56,0.002539,12150000000,0.032577,LOW
run_bec66243,internal,tbound_stl10,2026-02-09T22:05:39.981281+00:00,vision,stl10,cnn,10,33750,0.75,n_d_lr_grid,45000,3e-05,128,0.0001,adam,10000,0.3,0.358647,8811,65.65,0.004559,12150000000,0.058647,MEDIUM
run_5e77db27,internal,tbound_stl10,2026-02-09T22:25:39.981281+00:00,vision,stl10,cnn,10,33750,0.75,n_d_lr_grid,180000,0.01,128,0.0001,adam,10000,0.3,0.350113,8985,131.95,0.009163,48600000000,0.050113,MEDIUM
run_37967637,internal,tbound_stl10,2026-02-09T22:45:39.981281+00:00,vision,stl10,cnn,10,33750,0.75,n_d_lr_grid,180000,0.003,128,0.0001,adam,10000,0.431613,0.450889,7163,125.58,0.008721,48600000000,0.019277,LOW
run_42df8d00,internal,tbound_stl10,2026-02-09T23:05:39.981281+00:00,vision,stl10,cnn,10,33750,0.75,n_d_lr_grid,180000,0.001,128,0.0001,adam,10000,0.733088,0.785534,9383,60.53,0.004203,48600000000,0.052446,MEDIUM
run_771a21ff,internal,tbound_stl10,2026-02-09T23:25:39.981281+00:00,vision,stl10,cnn,10,33750,0.75,n_d_lr_grid,180000,0.0003,128,0.0001,adam,10000,0.3,0.363537,9946,63.74,0.004426,48600000000,0.063537,MEDIUM
run_df613caf,internal,tbound_stl10,2026-02-09T23:45:39.981281+00:00,vision,stl10,cnn,10,33750,0.75,n_d_lr_grid,180000,0.0001,128,0.0001,adam,10000,0.3,0.376696,8676,122.27,0.008491,48600000000,0.076696,MEDIUM
run_ce0e538a,internal,tbound_stl10,2026-02-10T00:05:39.981281+00:00,vision,stl10,cnn,10,33750,0.75,n_d_lr_grid,180000,3e-05,128,0.0001,adam,10000,0.3,0.335727,7963,54.14,0.003759,48600000000,0.035727,LOW
run_0b1703e8,internal,tbound_stl10,2026-02-10T00:25:39.981281+00:00,vision,stl10,cnn,10,33750,0.75,n_d_lr_grid,400000,0.01,128,0.0001,adam,10000,0.3,0.319462,8979,156.68,0.010881,108000000000,0.019462,LOW
run_2d197749,internal,tbound_stl10,2026-02-10T00:45:39.981281+00:00,vision,stl10,cnn,10,33750,0.75,n_d_lr_grid,400000,0.003,128,0.0001,adam,10000,0.335292,0.399662,7091,80.98,0.005624,108000000000,0.064371,MEDIUM
run_3acdf3a1,internal,tbound_stl10,2026-02-10T01:05:39.981281+00:00,vision,stl10,cnn,10,33750,0.75,n_d_lr_grid,400000,0.001,128,0.0001,adam,10000,0.73151,0.763337,8681,115.55,0.008024,108000000000,0.031827,LOW
run_099744d1,internal,tbound_stl10,2026-02-10T01:25:39.981281+00:00,vision,stl10,cnn,10,33750,0.75,n_d_lr_grid,400000,0.0003,128,0.0001,adam,10000,0.334052,0.363494,9719,146.63,0.010183,108000000000,0.029443,LOW
run_310fe2d5,internal,tbound_stl10,2026-02-10T01:45:39.981281+00:00,vision,stl10,cnn,10,33750,0.75,n_d_lr_grid,400000,0.0001,128,0.0001,adam,10000,0.3,0.325123,8083,125.76,0.008734,108000000000,0.025123,LOW
run_b0320801,internal,tbound_stl10,2026-02-10T02:05:39.981281+00:00,vision,stl10,cnn,10,33750,0.75,n_d_lr_grid,400000,3e-05,128,0.0001,adam,10000,0.3,0.335536,8540,104.78,0.007276,108000000000,0.035536,LOW
run_35d7d944,internal,tbound_stl10,2026-02-10T02:25:39.981281+00:00,vision,stl10,cnn,10,33750,0.75,n_d_lr_grid,710000,0.01,128,0.0001,adam,10000,0.3,0.364653,7641,142.38,0.009888,191700000000,0.064653,MEDIUM
run_0bdd7d0f,internal,tbound_stl10,2026-02-10T02:45:39.981281+00:00,vision,stl10,cnn,10,33750,0.75,n_d_lr_grid,710000,0.003,128,0.0001,adam,10000,0.3,0.343922,8950,168.88,0.011728,191700000000,0.043922,LOW
run_e93319b0,internal,tbound_stl10,2026-02-10T03:05:39.981281+00:00,vision,stl10,cnn,10,33750,0.75,n_d_lr_grid,710000,0.001,128,0.0001,adam,10000,0.730291,0.788943,9130,189.53,0.013162,191700000000,0.058652,MEDIUM
run_f9ef5811,internal,tbound_stl10,2026-02-10T03:25:39.981281+00:00,vision,stl10,cnn,10,33750,0.75,n_d_lr_grid,710000,0.0003,128,0.0001,adam,10000,0.407444,0.42939,8179,107.72,0.00748,191700000000,0.021947,LOW
run_63f7eaff,internal,tbound_stl10,2026-02-10T03:45:39.981281+00:00,vision,stl10,cnn,10,33750,0.75,n_d_lr_grid,710000,0.0001,128,0.0001,adam,10000,0.3,0.331229,7399,110.09,0.007645,191700000000,0.031229,LOW
run_172c1fa3,internal,tbound_stl10,2026-02-10T04:05:39.981281+00:00,vision,stl10,cnn,10,33750,0.75,n_d_lr_grid,710000,3e-05,128,0.0001,adam,10000,0.3,0.31436,8638,146.85,0.010198,191700000000,0.01436,LOW
run_9bf1e897,internal,tbound_stl10,2026-02-10T04:25:39.981281+00:00,vision,stl10,cnn,10,33750,0.75,n_d_lr_grid,1600000,0.01,128,0.0001,adam,10000,0.3,0.326023,8403,210.94,0.014648,432000000000,0.026023,LOW
run_b6e5f2cc,internal,tbound_stl10,2026-02-10T04:45:39.981281+00:00,vision,stl10,cnn,10,33750,0.75,n_d_lr_grid,1600000,0.003,128,0.0001,adam,10000,0.3,0.331438,7123,246.15,0.017094,432000000000,0.031438,LOW
run_06d075cc,internal,tbound_stl10,2026-02-10T05:05:39.981281+00:00,vision,stl10,cnn,10,33750,0.75,n_d_lr_grid,1600000,0.001,128,0.0001,adam,10000,0.708999,0.77836,8508,255.19,0.017721,432000000000,0.069361,MEDIUM
run_e5de044c,internal,tbound_stl10,2026-02-10T05:25:39.981281+00:00,vision,stl10,cnn,10,33750,0.75,n_d_lr_grid,1600000,0.0003,128,0.0001,adam,10000,0.4918,0.563862,9044,230.48,0.016006,432000000000,0.072062,MEDIUM
run_7baa2e4b,internal,tbound_stl10,2026-02-10T05:45:39.981281+00:00,vision,stl10,cnn,10,33750,0.75,n_d_lr_grid,1600000,0.0001,128,0.0001,adam,10000,0.3,0.334797,8549,237.3,0.016479,432000000000,0.034797,LOW
run_e369aa7f,internal,tbound_stl10,2026-02-10T06:05:39.981281+00:00,vision,stl10,cnn,10,33750,0.75,n_d_lr_grid,1600000,3e-05,128,0.0001,adam,10000,0.3,0.322382,7509,224.84,0.015614,432000000000,0.022382,LOW
run_37307bb1,internal,tbound_stl10,2026-02-10T06:25:39.981281+00:00,vision,stl10,cnn,10,33750,0.75,n_d_lr_grid,2840000,0.01,128,0.0001,adam,10000,0.3,0.327401,9452,326.04,0.022642,766800000000,0.027401,LOW
run_a842930d,internal,tbound_stl10,2026-02-10T06:45:39.981281+00:00,vision,stl10,cnn,10,33750,0.75,n_d_lr_grid,2840000,0.003,128,0.0001,adam,10000,0.3,0.311343,9697,337.38,0.023429,766800000000,0.011343,LOW
run_72fcc152,internal,tbound_stl10,2026-02-10T07:05:39.981281+00:00,vision,stl10,cnn,10,33750,0.75,n_d_lr_grid,2840000,0.001,128,0.0001,adam,10000,0.69688,0.754549,7900,331.07,0.022991,766800000000,0.057668,MEDIUM
run_28cf1bdb,internal,tbound_stl10,2026-02-10T07:25:39.981281+00:00,vision,stl10,cnn,10,33750,0.75,n_d_lr_grid,2840000,0.0003,128,0.0001,adam,10000,0.554292,0.579356,7241,315.09,0.021881,766800000000,0.025064,LOW
run_4f9ad3dd,internal,tbound_stl10,2026-02-10T07:45:39.981281+00:00,vision,stl10,cnn,10,33750,0.75,n_d_lr_grid,2840000,0.0001,128,0.0001,adam,10000,0.3,0.354051,9020,331.9,0.023048,766800000000,0.054051,MEDIUM
run_2dc8a3a8,internal,tbound_stl10,2026-02-10T08:05:39.981281+00:00,vision,stl10,cnn,10,33750,0.75,n_d_lr_grid,2840000,3e-05,128,0.0001,adam,10000,0.3,0.37717,7496,357.91,0.024855,766800000000,0.07717,MEDIUM
run_ab807e6f,internal,tbound_stl10,2026-02-10T08:25:39.981281+00:00,vision,stl10,cnn,10,45000,1.0,n_d_lr_grid,45000,0.01,128,0.0001,adam,10000,0.3,0.348357,9355,75.39,0.005236,12150000000,0.048357,LOW
run_14e4218e,internal,tbound_stl10,2026-02-10T08:45:39.981281+00:00,vision,stl10,cnn,10,45000,1.0,n_d_lr_grid,45000,0.003,128,0.0001,adam,10000,0.60054,0.629161,9557,47.93,0.003329,12150000000,0.028621,LOW
run_760b4e2c,internal,tbound_stl10,2026-02-10T09:05:39.981281+00:00,vision,stl10,cnn,10,45000,1.0,n_d_lr_grid,45000,0.001,128,0.0001,adam,10000,0.737531,0.758034,7593,63.72,0.004425,12150000000,0.020503,LOW
run_14ff8fc7,internal,tbound_stl10,2026-02-10T09:25:39.981281+00:00,vision,stl10,cnn,10,45000,1.0,n_d_lr_grid,45000,0.0003,128,0.0001,adam,10000,0.3,0.343321,8459,68.33,0.004745,12150000000,0.043321,LOW
run_af9587c8,internal,tbound_stl10,2026-02-10T09:45:39.981281+00:00,vision,stl10,cnn,10,45000,1.0,n_d_lr_grid,45000,0.0001,128,0.0001,adam,10000,0.3,0.37017,9601,69.82,0.004848,12150000000,0.07017,MEDIUM
run_033d6531,internal,tbound_stl10,2026-02-10T10:05:39.981281+00:00,vision,stl10,cnn,10,45000,1.0,n_d_lr_grid,45000,3e-05,128,0.0001,adam,10000,0.3,0.372446,7016,120.48,0.008367,12150000000,0.072446,MEDIUM
run_40bdc6d2,internal,tbound_stl10,2026-02-10T10:25:39.981281+00:00,vision,stl10,cnn,10,45000,1.0,n_d_lr_grid,180000,0.01,128,0.0001,adam,10000,0.3,0.356108,7571,132.85,0.009226,48600000000,0.056108,MEDIUM
run_c1f9a68d,internal,tbound_stl10,2026-02-10T10:45:39.981281+00:00,vision,stl10,cnn,10,45000,1.0,n_d_lr_grid,180000,0.003,128,0.0001,adam,10000,0.486468,0.501817,7241,73.14,0.005079,48600000000,0.015349,LOW
run_4fcbb7fe,internal,tbound_stl10,2026-02-10T11:05:39.981281+00:00,vision,stl10,cnn,10,45000,1.0,n_d_lr_grid,180000,0.001,128,0.0001,adam,10000,0.787943,0.800633,7788,129.16,0.008969,48600000000,0.01269,LOW
run_b156cdd6,internal,tbound_stl10,2026-02-10T11:25:39.981281+00:00,vision,stl10,cnn,10,45000,1.0,n_d_lr_grid,180000,0.0003,128,0.0001,adam,10000,0.3,0.367759,7775,92.59,0.00643,48600000000,0.067759,MEDIUM
run_476945a2,internal,tbound_stl10,2026-02-10T11:45:39.981281+00:00,vision,stl10,cnn,10,45000,1.0,n_d_lr_grid,180000,0.0001,128,0.0001,adam,10000,0.3,0.372658,7078,105.3,0.007313,48600000000,0.072658,MEDIUM
run_16b86e87,internal,tbound_stl10,2026-02-10T12:05:39.981281+00:00,vision,stl10,cnn,10,45000,1.0,n_d_lr_grid,180000,3e-05,128,0.0001,adam,10000,0.3,0.372257,9514,88.56,0.00615,48600000000,0.072257,MEDIUM
run_90cff0f3,internal,tbound_stl10,2026-02-10T12:25:39.981281+00:00,vision,stl10,cnn,10,45000,1.0,n_d_lr_grid,400000,0.01,128,0.0001,adam,10000,0.3,0.317399,9134,158.94,0.011038,108000000000,0.017399,LOW
run_ed93f0e1,internal,tbound_stl10,2026-02-10T12:45:39.981281+00:00,vision,stl10,cnn,10,45000,1.0,n_d_lr_grid,400000,0.003,128,0.0001,adam,10000,0.3899,0.447516,7086,73.75,0.005122,108000000000,0.057616,MEDIUM
run_832e978c,internal,tbound_stl10,2026-02-10T13:05:39.981281+00:00,vision,stl10,cnn,10,45000,1.0,n_d_lr_grid,400000,0.001,128,0.0001,adam,10000,0.786118,0.846261,7407,76.49,0.005312,108000000000,0.060143,MEDIUM
run_cab15d79,internal,tbound_stl10,2026-02-10T13:25:39.981281+00:00,vision,stl10,cnn,10,45000,1.0,n_d_lr_grid,400000,0.0003,128,0.0001,adam,10000,0.38866,0.406036,7147,73.2,0.005083,108000000000,0.017376,LOW
run_f7cd4ab2,internal,tbound_stl10,2026-02-10T13:45:39.981281+00:00,vision,stl10,cnn,10,45000,1.0,n_d_lr_grid,400000,0.0001,128,0.0001,adam,10000,0.3,0.361626,7365,101.79,0.007069,108000000000,0.061626,MEDIUM
run_ccade3a3,internal,tbound_stl10,2026-02-10T14:05:39.981281+00:00,vision,stl10,cnn,10,45000,1.0,n_d_lr_grid,400000,3e-05,128,0.0001,adam,10000,0.3,0.379411,8234,157.37,0.010928,108000000000,0.079411,MEDIUM
run_62e65a2f,internal,tbound_stl10,2026-02-10T14:25:39.981281+00:00,vision,stl10,cnn,10,45000,1.0,n_d_lr_grid,710000,0.01,128,0.0001,adam,10000,0.3,0.356296,9489,117.67,0.008171,191700000000,0.056296,MEDIUM
run_43715303,internal,tbound_stl10,2026-02-10T14:45:39.981281+00:00,vision,stl10,cnn,10,45000,1.0,n_d_lr_grid,710000,0.003,128,0.0001,adam,10000,0.320987,0.337875,9567,160.43,0.011141,191700000000,0.016888,LOW
run_94a5c391,internal,tbound_stl10,2026-02-10T15:05:39.981281+00:00,vision,stl10,cnn,10,45000,1.0,n_d_lr_grid,710000,0.001,128,0.0001,adam,10000,0.785287,0.81384,7991,102.89,0.007145,191700000000,0.028553,LOW
run_f8b8c6e1,internal,tbound_stl10,2026-02-10T15:25:39.981281+00:00,vision,stl10,cnn,10,45000,1.0,n_d_lr_grid,710000,0.0003,128,0.0001,adam,10000,0.462439,0.508465,7359,181.9,0.012632,191700000000,0.046026,LOW
run_47f0a957,internal,tbound_stl10,2026-02-10T15:45:39.981281+00:00,vision,stl10,cnn,10,45000,1.0,n_d_lr_grid,710000,0.0001,128,0.0001,adam,10000,0.3,0.353726,9993,135.37,0.009401,191700000000,0.053726,MEDIUM
run_fe92a14c,internal,tbound_stl10,2026-02-10T16:05:39.981281+00:00,vision,stl10,cnn,10,45000,1.0,n_d_lr_grid,710000,3e-05,128,0.0001,adam,10000,0.3,0.31073,9883,123.99,0.00861,191700000000,0.01073,LOW
run_74084f17,internal,tbound_stl10,2026-02-10T16:25:39.981281+00:00,vision,stl10,cnn,10,45000,1.0,n_d_lr_grid,1600000,0.01,128,0.0001,adam,10000,0.3,0.364224,7377,247.95,0.017219,432000000000,0.064224,MEDIUM
run_36516f4c,internal,tbound_stl10,2026-02-10T16:45:39.981281+00:00,vision,stl10,cnn,10,45000,1.0,n_d_lr_grid,1600000,0.003,128,0.0001,adam,10000,0.3,0.343478,8801,270.62,0.018793,432000000000,0.043478,LOW
run_6781fe8a,internal,tbound_stl10,2026-02-10T17:05:39.981281+00:00,vision,stl10,cnn,10,45000,1.0,n_d_lr_grid,1600000,0.001,128,0.0001,adam,10000,0.7639,0.82981,8511,216.35,0.015025,432000000000,0.06591,MEDIUM
run_cdbb54a3,internal,tbound_stl10,2026-02-10T17:25:39.981281+00:00,vision,stl10,cnn,10,45000,1.0,n_d_lr_grid,1600000,0.0003,128,0.0001,adam,10000,0.546701,0.564678,9207,233.74,0.016232,432000000000,0.017977,LOW
run_bf5df409,internal,tbound_stl10,2026-02-10T17:45:39.981281+00:00,vision,stl10,cnn,10,45000,1.0,n_d_lr_grid,1600000,0.0001,128,0.0001,adam,10000,0.3,0.362365,9939,263.06,0.018268,432000000000,0.062365,MEDIUM
run_da3fad63,internal,tbound_stl10,2026-02-10T18:05:39.981281+00:00,vision,stl10,cnn,10,45000,1.0,n_d_lr_grid,1600000,3e-05,128,0.0001,adam,10000,0.3,0.320965,9320,193.94,0.013468,432000000000,0.020965,LOW
run_89d6240b,internal,tbound_stl10,2026-02-10T18:25:39.981281+00:00,vision,stl10,cnn,10,45000,1.0,n_d_lr_grid,2840000,0.01,128,0.0001,adam,10000,0.3,0.374966,8688,334.22,0.023209,766800000000,0.074966,MEDIUM
run_2d11f2c5,internal,tbound_stl10,2026-02-10T18:45:39.981281+00:00,vision,stl10,cnn,10,45000,1.0,n_d_lr_grid,2840000,0.003,128,0.0001,adam,10000,0.3,0.33632,9837,363.51,0.025244,766800000000,0.03632,LOW
run_f008a8f4,internal,tbound_stl10,2026-02-10T19:05:39.981281+00:00,vision,stl10,cnn,10,45000,1.0,n_d_lr_grid,2840000,0.001,128,0.0001,adam,10000,0.752509,0.781674,7685,397.55,0.027608,766800000000,0.029165,LOW
run_41e33adf,internal,tbound_stl10,2026-02-10T19:25:39.981281+00:00,vision,stl10,cnn,10,45000,1.0,n_d_lr_grid,2840000,0.0003,128,0.0001,adam,10000,0.60992,0.62081,9169,403.32,0.028008,766800000000,0.01089,LOW
run_820f93a0,internal,tbound_stl10,2026-02-10T19:45:39.981281+00:00,vision,stl10,cnn,10,45000,1.0,n_d_lr_grid,2840000,0.0001,128,0.0001,adam,10000,0.3,0.367116,9544,391.52,0.027189,766800000000,0.067116,MEDIUM
run_377fbe0d,internal,tbound_stl10,2026-02-10T20:05:39.981281+00:00,vision,stl10,cnn,10,45000,1.0,n_d_lr_grid,2840000,3e-05,128,0.0001,adam,10000,0.3,0.32809,9196,362.96,0.025206,766800000000,0.02809,LOW
run_a3e4f001,internal,tbound_stl10,2026-02-10T20:25:39.981281+00:00,vision,stl10,cnn,10,11250,0.25,batch_grid,710000,0.000856,32,0.0001,adam,10000,0.73,0.770202,8927,128.63,0.008933,191700000000,0.040202,LOW
run_dc7cc3d4,internal,tbound_stl10,2026-02-10T20:45:39.981281+00:00,vision,stl10,cnn,10,11250,0.25,batch_grid,710000,0.000856,64,0.0001,adam,10000,0.77,0.809928,7662,134.47,0.009338,191700000000,0.039928,LOW
run_e6487ac7,internal,tbound_stl10,2026-02-10T21:05:39.981281+00:00,vision,stl10,cnn,10,11250,0.25,batch_grid,710000,0.000856,128,0.0001,adam,10000,0.79,0.826247,7597,111.65,0.007753,191700000000,0.036246,LOW
run_ab5cd772,internal,tbound_stl10,2026-02-10T21:25:39.981281+00:00,vision,stl10,cnn,10,11250,0.25,batch_grid,710000,0.000856,256,0.0001,adam,10000,0.79,0.830128,9907,117.16,0.008136,191700000000,0.040127,LOW
run_492d1406,internal,tbound_stl10,2026-02-10T21:45:39.981281+00:00,vision,stl10,cnn,10,11250,0.25,batch_grid,710000,0.000856,512,0.0001,adam,10000,0.77,0.781727,9588,110.89,0.007701,191700000000,0.011727,LOW
run_dd8f0511,internal,tbound_stl10,2026-02-10T22:05:39.981281+00:00,vision,stl10,cnn,10,11250,0.25,batch_grid,710000,0.000856,1024,0.0001,adam,10000,0.73,0.767412,8486,106.51,0.007397,191700000000,0.037412,LOW
run_6631ec31,internal,tbound_stl10,2026-02-10T22:25:39.981281+00:00,vision,stl10,cnn,10,22500,0.5,batch_grid,710000,0.000856,32,0.0001,adam,10000,0.73,0.760234,7460,151.44,0.010517,191700000000,0.030234,LOW
run_24d72ae1,internal,tbound_stl10,2026-02-10T22:45:39.981281+00:00,vision,stl10,cnn,10,22500,0.5,batch_grid,710000,0.000856,64,0.0001,adam,10000,0.77,0.796537,8376,146.49,0.010173,191700000000,0.026537,LOW
run_4e0f28b8,internal,tbound_stl10,2026-02-10T23:05:39.981281+00:00,vision,stl10,cnn,10,22500,0.5,batch_grid,710000,0.000856,128,0.0001,adam,10000,0.79,0.820335,9066,118.85,0.008254,191700000000,0.030334,LOW
run_ee5754a4,internal,tbound_stl10,2026-02-10T23:25:39.981281+00:00,vision,stl10,cnn,10,22500,0.5,batch_grid,710000,0.000856,256,0.0001,adam,10000,0.79,0.806063,9155,106.63,0.007405,191700000000,0.016063,LOW
run_665d54be,internal,tbound_stl10,2026-02-10T23:45:39.981281+00:00,vision,stl10,cnn,10,22500,0.5,batch_grid,710000,0.000856,512,0.0001,adam,10000,0.77,0.805452,8134,146.67,0.010185,191700000000,0.035452,LOW
run_498c2df8,internal,tbound_stl10,2026-02-11T00:05:39.981281+00:00,vision,stl10,cnn,10,22500,0.5,batch_grid,710000,0.000856,1024,0.0001,adam,10000,0.73,0.746434,9176,134.48,0.009339,191700000000,0.016434,LOW
run_3c0779fa,internal,tbound_stl10,2026-02-11T00:25:39.981281+00:00,vision,stl10,cnn,10,45000,1.0,batch_grid,710000,0.000856,32,0.0001,adam,10000,0.73,0.769669,8923,153.89,0.010687,191700000000,0.039668,LOW
run_86383846,internal,tbound_stl10,2026-02-11T00:45:39.981281+00:00,vision,stl10,cnn,10,45000,1.0,batch_grid,710000,0.000856,64,0.0001,adam,10000,0.77,0.783967,7873,125.09,0.008687,191700000000,0.013967,LOW
run_79ad04bc,internal,tbound_stl10,2026-02-11T01:05:39.981281+00:00,vision,stl10,cnn,10,45000,1.0,batch_grid,710000,0.000856,128,0.0001,adam,10000,0.79,0.826303,8428,119.66,0.008309,191700000000,0.036302,LOW
run_2b2a87bb,internal,tbound_stl10,2026-02-11T01:25:39.981281+00:00,vision,stl10,cnn,10,45000,1.0,batch_grid,710000,0.000856,256,0.0001,adam,10000,0.79,0.829323,7922,137.96,0.00958,191700000000,0.039323,LOW
run_6b87e070,internal,tbound_stl10,2026-02-11T01:45:39.981281+00:00,vision,stl10,cnn,10,45000,1.0,batch_grid,710000,0.000856,512,0.0001,adam,10000,0.77,0.807516,8416,123.52,0.008577,191700000000,0.037515,LOW
run_0f3a9742,internal,tbound_stl10,2026-02-11T02:05:39.981281+00:00,vision,stl10,cnn,10,45000,1.0,batch_grid,710000,0.000856,1024,0.0001,adam,10000,0.73,0.762169,9649,101.31,0.007036,191700000000,0.032169,LOW
run_70da6290,internal,tbound_yahoo,2026-02-11T02:25:39.981281+00:00,nlp,yahoo,transformer,10,4500,0.1,n_d_lr_grid,8000,0.01,128,0.0001,adam,10000,0.3,0.368288,8656,31.79,0.002208,2160000000,0.068288,MEDIUM
run_45d7900e,internal,tbound_yahoo,2026-02-11T02:45:39.981281+00:00,nlp,yahoo,transformer,10,4500,0.1,n_d_lr_grid,8000,0.003,128,0.0001,adam,10000,0.3,0.377065,9634,63.91,0.004439,2160000000,0.077065,MEDIUM
run_2cab2c82,internal,tbound_yahoo,2026-02-11T03:05:39.981281+00:00,nlp,yahoo,transformer,10,4500,0.1,n_d_lr_grid,8000,0.001,128,0.0001,adam,10000,0.3,0.362939,8093,106.58,0.007401,2160000000,0.062939,MEDIUM
run_38a0b460,internal,tbound_yahoo,2026-02-11T03:25:39.981281+00:00,nlp,yahoo,transformer,10,4500,0.1,n_d_lr_grid,8000,0.0003,128,0.0001,adam,10000,0.3,0.371366,9179,120.47,0.008366,2160000000,0.071366,MEDIUM
run_a0abf25a,internal,tbound_yahoo,2026-02-11T03:45:39.981281+00:00,nlp,yahoo,transformer,10,4500,0.1,n_d_lr_grid,8000,0.0001,128,0.0001,adam,10000,0.3,0.336976,8929,88.7,0.00616,2160000000,0.036976,LOW
run_ebff6ac2,internal,tbound_yahoo,2026-02-11T04:05:39.981281+00:00,nlp,yahoo,transformer,10,4500,0.1,n_d_lr_grid,8000,3e-05,128,0.0001,adam,10000,0.3,0.372034,8828,84.17,0.005845,2160000000,0.072034,MEDIUM
run_fa685cbd,internal,tbound_yahoo,2026-02-11T04:25:39.981281+00:00,nlp,yahoo,transformer,10,4500,0.1,n_d_lr_grid,32000,0.01,128,0.0001,adam,10000,0.3,0.356413,7870,33.37,0.002317,8640000000,0.056413,MEDIUM
run_9646f6c3,internal,tbound_yahoo,2026-02-11T04:45:39.981281+00:00,nlp,yahoo,transformer,10,4500,0.1,n_d_lr_grid,32000,0.003,128,0.0001,adam,10000,0.3,0.310225,8795,88.96,0.006178,8640000000,0.010225,LOW
run_111f8285,internal,tbound_yahoo,2026-02-11T05:05:39.981281+00:00,nlp,yahoo,transformer,10,4500,0.1,n_d_lr_grid,32000,0.001,128,0.0001,adam,10000,0.3,0.322692,9320,68.09,0.004729,8640000000,0.022692,LOW
run_2b0a3283,internal,tbound_yahoo,2026-02-11T05:25:39.981281+00:00,nlp,yahoo,transformer,10,4500,0.1,n_d_lr_grid,32000,0.0003,128,0.0001,adam,10000,0.3,0.351174,7525,76.49,0.005312,8640000000,0.051174,MEDIUM
run_55048ee6,internal,tbound_yahoo,2026-02-11T05:45:39.981281+00:00,nlp,yahoo,transformer,10,4500,0.1,n_d_lr_grid,32000,0.0001,128,0.0001,adam,10000,0.3,0.360638,9745,42.57,0.002956,8640000000,0.060638,MEDIUM
run_e0f7d8af,internal,tbound_yahoo,2026-02-11T06:05:39.981281+00:00,nlp,yahoo,transformer,10,4500,0.1,n_d_lr_grid,32000,3e-05,128,0.0001,adam,10000,0.3,0.349304,9813,83.66,0.00581,8640000000,0.049304,LOW
run_9c87e9b9,internal,tbound_yahoo,2026-02-11T06:25:39.981281+00:00,nlp,yahoo,transformer,10,4500,0.1,n_d_lr_grid,128000,0.01,128,0.0001,adam,10000,0.3,0.344062,8938,96.74,0.006718,34560000000,0.044062,LOW
run_3ab2cd69,internal,tbound_yahoo,2026-02-11T06:45:39.981281+00:00,nlp,yahoo,transformer,10,4500,0.1,n_d_lr_grid,128000,0.003,128,0.0001,adam,10000,0.3,0.328887,8901,117.05,0.008129,34560000000,0.028887,LOW
run_5a6d24ec,internal,tbound_yahoo,2026-02-11T07:05:39.981281+00:00,nlp,yahoo,transformer,10,4500,0.1,n_d_lr_grid,128000,0.001,128,0.0001,adam,10000,0.34348,0.36391,8099,105.39,0.007319,34560000000,0.02043,LOW
run_a53133e7,internal,tbound_yahoo,2026-02-11T07:25:39.981281+00:00,nlp,yahoo,transformer,10,4500,0.1,n_d_lr_grid,128000,0.0003,128,0.0001,adam,10000,0.3,0.364943,9974,106.49,0.007395,34560000000,0.064943,MEDIUM
run_1ec961ab,internal,tbound_yahoo,2026-02-11T07:45:39.981281+00:00,nlp,yahoo,transformer,10,4500,0.1,n_d_lr_grid,128000,0.0001,128,0.0001,adam,10000,0.3,0.367759,7739,89.63,0.006224,34560000000,0.067759,MEDIUM
run_4f03f761,internal,tbound_yahoo,2026-02-11T08:05:39.981281+00:00,nlp,yahoo,transformer,10,4500,0.1,n_d_lr_grid,128000,3e-05,128,0.0001,adam,10000,0.3,0.318566,9528,109.0,0.007569,34560000000,0.018566,LOW
run_e2394ef7,internal,tbound_yahoo,2026-02-11T08:25:39.981281+00:00,nlp,yahoo,transformer,10,4500,0.1,n_d_lr_grid,260000,0.01,128,0.0001,adam,10000,0.3,0.316202,9810,75.86,0.005268,70200000000,0.016202,LOW
run_4371d2ea,internal,tbound_yahoo,2026-02-11T08:45:39.981281+00:00,nlp,yahoo,transformer,10,4500,0.1,n_d_lr_grid,260000,0.003,128,0.0001,adam,10000,0.3,0.366096,8019,124.99,0.00868,70200000000,0.066096,MEDIUM
run_1c93d31e,internal,tbound_yahoo,2026-02-11T09:05:39.981281+00:00,nlp,yahoo,transformer,10,4500,0.1,n_d_lr_grid,260000,0.001,128,0.0001,adam,10000,0.366862,0.397823,7197,71.61,0.004973,70200000000,0.030961,LOW
run_43164a0c,internal,tbound_yahoo,2026-02-11T09:25:39.981281+00:00,nlp,yahoo,transformer,10,4500,0.1,n_d_lr_grid,260000,0.0003,128,0.0001,adam,10000,0.3,0.354532,9010,126.71,0.008799,70200000000,0.054532,MEDIUM
run_14da18f0,internal,tbound_yahoo,2026-02-11T09:45:39.981281+00:00,nlp,yahoo,transformer,10,4500,0.1,n_d_lr_grid,260000,0.0001,128,0.0001,adam,10000,0.3,0.358014,9171,145.2,0.010083,70200000000,0.058014,MEDIUM
run_626b278f,internal,tbound_yahoo,2026-02-11T10:05:39.981281+00:00,nlp,yahoo,transformer,10,4500,0.1,n_d_lr_grid,260000,3e-05,128,0.0001,adam,10000,0.3,0.336868,7836,107.47,0.007463,70200000000,0.036868,LOW
run_91f39d7d,internal,tbound_yahoo,2026-02-11T10:25:39.981281+00:00,nlp,yahoo,transformer,10,4500,0.1,n_d_lr_grid,780000,0.01,128,0.0001,adam,10000,0.3,0.322913,9097,140.6,0.009764,210600000000,0.022913,LOW
run_c31fabdd,internal,tbound_yahoo,2026-02-11T10:45:39.981281+00:00,nlp,yahoo,transformer,10,4500,0.1,n_d_lr_grid,780000,0.003,128,0.0001,adam,10000,0.3,0.321571,8885,171.02,0.011877,210600000000,0.021571,LOW
run_709430a3,internal,tbound_yahoo,2026-02-11T11:05:39.981281+00:00,nlp,yahoo,transformer,10,4500,0.1,n_d_lr_grid,780000,0.001,128,0.0001,adam,10000,0.356432,0.424651,8900,132.58,0.009207,210600000000,0.068219,MEDIUM
run_34be1855,internal,tbound_yahoo,2026-02-11T11:25:39.981281+00:00,nlp,yahoo,transformer,10,4500,0.1,n_d_lr_grid,780000,0.0003,128,0.0001,adam,10000,0.3,0.364781,7546,113.05,0.007851,210600000000,0.064781,MEDIUM
run_8d303aa0,internal,tbound_yahoo,2026-02-11T11:45:39.981281+00:00,nlp,yahoo,transformer,10,4500,0.1,n_d_lr_grid,780000,0.0001,128,0.0001,adam,10000,0.3,0.340076,8372,186.55,0.012955,210600000000,0.040076,LOW
run_04eaf7ba,internal,tbound_yahoo,2026-02-11T12:05:39.981281+00:00,nlp,yahoo,transformer,10,4500,0.1,n_d_lr_grid,780000,3e-05,128,0.0001,adam,10000,0.3,0.342321,9964,151.28,0.010506,210600000000,0.042321,LOW
run_0c8b2782,internal,tbound_yahoo,2026-02-11T12:25:39.981281+00:00,nlp,yahoo,transformer,10,4500,0.1,n_d_lr_grid,2050000,0.01,128,0.0001,adam,10000,0.3,0.342073,8625,278.47,0.019338,553500000000,0.042073,LOW
run_2e8bf27e,internal,tbound_yahoo,2026-02-11T12:45:39.981281+00:00,nlp,yahoo,transformer,10,4500,0.1,n_d_lr_grid,2050000,0.003,128,0.0001,adam,10000,0.3,0.315642,8009,300.51,0.020869,553500000000,0.015642,LOW
run_667b3d64,internal,tbound_yahoo,2026-02-11T13:05:39.981281+00:00,nlp,yahoo,transformer,10,4500,0.1,n_d_lr_grid,2050000,0.001,128,0.0001,adam,10000,0.34346,0.417117,9659,305.22,0.021196,553500000000,0.073657,MEDIUM
run_b0480ccc,internal,tbound_yahoo,2026-02-11T13:25:39.981281+00:00,nlp,yahoo,transformer,10,4500,0.1,n_d_lr_grid,2050000,0.0003,128,0.0001,adam,10000,0.3,0.363586,8851,249.3,0.017313,553500000000,0.063586,MEDIUM
run_c0c82fe3,internal,tbound_yahoo,2026-02-11T13:45:39.981281+00:00,nlp,yahoo,transformer,10,4500,0.1,n_d_lr_grid,2050000,0.0001,128,0.0001,adam,10000,0.3,0.319194,8619,270.9,0.018812,553500000000,0.019194,LOW
run_78c67156,internal,tbound_yahoo,2026-02-11T14:05:39.981281+00:00,nlp,yahoo,transformer,10,4500,0.1,n_d_lr_grid,2050000,3e-05,128,0.0001,adam,10000,0.3,0.355987,9973,321.1,0.022298,553500000000,0.055987,MEDIUM
run_3bacfa0d,internal,tbound_yahoo,2026-02-11T14:25:39.981281+00:00,nlp,yahoo,transformer,10,9000,0.2,n_d_lr_grid,8000,0.01,128,0.0001,adam,10000,0.3,0.329792,8365,34.81,0.002418,2160000000,0.029792,LOW
run_e0befedb,internal,tbound_yahoo,2026-02-11T14:45:39.981281+00:00,nlp,yahoo,transformer,10,9000,0.2,n_d_lr_grid,8000,0.003,128,0.0001,adam,10000,0.3,0.328319,7269,53.03,0.003683,2160000000,0.028319,LOW
run_957320fc,internal,tbound_yahoo,2026-02-11T15:05:39.981281+00:00,nlp,yahoo,transformer,10,9000,0.2,n_d_lr_grid,8000,0.001,128,0.0001,adam,10000,0.3,0.327468,9014,55.28,0.003839,2160000000,0.027468,LOW
run_5de94c71,internal,tbound_yahoo,2026-02-11T15:25:39.981281+00:00,nlp,yahoo,transformer,10,9000,0.2,n_d_lr_grid,8000,0.0003,128,0.0001,adam,10000,0.3,0.341482,8579,100.7,0.006993,2160000000,0.041482,LOW
run_bc4b5142,internal,tbound_yahoo,2026-02-11T15:45:39.981281+00:00,nlp,yahoo,transformer,10,9000,0.2,n_d_lr_grid,8000,0.0001,128,0.0001,adam,10000,0.3,0.320947,8642,107.58,0.007471,2160000000,0.020947,LOW
run_1e8c2e2d,internal,tbound_yahoo,2026-02-11T16:05:39.981281+00:00,nlp,yahoo,transformer,10,9000,0.2,n_d_lr_grid,8000,3e-05,128,0.0001,adam,10000,0.3,0.314386,8464,112.38,0.007804,2160000000,0.014386,LOW
run_c166664e,internal,tbound_yahoo,2026-02-11T16:25:39.981281+00:00,nlp,yahoo,transformer,10,9000,0.2,n_d_lr_grid,32000,0.01,128,0.0001,adam,10000,0.3,0.334214,9010,61.57,0.004275,8640000000,0.034214,LOW
run_1cd9b13a,internal,tbound_yahoo,2026-02-11T16:45:39.981281+00:00,nlp,yahoo,transformer,10,9000,0.2,n_d_lr_grid,32000,0.003,128,0.0001,adam,10000,0.3,0.334314,9001,114.19,0.00793,8640000000,0.034314,LOW
run_5106c999,internal,tbound_yahoo,2026-02-11T17:05:39.981281+00:00,nlp,yahoo,transformer,10,9000,0.2,n_d_lr_grid,32000,0.001,128,0.0001,adam,10000,0.334571,0.395842,8495,82.55,0.005733,8640000000,0.061271,MEDIUM
run_9fc3358e,internal,tbound_yahoo,2026-02-11T17:25:39.981281+00:00,nlp,yahoo,transformer,10,9000,0.2,n_d_lr_grid,32000,0.0003,128,0.0001,adam,10000,0.3,0.349212,8449,117.51,0.008161,8640000000,0.049212,LOW
run_c3249ac4,internal,tbound_yahoo,2026-02-11T17:45:39.981281+00:00,nlp,yahoo,transformer,10,9000,0.2,n_d_lr_grid,32000,0.0001,128,0.0001,adam,10000,0.3,0.367951,9189,104.09,0.007229,8640000000,0.067951,MEDIUM
run_793208b3,internal,tbound_yahoo,2026-02-11T18:05:39.981281+00:00,nlp,yahoo,transformer,10,9000,0.2,n_d_lr_grid,32000,3e-05,128,0.0001,adam,10000,0.3,0.361157,8105,121.52,0.008439,8640000000,0.061157,MEDIUM
run_9868bafc,internal,tbound_yahoo,2026-02-11T18:25:39.981281+00:00,nlp,yahoo,transformer,10,9000,0.2,n_d_lr_grid,128000,0.01,128,0.0001,adam,10000,0.3,0.320148,9352,108.06,0.007504,34560000000,0.020148,LOW
run_3c88b4db,internal,tbound_yahoo,2026-02-11T18:45:39.981281+00:00,nlp,yahoo,transformer,10,9000,0.2,n_d_lr_grid,128000,0.003,128,0.0001,adam,10000,0.3,0.342475,7383,130.28,0.009047,34560000000,0.042475,LOW
run_0a9ae34b,internal,tbound_yahoo,2026-02-11T19:05:39.981281+00:00,nlp,yahoo,transformer,10,9000,0.2,n_d_lr_grid,128000,0.001,128,0.0001,adam,10000,0.409803,0.487518,9208,59.27,0.004116,34560000000,0.077715,MEDIUM
run_70fd803a,internal,tbound_yahoo,2026-02-11T19:25:39.981281+00:00,nlp,yahoo,transformer,10,9000,0.2,n_d_lr_grid,128000,0.0003,128,0.0001,adam,10000,0.3,0.320587,9537,63.08,0.00438,34560000000,0.020587,LOW
run_51deab33,internal,tbound_yahoo,2026-02-11T19:45:39.981281+00:00,nlp,yahoo,transformer,10,9000,0.2,n_d_lr_grid,128000,0.0001,128,0.0001,adam,10000,0.3,0.316219,9336,104.34,0.007246,34560000000,0.016219,LOW
run_e4d8aeb5,internal,tbound_yahoo,2026-02-11T20:05:39.981281+00:00,nlp,yahoo,transformer,10,9000,0.2,n_d_lr_grid,128000,3e-05,128,0.0001,adam,10000,0.3,0.346637,9075,53.13,0.00369,34560000000,0.046637,LOW
run_53f99b3b,internal,tbound_yahoo,2026-02-11T20:25:39.981281+00:00,nlp,yahoo,transformer,10,9000,0.2,n_d_lr_grid,260000,0.01,128,0.0001,adam,10000,0.3,0.360597,7176,62.09,0.004312,70200000000,0.060597,MEDIUM
run_78f873f9,internal,tbound_yahoo,2026-02-11T20:45:39.981281+00:00,nlp,yahoo,transformer,10,9000,0.2,n_d_lr_grid,260000,0.003,128,0.0001,adam,10000,0.3,0.348048,7197,63.36,0.0044,70200000000,0.048048,LOW
run_9b6885dc,internal,tbound_yahoo,2026-02-11T21:05:39.981281+00:00,nlp,yahoo,transformer,10,9000,0.2,n_d_lr_grid,260000,0.001,128,0.0001,adam,10000,0.436313,0.505597,8537,94.58,0.006568,70200000000,0.069284,MEDIUM
run_6f30a55e,internal,tbound_yahoo,2026-02-11T21:25:39.981281+00:00,nlp,yahoo,transformer,10,9000,0.2,n_d_lr_grid,260000,0.0003,128,0.0001,adam,10000,0.3,0.356493,9889,75.45,0.005239,70200000000,0.056493,MEDIUM
run_e5f87c59,internal,tbound_yahoo,2026-02-11T21:45:39.981281+00:00,nlp,yahoo,transformer,10,9000,0.2,n_d_lr_grid,260000,0.0001,128,0.0001,adam,10000,0.3,0.342361,7636,93.06,0.006462,70200000000,0.042361,LOW
run_cecce2a7,internal,tbound_yahoo,2026-02-11T22:05:39.981281+00:00,nlp,yahoo,transformer,10,9000,0.2,n_d_lr_grid,260000,3e-05,128,0.0001,adam,10000,0.3,0.36245,8317,82.15,0.005705,70200000000,0.06245,MEDIUM
run_b94d7411,internal,tbound_yahoo,2026-02-11T22:25:39.981281+00:00,nlp,yahoo,transformer,10,9000,0.2,n_d_lr_grid,780000,0.01,128,0.0001,adam,10000,0.3,0.366448,8727,149.33,0.01037,210600000000,0.066448,MEDIUM
run_3718c29a,internal,tbound_yahoo,2026-02-11T22:45:39.981281+00:00,nlp,yahoo,transformer,10,9000,0.2,n_d_lr_grid,780000,0.003,128,0.0001,adam,10000,0.3,0.365579,9079,152.75,0.010608,210600000000,0.065579,MEDIUM
run_19e88fe5,internal,tbound_yahoo,2026-02-11T23:05:39.981281+00:00,nlp,yahoo,transformer,10,9000,0.2,n_d_lr_grid,780000,0.001,128,0.0001,adam,10000,0.425551,0.453654,9430,122.82,0.008529,210600000000,0.028103,LOW
run_acbef378,internal,tbound_yahoo,2026-02-11T23:25:39.981281+00:00,nlp,yahoo,transformer,10,9000,0.2,n_d_lr_grid,780000,0.0003,128,0.0001,adam,10000,0.3,0.36309,8678,175.87,0.012213,210600000000,0.06309,MEDIUM
run_62741184,internal,tbound_yahoo,2026-02-11T23:45:39.981281+00:00,nlp,yahoo,transformer,10,9000,0.2,n_d_lr_grid,780000,0.0001,128,0.0001,adam,10000,0.3,0.324342,8749,187.0,0.012986,210600000000,0.024342,LOW
run_69784590,internal,tbound_yahoo,2026-02-12T00:05:39.981281+00:00,nlp,yahoo,transformer,10,9000,0.2,n_d_lr_grid,780000,3e-05,128,0.0001,adam,10000,0.3,0.321313,9727,130.99,0.009097,210600000000,0.021313,LOW
run_356c43d1,internal,tbound_yahoo,2026-02-12T00:25:39.981281+00:00,nlp,yahoo,transformer,10,9000,0.2,n_d_lr_grid,2050000,0.01,128,0.0001,adam,10000,0.3,0.378949,7446,304.48,0.021145,553500000000,0.078949,MEDIUM
run_ad500391,internal,tbound_yahoo,2026-02-12T00:45:39.981281+00:00,nlp,yahoo,transformer,10,9000,0.2,n_d_lr_grid,2050000,0.003,128,0.0001,adam,10000,0.3,0.348676,8991,243.47,0.016908,553500000000,0.048676,LOW
run_429c69bb,internal,tbound_yahoo,2026-02-12T01:05:39.981281+00:00,nlp,yahoo,transformer,10,9000,0.2,n_d_lr_grid,2050000,0.001,128,0.0001,adam,10000,0.415237,0.445007,9274,270.17,0.018761,553500000000,0.02977,LOW
run_51a8d754,internal,tbound_yahoo,2026-02-12T01:25:39.981281+00:00,nlp,yahoo,transformer,10,9000,0.2,n_d_lr_grid,2050000,0.0003,128,0.0001,adam,10000,0.3,0.317383,9648,294.11,0.020424,553500000000,0.017383,LOW
run_79a388fd,internal,tbound_yahoo,2026-02-12T01:45:39.981281+00:00,nlp,yahoo,transformer,10,9000,0.2,n_d_lr_grid,2050000,0.0001,128,0.0001,adam,10000,0.3,0.337817,9756,243.41,0.016903,553500000000,0.037817,LOW
run_01068066,internal,tbound_yahoo,2026-02-12T02:05:39.981281+00:00,nlp,yahoo,transformer,10,9000,0.2,n_d_lr_grid,2050000,3e-05,128,0.0001,adam,10000,0.3,0.377513,7007,253.34,0.017593,553500000000,0.077513,MEDIUM
run_e00e4e03,internal,tbound_yahoo,2026-02-12T02:25:39.981281+00:00,nlp,yahoo,transformer,10,15749,0.35,n_d_lr_grid,8000,0.01,128,0.0001,adam,10000,0.3,0.3301,9211,102.16,0.007094,2160000000,0.0301,LOW
run_ba52e942,internal,tbound_yahoo,2026-02-12T02:45:39.981281+00:00,nlp,yahoo,transformer,10,15749,0.35,n_d_lr_grid,8000,0.003,128,0.0001,adam,10000,0.343804,0.373155,7904,58.91,0.004091,2160000000,0.029351,LOW
run_92ba0347,internal,tbound_yahoo,2026-02-12T03:05:39.981281+00:00,nlp,yahoo,transformer,10,15749,0.35,n_d_lr_grid,8000,0.001,128,0.0001,adam,10000,0.3,0.337718,8127,113.16,0.007858,2160000000,0.037718,LOW
run_dc06fe0b,internal,tbound_yahoo,2026-02-12T03:25:39.981281+00:00,nlp,yahoo,transformer,10,15749,0.35,n_d_lr_grid,8000,0.0003,128,0.0001,adam,10000,0.3,0.346413,9433,71.08,0.004936,2160000000,0.046413,LOW
run_6cc4a06f,internal,tbound_yahoo,2026-02-12T03:45:39.981281+00:00,nlp,yahoo,transformer,10,15749,0.35,n_d_lr_grid,8000,0.0001,128,0.0001,adam,10000,0.3,0.332173,7258,107.95,0.007496,2160000000,0.032173,LOW
run_6ac922d6,internal,tbound_yahoo,2026-02-12T04:05:39.981281+00:00,nlp,yahoo,transformer,10,15749,0.35,n_d_lr_grid,8000,3e-05,128,0.0001,adam,10000,0.3,0.372803,9533,46.0,0.003194,2160000000,0.072803,MEDIUM
run_8f699af5,internal,tbound_yahoo,2026-02-12T04:25:39.981281+00:00,nlp,yahoo,transformer,10,15749,0.35,n_d_lr_grid,32000,0.01,128,0.0001,adam,10000,0.3,0.31985,7612,51.38,0.003568,8640000000,0.01985,LOW
run_1a771368,internal,tbound_yahoo,2026-02-12T04:45:39.981281+00:00,nlp,yahoo,transformer,10,15749,0.35,n_d_lr_grid,32000,0.003,128,0.0001,adam,10000,0.3,0.361284,7612,107.03,0.007433,8640000000,0.061284,MEDIUM
run_0e91fdfa,internal,tbound_yahoo,2026-02-12T05:05:39.981281+00:00,nlp,yahoo,transformer,10,15749,0.35,n_d_lr_grid,32000,0.001,128,0.0001,adam,10000,0.392122,0.432945,8781,88.58,0.006151,8640000000,0.040823,LOW
run_a7f91893,internal,tbound_yahoo,2026-02-12T05:25:39.981281+00:00,nlp,yahoo,transformer,10,15749,0.35,n_d_lr_grid,32000,0.0003,128,0.0001,adam,10000,0.3,0.369981,8930,43.79,0.003041,8640000000,0.069981,MEDIUM
run_40713ae2,internal,tbound_yahoo,2026-02-12T05:45:39.981281+00:00,nlp,yahoo,transformer,10,15749,0.35,n_d_lr_grid,32000,0.0001,128,0.0001,adam,10000,0.3,0.345364,7574,120.24,0.00835,8640000000,0.045364,LOW
run_59084373,internal,tbound_yahoo,2026-02-12T06:05:39.981281+00:00,nlp,yahoo,transformer,10,15749,0.35,n_d_lr_grid,32000,3e-05,128,0.0001,adam,10000,0.3,0.343975,7669,44.22,0.003071,8640000000,0.043975,LOW
run_dee8b357,internal,tbound_yahoo,2026-02-12T06:25:39.981281+00:00,nlp,yahoo,transformer,10,15749,0.35,n_d_lr_grid,128000,0.01,128,0.0001,adam,10000,0.3,0.354427,8125,57.74,0.004009,34560000000,0.054427,MEDIUM
run_12bace14,internal,tbound_yahoo,2026-02-12T06:45:39.981281+00:00,nlp,yahoo,transformer,10,15749,0.35,n_d_lr_grid,128000,0.003,128,0.0001,adam,10000,0.3,0.378585,8560,101.85,0.007073,34560000000,0.078585,MEDIUM
run_ff1c7666,internal,tbound_yahoo,2026-02-12T07:05:39.981281+00:00,nlp,yahoo,transformer,10,15749,0.35,n_d_lr_grid,128000,0.001,128,0.0001,adam,10000,0.472399,0.488911,8939,45.44,0.003156,34560000000,0.016512,LOW
run_7a0a450d,internal,tbound_yahoo,2026-02-12T07:25:39.981281+00:00,nlp,yahoo,transformer,10,15749,0.35,n_d_lr_grid,128000,0.0003,128,0.0001,adam,10000,0.3,0.372318,9692,49.95,0.003469,34560000000,0.072318,MEDIUM
run_9c746234,internal,tbound_yahoo,2026-02-12T07:45:39.981281+00:00,nlp,yahoo,transformer,10,15749,0.35,n_d_lr_grid,128000,0.0001,128,0.0001,adam,10000,0.3,0.378142,7264,73.12,0.005077,34560000000,0.078142,MEDIUM
run_5a34e2db,internal,tbound_yahoo,2026-02-12T08:05:39.981281+00:00,nlp,yahoo,transformer,10,15749,0.35,n_d_lr_grid,128000,3e-05,128,0.0001,adam,10000,0.3,0.367334,9258,91.47,0.006352,34560000000,0.067334,MEDIUM
run_cab98134,internal,tbound_yahoo,2026-02-12T08:25:39.981281+00:00,nlp,yahoo,transformer,10,15749,0.35,n_d_lr_grid,260000,0.01,128,0.0001,adam,10000,0.3,0.363171,8473,144.93,0.010064,70200000000,0.063171,MEDIUM
run_a9a9ddf2,internal,tbound_yahoo,2026-02-12T08:45:39.981281+00:00,nlp,yahoo,transformer,10,15749,0.35,n_d_lr_grid,260000,0.003,128,0.0001,adam,10000,0.3,0.367515,9772,97.33,0.006759,70200000000,0.067515,MEDIUM
run_5b7d26cb,internal,tbound_yahoo,2026-02-12T09:05:39.981281+00:00,nlp,yahoo,transformer,10,15749,0.35,n_d_lr_grid,260000,0.001,128,0.0001,adam,10000,0.501861,0.529663,7587,129.73,0.009009,70200000000,0.027803,LOW
run_73318c61,internal,tbound_yahoo,2026-02-12T09:25:39.981281+00:00,nlp,yahoo,transformer,10,15749,0.35,n_d_lr_grid,260000,0.0003,128,0.0001,adam,10000,0.3,0.333465,9203,71.64,0.004975,70200000000,0.033465,LOW
run_3aca0128,internal,tbound_yahoo,2026-02-12T09:45:39.981281+00:00,nlp,yahoo,transformer,10,15749,0.35,n_d_lr_grid,260000,0.0001,128,0.0001,adam,10000,0.3,0.367818,7980,65.06,0.004518,70200000000,0.067818,MEDIUM
run_9cbc86a3,internal,tbound_yahoo,2026-02-12T10:05:39.981281+00:00,nlp,yahoo,transformer,10,15749,0.35,n_d_lr_grid,260000,3e-05,128,0.0001,adam,10000,0.3,0.339408,9354,137.48,0.009547,70200000000,0.039408,LOW
run_9e8bbbf8,internal,tbound_yahoo,2026-02-12T10:25:39.981281+00:00,nlp,yahoo,transformer,10,15749,0.35,n_d_lr_grid,780000,0.01,128,0.0001,adam,10000,0.3,0.341525,9326,175.39,0.01218,210600000000,0.041525,LOW
run_86a48213,internal,tbound_yahoo,2026-02-12T10:45:39.981281+00:00,nlp,yahoo,transformer,10,15749,0.35,n_d_lr_grid,780000,0.003,128,0.0001,adam,10000,0.3,0.353465,9884,139.71,0.009702,210600000000,0.053465,MEDIUM
run_da660056,internal,tbound_yahoo,2026-02-12T11:05:39.981281+00:00,nlp,yahoo,transformer,10,15749,0.35,n_d_lr_grid,780000,0.001,128,0.0001,adam,10000,0.490786,0.557219,7930,183.94,0.012773,210600000000,0.066434,MEDIUM
run_e9280945,internal,tbound_yahoo,2026-02-12T11:25:39.981281+00:00,nlp,yahoo,transformer,10,15749,0.35,n_d_lr_grid,780000,0.0003,128,0.0001,adam,10000,0.3,0.312178,8953,174.54,0.012121,210600000000,0.012178,LOW
run_1e886570,internal,tbound_yahoo,2026-02-12T11:45:39.981281+00:00,nlp,yahoo,transformer,10,15749,0.35,n_d_lr_grid,780000,0.0001,128,0.0001,adam,10000,0.3,0.332757,7155,169.77,0.01179,210600000000,0.032757,LOW
run_811574e7,internal,tbound_yahoo,2026-02-12T12:05:39.981281+00:00,nlp,yahoo,transformer,10,15749,0.35,n_d_lr_grid,780000,3e-05,128,0.0001,adam,10000,0.3,0.357717,8683,123.04,0.008545,210600000000,0.057717,MEDIUM
run_c3539eb7,internal,tbound_yahoo,2026-02-12T12:25:39.981281+00:00,nlp,yahoo,transformer,10,15749,0.35,n_d_lr_grid,2050000,0.01,128,0.0001,adam,10000,0.3,0.325903,7854,310.33,0.021551,553500000000,0.025903,LOW
run_7d8e7b1d,internal,tbound_yahoo,2026-02-12T12:45:39.981281+00:00,nlp,yahoo,transformer,10,15749,0.35,n_d_lr_grid,2050000,0.003,128,0.0001,adam,10000,0.3,0.315395,7441,265.63,0.018447,553500000000,0.015395,LOW
run_c9c345b2,internal,tbound_yahoo,2026-02-12T13:05:39.981281+00:00,nlp,yahoo,transformer,10,15749,0.35,n_d_lr_grid,2050000,0.001,128,0.0001,adam,10000,0.482981,0.528867,7532,262.48,0.018228,553500000000,0.045886,LOW
run_5bc3a4bf,internal,tbound_yahoo,2026-02-12T13:25:39.981281+00:00,nlp,yahoo,transformer,10,15749,0.35,n_d_lr_grid,2050000,0.0003,128,0.0001,adam,10000,0.3,0.312323,9019,262.36,0.018219,553500000000,0.012323,LOW
run_cf874f0b,internal,tbound_yahoo,2026-02-12T13:45:39.981281+00:00,nlp,yahoo,transformer,10,15749,0.35,n_d_lr_grid,2050000,0.0001,128,0.0001,adam,10000,0.3,0.370984,8787,303.95,0.021107,553500000000,0.070984,MEDIUM
run_2cf5d77e,internal,tbound_yahoo,2026-02-12T14:05:39.981281+00:00,nlp,yahoo,transformer,10,15749,0.35,n_d_lr_grid,2050000,3e-05,128,0.0001,adam,10000,0.3,0.356549,7645,258.43,0.017946,553500000000,0.056549,MEDIUM
run_9764f920,internal,tbound_yahoo,2026-02-12T14:25:39.981281+00:00,nlp,yahoo,transformer,10,22500,0.5,n_d_lr_grid,8000,0.01,128,0.0001,adam,10000,0.3,0.356951,8377,81.24,0.005642,2160000000,0.056951,MEDIUM
run_c28f6b32,internal,tbound_yahoo,2026-02-12T14:45:39.981281+00:00,nlp,yahoo,transformer,10,22500,0.5,n_d_lr_grid,8000,0.003,128,0.0001,adam,10000,0.38144,0.422734,9659,72.23,0.005016,2160000000,0.041294,LOW
run_70b6e857,internal,tbound_yahoo,2026-02-12T15:05:39.981281+00:00,nlp,yahoo,transformer,10,22500,0.5,n_d_lr_grid,8000,0.001,128,0.0001,adam,10000,0.313497,0.350209,8682,42.4,0.002944,2160000000,0.036713,LOW
run_c7e9f0f7,internal,tbound_yahoo,2026-02-12T15:25:39.981281+00:00,nlp,yahoo,transformer,10,22500,0.5,n_d_lr_grid,8000,0.0003,128,0.0001,adam,10000,0.3,0.378376,7595,40.76,0.002831,2160000000,0.078376,MEDIUM
run_efb6a07c,internal,tbound_yahoo,2026-02-12T15:45:39.981281+00:00,nlp,yahoo,transformer,10,22500,0.5,n_d_lr_grid,8000,0.0001,128,0.0001,adam,10000,0.3,0.31126,7269,68.73,0.004773,2160000000,0.01126,LOW
run_b1fd50e1,internal,tbound_yahoo,2026-02-12T16:05:39.981281+00:00,nlp,yahoo,transformer,10,22500,0.5,n_d_lr_grid,8000,3e-05,128,0.0001,adam,10000,0.3,0.374265,8967,56.0,0.003889,2160000000,0.074265,MEDIUM
run_6ac1ac39,internal,tbound_yahoo,2026-02-12T16:25:39.981281+00:00,nlp,yahoo,transformer,10,22500,0.5,n_d_lr_grid,32000,0.01,128,0.0001,adam,10000,0.3,0.359538,9946,120.75,0.008385,8640000000,0.059538,MEDIUM
run_78bafa28,internal,tbound_yahoo,2026-02-12T16:45:39.981281+00:00,nlp,yahoo,transformer,10,22500,0.5,n_d_lr_grid,32000,0.003,128,0.0001,adam,10000,0.336694,0.399471,7979,105.64,0.007336,8640000000,0.062777,MEDIUM
run_0a028d77,internal,tbound_yahoo,2026-02-12T17:05:39.981281+00:00,nlp,yahoo,transformer,10,22500,0.5,n_d_lr_grid,32000,0.001,128,0.0001,adam,10000,0.433234,0.51196,9810,89.12,0.006189,8640000000,0.078726,MEDIUM
run_c0ebc15e,internal,tbound_yahoo,2026-02-12T17:25:39.981281+00:00,nlp,yahoo,transformer,10,22500,0.5,n_d_lr_grid,32000,0.0003,128,0.0001,adam,10000,0.3,0.353977,7786,81.14,0.005635,8640000000,0.053977,MEDIUM
run_c34a1880,internal,tbound_yahoo,2026-02-12T17:45:39.981281+00:00,nlp,yahoo,transformer,10,22500,0.5,n_d_lr_grid,32000,0.0001,128,0.0001,adam,10000,0.3,0.371093,7933,43.33,0.003009,8640000000,0.071093,MEDIUM
run_3245444c,internal,tbound_yahoo,2026-02-12T18:05:39.981281+00:00,nlp,yahoo,transformer,10,22500,0.5,n_d_lr_grid,32000,3e-05,128,0.0001,adam,10000,0.3,0.318417,9512,39.35,0.002733,8640000000,0.018417,LOW
run_da46577a,internal,tbound_yahoo,2026-02-12T18:25:39.981281+00:00,nlp,yahoo,transformer,10,22500,0.5,n_d_lr_grid,128000,0.01,128,0.0001,adam,10000,0.3,0.326933,9867,43.92,0.00305,34560000000,0.026933,LOW
run_639b444d,internal,tbound_yahoo,2026-02-12T18:45:39.981281+00:00,nlp,yahoo,transformer,10,22500,0.5,n_d_lr_grid,128000,0.003,128,0.0001,adam,10000,0.3,0.331089,8762,96.65,0.006712,34560000000,0.031089,LOW
run_66a57a83,internal,tbound_yahoo,2026-02-12T19:05:39.981281+00:00,nlp,yahoo,transformer,10,22500,0.5,n_d_lr_grid,128000,0.001,128,0.0001,adam,10000,0.517115,0.54296,7040,108.52,0.007536,34560000000,0.025845,LOW
run_9d033e83,internal,tbound_yahoo,2026-02-12T19:25:39.981281+00:00,nlp,yahoo,transformer,10,22500,0.5,n_d_lr_grid,128000,0.0003,128,0.0001,adam,10000,0.3,0.31337,8799,124.06,0.008615,34560000000,0.01337,LOW
run_7807c25b,internal,tbound_yahoo,2026-02-12T19:45:39.981281+00:00,nlp,yahoo,transformer,10,22500,0.5,n_d_lr_grid,128000,0.0001,128,0.0001,adam,10000,0.3,0.371408,8621,72.54,0.005037,34560000000,0.071408,MEDIUM
run_a5dcb0e0,internal,tbound_yahoo,2026-02-12T20:05:39.981281+00:00,nlp,yahoo,transformer,10,22500,0.5,n_d_lr_grid,128000,3e-05,128,0.0001,adam,10000,0.3,0.372461,7694,59.48,0.004131,34560000000,0.072461,MEDIUM
run_9eb41f4a,internal,tbound_yahoo,2026-02-12T20:25:39.981281+00:00,nlp,yahoo,transformer,10,22500,0.5,n_d_lr_grid,260000,0.01,128,0.0001,adam,10000,0.3,0.347192,9479,131.43,0.009127,70200000000,0.047192,LOW
run_5566188b,internal,tbound_yahoo,2026-02-12T20:45:39.981281+00:00,nlp,yahoo,transformer,10,22500,0.5,n_d_lr_grid,260000,0.003,128,0.0001,adam,10000,0.3,0.312427,7493,108.45,0.007531,70200000000,0.012427,LOW
run_548daaef,internal,tbound_yahoo,2026-02-12T21:05:39.981281+00:00,nlp,yahoo,transformer,10,22500,0.5,n_d_lr_grid,260000,0.001,128,0.0001,adam,10000,0.548686,0.618584,8348,102.93,0.007148,70200000000,0.069899,MEDIUM
run_c18e60ec,internal,tbound_yahoo,2026-02-12T21:25:39.981281+00:00,nlp,yahoo,transformer,10,22500,0.5,n_d_lr_grid,260000,0.0003,128,0.0001,adam,10000,0.3,0.327662,9044,75.82,0.005265,70200000000,0.027662,LOW
run_0574c701,internal,tbound_yahoo,2026-02-12T21:45:39.981281+00:00,nlp,yahoo,transformer,10,22500,0.5,n_d_lr_grid,260000,0.0001,128,0.0001,adam,10000,0.3,0.346767,8058,58.94,0.004093,70200000000,0.046767,LOW
run_61b2e0ae,internal,tbound_yahoo,2026-02-12T22:05:39.981281+00:00,nlp,yahoo,transformer,10,22500,0.5,n_d_lr_grid,260000,3e-05,128,0.0001,adam,10000,0.3,0.36805,8031,135.11,0.009383,70200000000,0.06805,MEDIUM
run_7d6810ed,internal,tbound_yahoo,2026-02-12T22:25:39.981281+00:00,nlp,yahoo,transformer,10,22500,0.5,n_d_lr_grid,780000,0.01,128,0.0001,adam,10000,0.3,0.346221,9379,146.74,0.01019,210600000000,0.046221,LOW
run_0eb800de,internal,tbound_yahoo,2026-02-12T22:45:39.981281+00:00,nlp,yahoo,transformer,10,22500,0.5,n_d_lr_grid,780000,0.003,128,0.0001,adam,10000,0.3,0.373747,7526,149.8,0.010403,210600000000,0.073747,MEDIUM
run_50d86fe8,internal,tbound_yahoo,2026-02-12T23:05:39.981281+00:00,nlp,yahoo,transformer,10,22500,0.5,n_d_lr_grid,780000,0.001,128,0.0001,adam,10000,0.537386,0.589521,9652,188.33,0.013078,210600000000,0.052135,MEDIUM
run_902ed2c0,internal,tbound_yahoo,2026-02-12T23:25:39.981281+00:00,nlp,yahoo,transformer,10,22500,0.5,n_d_lr_grid,780000,0.0003,128,0.0001,adam,10000,0.3,0.321941,8573,193.33,0.013426,210600000000,0.021941,LOW
run_3a8c2171,internal,tbound_yahoo,2026-02-12T23:45:39.981281+00:00,nlp,yahoo,transformer,10,22500,0.5,n_d_lr_grid,780000,0.0001,128,0.0001,adam,10000,0.3,0.351419,7131,171.24,0.011891,210600000000,0.051419,MEDIUM
run_59e17631,internal,tbound_yahoo,2026-02-13T00:05:39.981281+00:00,nlp,yahoo,transformer,10,22500,0.5,n_d_lr_grid,780000,3e-05,128,0.0001,adam,10000,0.3,0.35735,7771,119.85,0.008323,210600000000,0.05735,MEDIUM
run_546834db,internal,tbound_yahoo,2026-02-13T00:25:39.981281+00:00,nlp,yahoo,transformer,10,22500,0.5,n_d_lr_grid,2050000,0.01,128,0.0001,adam,10000,0.3,0.336916,9901,278.89,0.019367,553500000000,0.036916,LOW
run_810a0114,internal,tbound_yahoo,2026-02-13T00:45:39.981281+00:00,nlp,yahoo,transformer,10,22500,0.5,n_d_lr_grid,2050000,0.003,128,0.0001,adam,10000,0.3,0.328387,9394,259.44,0.018017,553500000000,0.028387,LOW
run_ad047997,internal,tbound_yahoo,2026-02-13T01:05:39.981281+00:00,nlp,yahoo,transformer,10,22500,0.5,n_d_lr_grid,2050000,0.001,128,0.0001,adam,10000,0.531375,0.593426,8110,280.56,0.019484,553500000000,0.062052,MEDIUM
run_dbd390e5,internal,tbound_yahoo,2026-02-13T01:25:39.981281+00:00,nlp,yahoo,transformer,10,22500,0.5,n_d_lr_grid,2050000,0.0003,128,0.0001,adam,10000,0.346401,0.384889,8936,315.23,0.021891,553500000000,0.038488,LOW
run_1ddb925e,internal,tbound_yahoo,2026-02-13T01:45:39.981281+00:00,nlp,yahoo,transformer,10,22500,0.5,n_d_lr_grid,2050000,0.0001,128,0.0001,adam,10000,0.3,0.312784,7282,289.37,0.020095,553500000000,0.012784,LOW
run_c088f750,internal,tbound_yahoo,2026-02-13T02:05:39.981281+00:00,nlp,yahoo,transformer,10,22500,0.5,n_d_lr_grid,2050000,3e-05,128,0.0001,adam,10000,0.3,0.319802,7440,259.91,0.01805,553500000000,0.019802,LOW
run_1763f241,internal,tbound_yahoo,2026-02-13T02:25:39.981281+00:00,nlp,yahoo,transformer,10,33750,0.75,n_d_lr_grid,8000,0.01,128,0.0001,adam,10000,0.3,0.333194,8447,74.18,0.005152,2160000000,0.033194,LOW
run_bc72c5a0,internal,tbound_yahoo,2026-02-13T02:45:39.981281+00:00,nlp,yahoo,transformer,10,33750,0.75,n_d_lr_grid,8000,0.003,128,0.0001,adam,10000,0.428506,0.471388,8875,71.07,0.004936,2160000000,0.042882,LOW
run_0ff278fe,internal,tbound_yahoo,2026-02-13T03:05:39.981281+00:00,nlp,yahoo,transformer,10,33750,0.75,n_d_lr_grid,8000,0.001,128,0.0001,adam,10000,0.360562,0.385052,7997,77.29,0.005367,2160000000,0.024489,LOW
run_b068e2c3,internal,tbound_yahoo,2026-02-13T03:25:39.981281+00:00,nlp,yahoo,transformer,10,33750,0.75,n_d_lr_grid,8000,0.0003,128,0.0001,adam,10000,0.3,0.36979,8159,35.25,0.002448,2160000000,0.06979,MEDIUM
run_ea10fa2b,internal,tbound_yahoo,2026-02-13T03:45:39.981281+00:00,nlp,yahoo,transformer,10,33750,0.75,n_d_lr_grid,8000,0.0001,128,0.0001,adam,10000,0.3,0.31257,7601,40.52,0.002814,2160000000,0.01257,LOW
run_7caf1765,internal,tbound_yahoo,2026-02-13T04:05:39.981281+00:00,nlp,yahoo,transformer,10,33750,0.75,n_d_lr_grid,8000,3e-05,128,0.0001,adam,10000,0.3,0.3424,7703,70.27,0.00488,2160000000,0.0424,LOW
run_1f9b4411,internal,tbound_yahoo,2026-02-13T04:25:39.981281+00:00,nlp,yahoo,transformer,10,33750,0.75,n_d_lr_grid,32000,0.01,128,0.0001,adam,10000,0.3,0.345887,9429,59.61,0.00414,8640000000,0.045887,LOW
run_5dd5e81f,internal,tbound_yahoo,2026-02-13T04:45:39.981281+00:00,nlp,yahoo,transformer,10,33750,0.75,n_d_lr_grid,32000,0.003,128,0.0001,adam,10000,0.388106,0.417553,7816,106.7,0.00741,8640000000,0.029448,LOW
run_7de42a3d,internal,tbound_yahoo,2026-02-13T05:05:39.981281+00:00,nlp,yahoo,transformer,10,33750,0.75,n_d_lr_grid,32000,0.001,128,0.0001,adam,10000,0.484646,0.537841,9866,43.45,0.003017,8640000000,0.053195,MEDIUM
run_9fd14a79,internal,tbound_yahoo,2026-02-13T05:25:39.981281+00:00,nlp,yahoo,transformer,10,33750,0.75,n_d_lr_grid,32000,0.0003,128,0.0001,adam,10000,0.3,0.37159,8574,84.93,0.005898,8640000000,0.07159,MEDIUM
run_1a5e177d,internal,tbound_yahoo,2026-02-13T05:45:39.981281+00:00,nlp,yahoo,transformer,10,33750,0.75,n_d_lr_grid,32000,0.0001,128,0.0001,adam,10000,0.3,0.344548,7906,96.4,0.006695,8640000000,0.044548,LOW
run_65e4d1bd,internal,tbound_yahoo,2026-02-13T06:05:39.981281+00:00,nlp,yahoo,transformer,10,33750,0.75,n_d_lr_grid,32000,3e-05,128,0.0001,adam,10000,0.3,0.319204,7000,57.93,0.004023,8640000000,0.019204,LOW
run_28686470,internal,tbound_yahoo,2026-02-13T06:25:39.981281+00:00,nlp,yahoo,transformer,10,33750,0.75,n_d_lr_grid,128000,0.01,128,0.0001,adam,10000,0.3,0.337291,7583,108.49,0.007534,34560000000,0.037291,LOW
run_850f733b,internal,tbound_yahoo,2026-02-13T06:45:39.981281+00:00,nlp,yahoo,transformer,10,33750,0.75,n_d_lr_grid,128000,0.003,128,0.0001,adam,10000,0.31201,0.385543,9492,107.06,0.007435,34560000000,0.073533,MEDIUM
run_edf15c3c,internal,tbound_yahoo,2026-02-13T07:05:39.981281+00:00,nlp,yahoo,transformer,10,33750,0.75,n_d_lr_grid,128000,0.001,128,0.0001,adam,10000,0.573034,0.60469,9150,116.94,0.008121,34560000000,0.031656,LOW
run_3055fca2,internal,tbound_yahoo,2026-02-13T07:25:39.981281+00:00,nlp,yahoo,transformer,10,33750,0.75,n_d_lr_grid,128000,0.0003,128,0.0001,adam,10000,0.3,0.376782,7858,107.73,0.007481,34560000000,0.076782,MEDIUM
run_57e559b8,internal,tbound_yahoo,2026-02-13T07:45:39.981281+00:00,nlp,yahoo,transformer,10,33750,0.75,n_d_lr_grid,128000,0.0001,128,0.0001,adam,10000,0.3,0.310147,9478,107.38,0.007457,34560000000,0.010147,LOW
run_6d5a7ec6,internal,tbound_yahoo,2026-02-13T08:05:39.981281+00:00,nlp,yahoo,transformer,10,33750,0.75,n_d_lr_grid,128000,3e-05,128,0.0001,adam,10000,0.3,0.314167,9897,97.14,0.006746,34560000000,0.014167,LOW
run_a36a8c9a,internal,tbound_yahoo,2026-02-13T08:25:39.981281+00:00,nlp,yahoo,transformer,10,33750,0.75,n_d_lr_grid,260000,0.01,128,0.0001,adam,10000,0.3,0.327969,9686,115.88,0.008047,70200000000,0.027969,LOW
run_f674c767,internal,tbound_yahoo,2026-02-13T08:45:39.981281+00:00,nlp,yahoo,transformer,10,33750,0.75,n_d_lr_grid,260000,0.003,128,0.0001,adam,10000,0.3,0.356387,8774,64.31,0.004466,70200000000,0.056387,MEDIUM
run_ec421aea,internal,tbound_yahoo,2026-02-13T09:05:39.981281+00:00,nlp,yahoo,transformer,10,33750,0.75,n_d_lr_grid,260000,0.001,128,0.0001,adam,10000,0.607242,0.646568,7331,123.61,0.008584,70200000000,0.039326,LOW
run_ad247c01,internal,tbound_yahoo,2026-02-13T09:25:39.981281+00:00,nlp,yahoo,transformer,10,33750,0.75,n_d_lr_grid,260000,0.0003,128,0.0001,adam,10000,0.3,0.315613,8793,87.93,0.006106,70200000000,0.015613,LOW
run_10e4863b,internal,tbound_yahoo,2026-02-13T09:45:39.981281+00:00,nlp,yahoo,transformer,10,33750,0.75,n_d_lr_grid,260000,0.0001,128,0.0001,adam,10000,0.3,0.3568,9497,117.08,0.008131,70200000000,0.0568,MEDIUM
run_8d15774e,internal,tbound_yahoo,2026-02-13T10:05:39.981281+00:00,nlp,yahoo,transformer,10,33750,0.75,n_d_lr_grid,260000,3e-05,128,0.0001,adam,10000,0.3,0.372163,7909,109.88,0.007631,70200000000,0.072163,MEDIUM
run_613464aa,internal,tbound_yahoo,2026-02-13T10:25:39.981281+00:00,nlp,yahoo,transformer,10,33750,0.75,n_d_lr_grid,780000,0.01,128,0.0001,adam,10000,0.3,0.354527,8563,190.2,0.013208,210600000000,0.054527,MEDIUM
run_374e7a7f,internal,tbound_yahoo,2026-02-13T10:45:39.981281+00:00,nlp,yahoo,transformer,10,33750,0.75,n_d_lr_grid,780000,0.003,128,0.0001,adam,10000,0.3,0.322029,7628,165.41,0.011487,210600000000,0.022029,LOW
run_417d112e,internal,tbound_yahoo,2026-02-13T11:05:39.981281+00:00,nlp,yahoo,transformer,10,33750,0.75,n_d_lr_grid,780000,0.001,128,0.0001,adam,10000,0.595663,0.668834,8935,113.98,0.007915,210600000000,0.073172,MEDIUM
run_2412dffa,internal,tbound_yahoo,2026-02-13T11:25:39.981281+00:00,nlp,yahoo,transformer,10,33750,0.75,n_d_lr_grid,780000,0.0003,128,0.0001,adam,10000,0.3,0.379388,7267,181.8,0.012625,210600000000,0.079388,MEDIUM
run_9bd454fa,internal,tbound_yahoo,2026-02-13T11:45:39.981281+00:00,nlp,yahoo,transformer,10,33750,0.75,n_d_lr_grid,780000,0.0001,128,0.0001,adam,10000,0.3,0.330653,8998,151.74,0.010538,210600000000,0.030653,LOW
run_c0da6e7d,internal,tbound_yahoo,2026-02-13T12:05:39.981281+00:00,nlp,yahoo,transformer,10,33750,0.75,n_d_lr_grid,780000,3e-05,128,0.0001,adam,10000,0.3,0.313062,7048,119.07,0.008269,210600000000,0.013062,LOW
run_64bde1b6,internal,tbound_yahoo,2026-02-13T12:25:39.981281+00:00,nlp,yahoo,transformer,10,33750,0.75,n_d_lr_grid,2050000,0.01,128,0.0001,adam,10000,0.3,0.325124,8431,276.99,0.019236,553500000000,0.025124,LOW
run_558e3d90,internal,tbound_yahoo,2026-02-13T12:45:39.981281+00:00,nlp,yahoo,transformer,10,33750,0.75,n_d_lr_grid,2050000,0.003,128,0.0001,adam,10000,0.3,0.35566,8461,311.1,0.021604,553500000000,0.05566,MEDIUM
run_b987f060,internal,tbound_yahoo,2026-02-13T13:05:39.981281+00:00,nlp,yahoo,transformer,10,33750,0.75,n_d_lr_grid,2050000,0.001,128,0.0001,adam,10000,0.591893,0.661521,7374,271.35,0.018844,553500000000,0.069629,MEDIUM
run_aacac51b,internal,tbound_yahoo,2026-02-13T13:25:39.981281+00:00,nlp,yahoo,transformer,10,33750,0.75,n_d_lr_grid,2050000,0.0003,128,0.0001,adam,10000,0.406919,0.454896,8053,312.56,0.021705,553500000000,0.047977,LOW
run_7e55fb49,internal,tbound_yahoo,2026-02-13T13:45:39.981281+00:00,nlp,yahoo,transformer,10,33750,0.75,n_d_lr_grid,2050000,0.0001,128,0.0001,adam,10000,0.3,0.341249,8474,306.85,0.021309,553500000000,0.041249,LOW
run_0ff838f9,internal,tbound_yahoo,2026-02-13T14:05:39.981281+00:00,nlp,yahoo,transformer,10,33750,0.75,n_d_lr_grid,2050000,3e-05,128,0.0001,adam,10000,0.3,0.341509,8064,287.13,0.01994,553500000000,0.041509,LOW
run_4364fce3,internal,tbound_yahoo,2026-02-13T14:25:39.981281+00:00,nlp,yahoo,transformer,10,45000,1.0,n_d_lr_grid,8000,0.01,128,0.0001,adam,10000,0.3,0.340169,9607,59.5,0.004132,2160000000,0.040169,LOW
run_d3b60079,internal,tbound_yahoo,2026-02-13T14:45:39.981281+00:00,nlp,yahoo,transformer,10,45000,1.0,n_d_lr_grid,8000,0.003,128,0.0001,adam,10000,0.464914,0.475776,8141,64.1,0.004452,2160000000,0.010862,LOW
run_666e5147,internal,tbound_yahoo,2026-02-13T15:05:39.981281+00:00,nlp,yahoo,transformer,10,45000,1.0,n_d_lr_grid,8000,0.001,128,0.0001,adam,10000,0.39697,0.456361,7678,92.76,0.006441,2160000000,0.059391,MEDIUM
run_ff3956b0,internal,tbound_yahoo,2026-02-13T15:25:39.981281+00:00,nlp,yahoo,transformer,10,45000,1.0,n_d_lr_grid,8000,0.0003,128,0.0001,adam,10000,0.3,0.345818,7006,45.71,0.003174,2160000000,0.045818,LOW
run_78155590,internal,tbound_yahoo,2026-02-13T15:45:39.981281+00:00,nlp,yahoo,transformer,10,45000,1.0,n_d_lr_grid,8000,0.0001,128,0.0001,adam,10000,0.3,0.319982,9606,110.91,0.007702,2160000000,0.019982,LOW
run_15791170,internal,tbound_yahoo,2026-02-13T16:05:39.981281+00:00,nlp,yahoo,transformer,10,45000,1.0,n_d_lr_grid,8000,3e-05,128,0.0001,adam,10000,0.3,0.320812,7913,33.09,0.002298,2160000000,0.020812,LOW
run_b3b143ac,internal,tbound_yahoo,2026-02-13T16:25:39.981281+00:00,nlp,yahoo,transformer,10,45000,1.0,n_d_lr_grid,32000,0.01,128,0.0001,adam,10000,0.3,0.354583,8502,63.85,0.004434,8640000000,0.054583,MEDIUM
run_68cf7341,internal,tbound_yahoo,2026-02-13T16:45:39.981281+00:00,nlp,yahoo,transformer,10,45000,1.0,n_d_lr_grid,32000,0.003,128,0.0001,adam,10000,0.427876,0.493297,9928,86.84,0.00603,8640000000,0.06542,MEDIUM
run_f9a35aca,internal,tbound_yahoo,2026-02-13T17:05:39.981281+00:00,nlp,yahoo,transformer,10,45000,1.0,n_d_lr_grid,32000,0.001,128,0.0001,adam,10000,0.524417,0.581815,7929,87.72,0.006092,8640000000,0.057398,MEDIUM
run_78129ab2,internal,tbound_yahoo,2026-02-13T17:25:39.981281+00:00,nlp,yahoo,transformer,10,45000,1.0,n_d_lr_grid,32000,0.0003,128,0.0001,adam,10000,0.3,0.368921,7832,85.42,0.005932,8640000000,0.068921,MEDIUM
run_dbe870a8,internal,tbound_yahoo,2026-02-13T17:45:39.981281+00:00,nlp,yahoo,transformer,10,45000,1.0,n_d_lr_grid,32000,0.0001,128,0.0001,adam,10000,0.3,0.317368,8457,48.26,0.003352,8640000000,0.017368,LOW
run_d2ebd188,internal,tbound_yahoo,2026-02-13T18:05:39.981281+00:00,nlp,yahoo,transformer,10,45000,1.0,n_d_lr_grid,32000,3e-05,128,0.0001,adam,10000,0.3,0.343991,7442,35.68,0.002478,8640000000,0.043991,LOW
run_bae3f3bf,internal,tbound_yahoo,2026-02-13T18:25:39.981281+00:00,nlp,yahoo,transformer,10,45000,1.0,n_d_lr_grid,128000,0.01,128,0.0001,adam,10000,0.3,0.347234,8178,55.02,0.003821,34560000000,0.047234,LOW
run_c4b95b33,internal,tbound_yahoo,2026-02-13T18:45:39.981281+00:00,nlp,yahoo,transformer,10,45000,1.0,n_d_lr_grid,128000,0.003,128,0.0001,adam,10000,0.355267,0.379888,8257,126.11,0.008757,34560000000,0.02462,LOW
run_dae5074c,internal,tbound_yahoo,2026-02-13T19:05:39.981281+00:00,nlp,yahoo,transformer,10,45000,1.0,n_d_lr_grid,128000,0.001,128,0.0001,adam,10000,0.616291,0.653972,9172,70.99,0.00493,34560000000,0.03768,LOW
run_dd995648,internal,tbound_yahoo,2026-02-13T19:25:39.981281+00:00,nlp,yahoo,transformer,10,45000,1.0,n_d_lr_grid,128000,0.0003,128,0.0001,adam,10000,0.3,0.342097,9532,68.83,0.00478,34560000000,0.042097,LOW
run_b8e6c70e,internal,tbound_yahoo,2026-02-13T19:45:39.981281+00:00,nlp,yahoo,transformer,10,45000,1.0,n_d_lr_grid,128000,0.0001,128,0.0001,adam,10000,0.3,0.368484,7123,76.14,0.005287,34560000000,0.068484,MEDIUM
run_3a651166,internal,tbound_yahoo,2026-02-13T20:05:39.981281+00:00,nlp,yahoo,transformer,10,45000,1.0,n_d_lr_grid,128000,3e-05,128,0.0001,adam,10000,0.3,0.331978,8731,122.76,0.008525,34560000000,0.031978,LOW
run_4df34da8,internal,tbound_yahoo,2026-02-13T20:25:39.981281+00:00,nlp,yahoo,transformer,10,45000,1.0,n_d_lr_grid,260000,0.01,128,0.0001,adam,10000,0.3,0.37964,7796,105.08,0.007298,70200000000,0.07964,MEDIUM
run_a1d7303f,internal,tbound_yahoo,2026-02-13T20:45:39.981281+00:00,nlp,yahoo,transformer,10,45000,1.0,n_d_lr_grid,260000,0.003,128,0.0001,adam,10000,0.307433,0.337621,8523,142.5,0.009896,70200000000,0.030188,LOW
run_2052e29d,internal,tbound_yahoo,2026-02-13T21:05:39.981281+00:00,nlp,yahoo,transformer,10,45000,1.0,n_d_lr_grid,260000,0.001,128,0.0001,adam,10000,0.652538,0.664704,8301,143.37,0.009956,70200000000,0.012166,LOW
run_83bbfd31,internal,tbound_yahoo,2026-02-13T21:25:39.981281+00:00,nlp,yahoo,transformer,10,45000,1.0,n_d_lr_grid,260000,0.0003,128,0.0001,adam,10000,0.3,0.347899,9352,69.87,0.004852,70200000000,0.047899,LOW
run_d8357c1e,internal,tbound_yahoo,2026-02-13T21:45:39.981281+00:00,nlp,yahoo,transformer,10,45000,1.0,n_d_lr_grid,260000,0.0001,128,0.0001,adam,10000,0.3,0.347258,7820,71.15,0.004941,70200000000,0.047258,LOW
run_bc8ccc39,internal,tbound_yahoo,2026-02-13T22:05:39.981281+00:00,nlp,yahoo,transformer,10,45000,1.0,n_d_lr_grid,260000,3e-05,128,0.0001,adam,10000,0.3,0.368355,8577,95.64,0.006642,70200000000,0.068355,MEDIUM
run_9eb28096,internal,tbound_yahoo,2026-02-13T22:25:39.981281+00:00,nlp,yahoo,transformer,10,45000,1.0,n_d_lr_grid,780000,0.01,128,0.0001,adam,10000,0.3,0.367877,7761,171.81,0.011931,210600000000,0.067877,MEDIUM
run_49b441a4,internal,tbound_yahoo,2026-02-13T22:45:39.981281+00:00,nlp,yahoo,transformer,10,45000,1.0,n_d_lr_grid,780000,0.003,128,0.0001,adam,10000,0.3,0.314035,8003,138.82,0.00964,210600000000,0.014035,LOW
run_3312250f,internal,tbound_yahoo,2026-02-13T23:05:39.981281+00:00,nlp,yahoo,transformer,10,45000,1.0,n_d_lr_grid,780000,0.001,128,0.0001,adam,10000,0.640743,0.667195,7835,182.76,0.012692,210600000000,0.026453,LOW
run_ea8f3c51,internal,tbound_yahoo,2026-02-13T23:25:39.981281+00:00,nlp,yahoo,transformer,10,45000,1.0,n_d_lr_grid,780000,0.0003,128,0.0001,adam,10000,0.330122,0.364431,8303,160.24,0.011128,210600000000,0.034309,LOW
run_61805be0,internal,tbound_yahoo,2026-02-13T23:45:39.981281+00:00,nlp,yahoo,transformer,10,45000,1.0,n_d_lr_grid,780000,0.0001,128,0.0001,adam,10000,0.3,0.37998,9913,121.55,0.008441,210600000000,0.07998,MEDIUM
run_920a24d9,internal,tbound_yahoo,2026-02-14T00:05:39.981281+00:00,nlp,yahoo,transformer,10,45000,1.0,n_d_lr_grid,780000,3e-05,128,0.0001,adam,10000,0.3,0.344223,9320,144.16,0.010011,210600000000,0.044223,LOW
run_00946cea,internal,tbound_yahoo,2026-02-14T00:25:39.981281+00:00,nlp,yahoo,transformer,10,45000,1.0,n_d_lr_grid,2050000,0.01,128,0.0001,adam,10000,0.3,0.36142,8237,262.04,0.018198,553500000000,0.06142,MEDIUM
run_fc5eba62,internal,tbound_yahoo,2026-02-14T00:45:39.981281+00:00,nlp,yahoo,transformer,10,45000,1.0,n_d_lr_grid,2050000,0.003,128,0.0001,adam,10000,0.3,0.349856,7164,290.86,0.020199,553500000000,0.049856,LOW
run_dd75da32,internal,tbound_yahoo,2026-02-14T01:05:39.981281+00:00,nlp,yahoo,transformer,10,45000,1.0,n_d_lr_grid,2050000,0.001,128,0.0001,adam,10000,0.638707,0.699864,9564,248.32,0.017244,553500000000,0.061157,MEDIUM
run_09084a3f,internal,tbound_yahoo,2026-02-14T01:25:39.981281+00:00,nlp,yahoo,transformer,10,45000,1.0,n_d_lr_grid,2050000,0.0003,128,0.0001,adam,10000,0.453733,0.497021,9046,283.87,0.019713,553500000000,0.043288,LOW
run_25b59457,internal,tbound_yahoo,2026-02-14T01:45:39.981281+00:00,nlp,yahoo,transformer,10,45000,1.0,n_d_lr_grid,2050000,0.0001,128,0.0001,adam,10000,0.3,0.377482,7266,316.85,0.022004,553500000000,0.077482,MEDIUM
run_7bd77f71,internal,tbound_yahoo,2026-02-14T02:05:39.981281+00:00,nlp,yahoo,transformer,10,45000,1.0,n_d_lr_grid,2050000,3e-05,128,0.0001,adam,10000,0.3,0.334742,9293,276.26,0.019185,553500000000,0.034742,LOW
run_1f0d206f,internal,tbound_yahoo,2026-02-14T02:25:39.981281+00:00,nlp,yahoo,transformer,10,11250,0.25,batch_grid,260000,0.001026,32,0.0001,adam,10000,0.590237,0.605464,7475,103.43,0.007183,70200000000,0.015226,LOW
run_c97f4755,internal,tbound_yahoo,2026-02-14T02:45:39.981281+00:00,nlp,yahoo,transformer,10,11250,0.25,batch_grid,260000,0.001026,64,0.0001,adam,10000,0.630237,0.642547,8960,96.85,0.006725,70200000000,0.01231,LOW
run_21a536c7,internal,tbound_yahoo,2026-02-14T03:05:39.981281+00:00,nlp,yahoo,transformer,10,11250,0.25,batch_grid,260000,0.001026,128,0.0001,adam,10000,0.650237,0.695321,7882,112.64,0.007822,70200000000,0.045084,LOW
run_dc47e071,internal,tbound_yahoo,2026-02-14T03:25:39.981281+00:00,nlp,yahoo,transformer,10,11250,0.25,batch_grid,260000,0.001026,256,0.0001,adam,10000,0.650237,0.678745,8771,114.86,0.007976,70200000000,0.028507,LOW
run_0d6e6aed,internal,tbound_yahoo,2026-02-14T03:45:39.981281+00:00,nlp,yahoo,transformer,10,11250,0.25,batch_grid,260000,0.001026,512,0.0001,adam,10000,0.630237,0.670422,7694,85.52,0.005939,70200000000,0.040185,LOW
run_7e82ec1b,internal,tbound_yahoo,2026-02-14T04:05:39.981281+00:00,nlp,yahoo,transformer,10,11250,0.25,batch_grid,260000,0.001026,1024,0.0001,adam,10000,0.590237,0.615251,8239,73.15,0.00508,70200000000,0.025013,LOW
run_94e7bf1c,internal,tbound_yahoo,2026-02-14T04:25:39.981281+00:00,nlp,yahoo,transformer,10,22500,0.5,batch_grid,260000,0.001026,32,0.0001,adam,10000,0.590237,0.617886,7703,92.35,0.006413,70200000000,0.027649,LOW
run_bc925f1f,internal,tbound_yahoo,2026-02-14T04:45:39.981281+00:00,nlp,yahoo,transformer,10,22500,0.5,batch_grid,260000,0.001026,64,0.0001,adam,10000,0.630237,0.659931,8714,90.64,0.006294,70200000000,0.029693,LOW
run_ba619356,internal,tbound_yahoo,2026-02-14T05:05:39.981281+00:00,nlp,yahoo,transformer,10,22500,0.5,batch_grid,260000,0.001026,128,0.0001,adam,10000,0.650237,0.696016,7603,83.36,0.005789,70200000000,0.045778,LOW
run_358aabd2,internal,tbound_yahoo,2026-02-14T05:25:39.981281+00:00,nlp,yahoo,transformer,10,22500,0.5,batch_grid,260000,0.001026,256,0.0001,adam,10000,0.650237,0.693338,9819,101.87,0.007074,70200000000,0.043101,LOW
run_7a772c0f,internal,tbound_yahoo,2026-02-14T05:45:39.981281+00:00,nlp,yahoo,transformer,10,22500,0.5,batch_grid,260000,0.001026,512,0.0001,adam,10000,0.630237,0.672501,9558,84.59,0.005874,70200000000,0.042264,LOW
run_a8981036,internal,tbound_yahoo,2026-02-14T06:05:39.981281+00:00,nlp,yahoo,transformer,10,22500,0.5,batch_grid,260000,0.001026,1024,0.0001,adam,10000,0.590237,0.604608,9384,107.24,0.007447,70200000000,0.014371,LOW
run_ccc17fa5,internal,tbound_yahoo,2026-02-14T06:25:39.981281+00:00,nlp,yahoo,transformer,10,45000,1.0,batch_grid,260000,0.001026,32,0.0001,adam,10000,0.590237,0.634116,9194,109.59,0.00761,70200000000,0.043879,LOW
run_d7f8121f,internal,tbound_yahoo,2026-02-14T06:45:39.981281+00:00,nlp,yahoo,transformer,10,45000,1.0,batch_grid,260000,0.001026,64,0.0001,adam,10000,0.630237,0.652713,9884,71.36,0.004956,70200000000,0.022476,LOW
run_edfcc1d0,internal,tbound_yahoo,2026-02-14T07:05:39.981281+00:00,nlp,yahoo,transformer,10,45000,1.0,batch_grid,260000,0.001026,128,0.0001,adam,10000,0.650237,0.680655,9334,93.6,0.0065,70200000000,0.030417,LOW
run_cc88cfcc,internal,tbound_yahoo,2026-02-14T07:25:39.981281+00:00,nlp,yahoo,transformer,10,45000,1.0,batch_grid,260000,0.001026,256,0.0001,adam,10000,0.650237,0.689599,7021,101.76,0.007066,70200000000,0.039361,LOW
run_2711aae3,internal,tbound_yahoo,2026-02-14T07:45:39.981281+00:00,nlp,yahoo,transformer,10,45000,1.0,batch_grid,260000,0.001026,512,0.0001,adam,10000,0.630237,0.667746,9953,99.36,0.0069,70200000000,0.037509,LOW
run_3925a346,internal,tbound_yahoo,2026-02-14T08:05:39.981281+00:00,nlp,yahoo,transformer,10,45000,1.0,batch_grid,260000,0.001026,1024,0.0001,adam,10000,0.590237,0.605615,8999,73.96,0.005136,70200000000,0.015377,LOW
run_83ffb7c4,internal,tbound_agnews,2026-02-14T08:25:39.981281+00:00,nlp,agnews,transformer,4,4500,0.1,n_d_lr_grid,8000,0.01,128,0.0001,adam,10000,0.3,0.333339,8309,96.77,0.00672,2160000000,0.033339,LOW
run_bb4c6afa,internal,tbound_agnews,2026-02-14T08:45:39.981281+00:00,nlp,agnews,transformer,4,4500,0.1,n_d_lr_grid,8000,0.003,128,0.0001,adam,10000,0.366653,0.443674,7018,31.6,0.002194,2160000000,0.077021,MEDIUM
run_762d4499,internal,tbound_agnews,2026-02-14T09:05:39.981281+00:00,nlp,agnews,transformer,4,4500,0.1,n_d_lr_grid,8000,0.001,128,0.0001,adam,10000,0.3,0.324046,7541,120.32,0.008355,2160000000,0.024046,LOW
run_ba689ad8,internal,tbound_agnews,2026-02-14T09:25:39.981281+00:00,nlp,agnews,transformer,4,4500,0.1,n_d_lr_grid,8000,0.0003,128,0.0001,adam,10000,0.3,0.311002,7024,97.21,0.006751,2160000000,0.011002,LOW
run_d35a4e66,internal,tbound_agnews,2026-02-14T09:45:39.981281+00:00,nlp,agnews,transformer,4,4500,0.1,n_d_lr_grid,8000,0.0001,128,0.0001,adam,10000,0.3,0.354303,7140,37.01,0.00257,2160000000,0.054303,MEDIUM
run_a46f4e0b,internal,tbound_agnews,2026-02-14T10:05:39.981281+00:00,nlp,agnews,transformer,4,4500,0.1,n_d_lr_grid,8000,3e-05,128,0.0001,adam,10000,0.3,0.36274,7200,100.0,0.006945,2160000000,0.06274,MEDIUM
run_4cd84600,internal,tbound_agnews,2026-02-14T10:25:39.981281+00:00,nlp,agnews,transformer,4,4500,0.1,n_d_lr_grid,32000,0.01,128,0.0001,adam,10000,0.3,0.363628,9241,109.33,0.007593,8640000000,0.063628,MEDIUM
run_ee811d1b,internal,tbound_agnews,2026-02-14T10:45:39.981281+00:00,nlp,agnews,transformer,4,4500,0.1,n_d_lr_grid,32000,0.003,128,0.0001,adam,10000,0.304234,0.321543,7801,69.12,0.0048,8640000000,0.017308,LOW
run_b0a997eb,internal,tbound_agnews,2026-02-14T11:05:39.981281+00:00,nlp,agnews,transformer,4,4500,0.1,n_d_lr_grid,32000,0.001,128,0.0001,adam,10000,0.400775,0.41621,7413,69.88,0.004853,8640000000,0.015435,LOW
run_6cb04800,internal,tbound_agnews,2026-02-14T11:25:39.981281+00:00,nlp,agnews,transformer,4,4500,0.1,n_d_lr_grid,32000,0.0003,128,0.0001,adam,10000,0.3,0.311715,7909,60.75,0.004219,8640000000,0.011715,LOW
run_943ba0d7,internal,tbound_agnews,2026-02-14T11:45:39.981281+00:00,nlp,agnews,transformer,4,4500,0.1,n_d_lr_grid,32000,0.0001,128,0.0001,adam,10000,0.3,0.366576,8313,118.49,0.008229,8640000000,0.066576,MEDIUM
run_924e2ba9,internal,tbound_agnews,2026-02-14T12:05:39.981281+00:00,nlp,agnews,transformer,4,4500,0.1,n_d_lr_grid,32000,3e-05,128,0.0001,adam,10000,0.3,0.310426,7357,42.28,0.002936,8640000000,0.010426,LOW
run_93acd9a1,internal,tbound_agnews,2026-02-14T12:25:39.981281+00:00,nlp,agnews,transformer,4,4500,0.1,n_d_lr_grid,128000,0.01,128,0.0001,adam,10000,0.3,0.33097,9422,49.72,0.003453,34560000000,0.03097,LOW
run_21203345,internal,tbound_agnews,2026-02-14T12:45:39.981281+00:00,nlp,agnews,transformer,4,4500,0.1,n_d_lr_grid,128000,0.003,128,0.0001,adam,10000,0.3,0.368945,9369,64.6,0.004486,34560000000,0.068945,MEDIUM
run_47706169,internal,tbound_agnews,2026-02-14T13:05:39.981281+00:00,nlp,agnews,transformer,4,4500,0.1,n_d_lr_grid,128000,0.001,128,0.0001,adam,10000,0.466942,0.482045,9158,79.06,0.00549,34560000000,0.015103,LOW
run_3648d1e5,internal,tbound_agnews,2026-02-14T13:25:39.981281+00:00,nlp,agnews,transformer,4,4500,0.1,n_d_lr_grid,128000,0.0003,128,0.0001,adam,10000,0.3,0.324778,9951,120.51,0.008368,34560000000,0.024778,LOW
run_1424b6fb,internal,tbound_agnews,2026-02-14T13:45:39.981281+00:00,nlp,agnews,transformer,4,4500,0.1,n_d_lr_grid,128000,0.0001,128,0.0001,adam,10000,0.3,0.330476,8590,56.51,0.003924,34560000000,0.030476,LOW
run_11f1a1a4,internal,tbound_agnews,2026-02-14T14:05:39.981281+00:00,nlp,agnews,transformer,4,4500,0.1,n_d_lr_grid,128000,3e-05,128,0.0001,adam,10000,0.3,0.373428,8588,71.73,0.004982,34560000000,0.073428,MEDIUM
run_788aade6,internal,tbound_agnews,2026-02-14T14:25:39.981281+00:00,nlp,agnews,transformer,4,4500,0.1,n_d_lr_grid,260000,0.01,128,0.0001,adam,10000,0.3,0.368956,8693,105.41,0.00732,70200000000,0.068956,MEDIUM
run_2b65c969,internal,tbound_agnews,2026-02-14T14:45:39.981281+00:00,nlp,agnews,transformer,4,4500,0.1,n_d_lr_grid,260000,0.003,128,0.0001,adam,10000,0.3,0.378529,8076,110.31,0.007661,70200000000,0.078529,MEDIUM
run_5c60ccc8,internal,tbound_agnews,2026-02-14T15:05:39.981281+00:00,nlp,agnews,transformer,4,4500,0.1,n_d_lr_grid,260000,0.001,128,0.0001,adam,10000,0.488622,0.52775,9078,124.37,0.008636,70200000000,0.039128,LOW
run_b618ff91,internal,tbound_agnews,2026-02-14T15:25:39.981281+00:00,nlp,agnews,transformer,4,4500,0.1,n_d_lr_grid,260000,0.0003,128,0.0001,adam,10000,0.3,0.372206,8469,101.28,0.007033,70200000000,0.072206,MEDIUM
run_c9fcd44b,internal,tbound_agnews,2026-02-14T15:45:39.981281+00:00,nlp,agnews,transformer,4,4500,0.1,n_d_lr_grid,260000,0.0001,128,0.0001,adam,10000,0.3,0.341776,8589,129.93,0.009023,70200000000,0.041776,LOW
run_da7c3058,internal,tbound_agnews,2026-02-14T16:05:39.981281+00:00,nlp,agnews,transformer,4,4500,0.1,n_d_lr_grid,260000,3e-05,128,0.0001,adam,10000,0.3,0.315024,9459,117.44,0.008155,70200000000,0.015024,LOW
run_6c96d602,internal,tbound_agnews,2026-02-14T16:25:39.981281+00:00,nlp,agnews,transformer,4,4500,0.1,n_d_lr_grid,780000,0.01,128,0.0001,adam,10000,0.3,0.326426,9894,135.29,0.009395,210600000000,0.026426,LOW
run_ce78121a,internal,tbound_agnews,2026-02-14T16:45:39.981281+00:00,nlp,agnews,transformer,4,4500,0.1,n_d_lr_grid,780000,0.003,128,0.0001,adam,10000,0.3,0.348675,8228,154.82,0.010751,210600000000,0.048675,LOW
run_7eaef8bc,internal,tbound_agnews,2026-02-14T17:05:39.981281+00:00,nlp,agnews,transformer,4,4500,0.1,n_d_lr_grid,780000,0.001,128,0.0001,adam,10000,0.475822,0.549998,8035,172.86,0.012004,210600000000,0.074175,MEDIUM
run_f945e336,internal,tbound_agnews,2026-02-14T17:25:39.981281+00:00,nlp,agnews,transformer,4,4500,0.1,n_d_lr_grid,780000,0.0003,128,0.0001,adam,10000,0.3,0.344769,7849,133.58,0.009277,210600000000,0.044769,LOW
run_c893da66,internal,tbound_agnews,2026-02-14T17:45:39.981281+00:00,nlp,agnews,transformer,4,4500,0.1,n_d_lr_grid,780000,0.0001,128,0.0001,adam,10000,0.3,0.367664,9920,172.95,0.012011,210600000000,0.067664,MEDIUM
run_ff186ecb,internal,tbound_agnews,2026-02-14T18:05:39.981281+00:00,nlp,agnews,transformer,4,4500,0.1,n_d_lr_grid,780000,3e-05,128,0.0001,adam,10000,0.3,0.362405,7990,136.58,0.009485,210600000000,0.062405,MEDIUM
run_d074ba7a,internal,tbound_agnews,2026-02-14T18:25:39.981281+00:00,nlp,agnews,transformer,4,4500,0.1,n_d_lr_grid,2050000,0.01,128,0.0001,adam,10000,0.3,0.323233,8809,305.47,0.021213,553500000000,0.023233,LOW
run_d361e66f,internal,tbound_agnews,2026-02-14T18:45:39.981281+00:00,nlp,agnews,transformer,4,4500,0.1,n_d_lr_grid,2050000,0.003,128,0.0001,adam,10000,0.3,0.329332,8111,298.63,0.020738,553500000000,0.029332,LOW
run_6abd51b7,internal,tbound_agnews,2026-02-14T19:05:39.981281+00:00,nlp,agnews,transformer,4,4500,0.1,n_d_lr_grid,2050000,0.001,128,0.0001,adam,10000,0.461027,0.529781,9372,235.34,0.016343,553500000000,0.068754,MEDIUM
run_f95273d8,internal,tbound_agnews,2026-02-14T19:25:39.981281+00:00,nlp,agnews,transformer,4,4500,0.1,n_d_lr_grid,2050000,0.0003,128,0.0001,adam,10000,0.3,0.375831,7667,242.44,0.016836,553500000000,0.075831,MEDIUM
run_7f3ff807,internal,tbound_agnews,2026-02-14T19:45:39.981281+00:00,nlp,agnews,transformer,4,4500,0.1,n_d_lr_grid,2050000,0.0001,128,0.0001,adam,10000,0.3,0.317132,7136,267.42,0.018571,553500000000,0.017132,LOW
run_dced7329,internal,tbound_agnews,2026-02-14T20:05:39.981281+00:00,nlp,agnews,transformer,4,4500,0.1,n_d_lr_grid,2050000,3e-05,128,0.0001,adam,10000,0.3,0.36899,9659,263.2,0.018278,553500000000,0.06899,MEDIUM
run_70e2fa6e,internal,tbound_agnews,2026-02-14T20:25:39.981281+00:00,nlp,agnews,transformer,4,9000,0.2,n_d_lr_grid,8000,0.01,128,0.0001,adam,10000,0.3,0.373504,8106,115.67,0.008033,2160000000,0.073504,MEDIUM
run_9c57e873,internal,tbound_agnews,2026-02-14T20:45:39.981281+00:00,nlp,agnews,transformer,4,9000,0.2,n_d_lr_grid,8000,0.003,128,0.0001,adam,10000,0.447329,0.521025,8995,64.76,0.004497,2160000000,0.073696,MEDIUM
run_3a2c7af9,internal,tbound_agnews,2026-02-14T21:05:39.981281+00:00,nlp,agnews,transformer,4,9000,0.2,n_d_lr_grid,8000,0.001,128,0.0001,adam,10000,0.379385,0.436645,7470,41.24,0.002864,2160000000,0.05726,MEDIUM
run_a9073cdf,internal,tbound_agnews,2026-02-14T21:25:39.981281+00:00,nlp,agnews,transformer,4,9000,0.2,n_d_lr_grid,8000,0.0003,128,0.0001,adam,10000,0.3,0.344567,9010,65.69,0.004562,2160000000,0.044567,LOW
run_196d2c85,internal,tbound_agnews,2026-02-14T21:45:39.981281+00:00,nlp,agnews,transformer,4,9000,0.2,n_d_lr_grid,8000,0.0001,128,0.0001,adam,10000,0.3,0.369097,9222,91.63,0.006363,2160000000,0.069097,MEDIUM
run_05e1395a,internal,tbound_agnews,2026-02-14T22:05:39.981281+00:00,nlp,agnews,transformer,4,9000,0.2,n_d_lr_grid,8000,3e-05,128,0.0001,adam,10000,0.3,0.321687,8124,94.97,0.006595,2160000000,0.021687,LOW
run_8daf1a75,internal,tbound_agnews,2026-02-14T22:25:39.981281+00:00,nlp,agnews,transformer,4,9000,0.2,n_d_lr_grid,32000,0.01,128,0.0001,adam,10000,0.3,0.377623,8808,101.69,0.007062,8640000000,0.077623,MEDIUM
run_87cb50bf,internal,tbound_agnews,2026-02-14T22:45:39.981281+00:00,nlp,agnews,transformer,4,9000,0.2,n_d_lr_grid,32000,0.003,128,0.0001,adam,10000,0.389275,0.446603,8736,118.16,0.008205,8640000000,0.057328,MEDIUM
run_8c311d93,internal,tbound_agnews,2026-02-14T23:05:39.981281+00:00,nlp,agnews,transformer,4,9000,0.2,n_d_lr_grid,32000,0.001,128,0.0001,adam,10000,0.485816,0.503191,8675,103.56,0.007192,8640000000,0.017376,LOW
run_97f4d354,internal,tbound_agnews,2026-02-14T23:25:39.981281+00:00,nlp,agnews,transformer,4,9000,0.2,n_d_lr_grid,32000,0.0003,128,0.0001,adam,10000,0.3,0.379963,8525,42.63,0.002961,8640000000,0.079963,MEDIUM
run_f0006485,internal,tbound_agnews,2026-02-14T23:45:39.981281+00:00,nlp,agnews,transformer,4,9000,0.2,n_d_lr_grid,32000,0.0001,128,0.0001,adam,10000,0.3,0.376976,8576,78.24,0.005433,8640000000,0.076976,MEDIUM
run_030f366f,internal,tbound_agnews,2026-02-15T00:05:39.981281+00:00,nlp,agnews,transformer,4,9000,0.2,n_d_lr_grid,32000,3e-05,128,0.0001,adam,10000,0.3,0.343318,8997,43.19,0.002999,8640000000,0.043318,LOW
run_58ec8be7,internal,tbound_agnews,2026-02-15T00:25:39.981281+00:00,nlp,agnews,transformer,4,9000,0.2,n_d_lr_grid,128000,0.01,128,0.0001,adam,10000,0.3,0.363955,8478,43.06,0.00299,34560000000,0.063955,MEDIUM
run_2b8016fc,internal,tbound_agnews,2026-02-15T00:45:39.981281+00:00,nlp,agnews,transformer,4,9000,0.2,n_d_lr_grid,128000,0.003,128,0.0001,adam,10000,0.3,0.36373,7396,80.29,0.005575,34560000000,0.06373,MEDIUM
run_4809e26f,internal,tbound_agnews,2026-02-15T01:05:39.981281+00:00,nlp,agnews,transformer,4,9000,0.2,n_d_lr_grid,128000,0.001,128,0.0001,adam,10000,0.556624,0.59573,7648,107.57,0.00747,34560000000,0.039106,LOW
run_191d6e7b,internal,tbound_agnews,2026-02-15T01:25:39.981281+00:00,nlp,agnews,transformer,4,9000,0.2,n_d_lr_grid,128000,0.0003,128,0.0001,adam,10000,0.3,0.356015,7951,85.31,0.005924,34560000000,0.056015,MEDIUM
run_1d3de5a8,internal,tbound_agnews,2026-02-15T01:45:39.981281+00:00,nlp,agnews,transformer,4,9000,0.2,n_d_lr_grid,128000,0.0001,128,0.0001,adam,10000,0.3,0.35534,8878,114.46,0.007949,34560000000,0.05534,MEDIUM
run_75564a5a,internal,tbound_agnews,2026-02-15T02:05:39.981281+00:00,nlp,agnews,transformer,4,9000,0.2,n_d_lr_grid,128000,3e-05,128,0.0001,adam,10000,0.3,0.352543,8751,69.38,0.004818,34560000000,0.052543,MEDIUM
run_39c07f83,internal,tbound_agnews,2026-02-15T02:25:39.981281+00:00,nlp,agnews,transformer,4,9000,0.2,n_d_lr_grid,260000,0.01,128,0.0001,adam,10000,0.3,0.375157,8051,67.32,0.004675,70200000000,0.075157,MEDIUM
run_384bef34,internal,tbound_agnews,2026-02-15T02:45:39.981281+00:00,nlp,agnews,transformer,4,9000,0.2,n_d_lr_grid,260000,0.003,128,0.0001,adam,10000,0.3,0.378221,7539,60.7,0.004215,70200000000,0.078221,MEDIUM
run_d6696470,internal,tbound_agnews,2026-02-15T03:05:39.981281+00:00,nlp,agnews,transformer,4,9000,0.2,n_d_lr_grid,260000,0.001,128,0.0001,adam,10000,0.58111,0.641034,7355,73.93,0.005134,70200000000,0.059924,MEDIUM
run_c50a1c76,internal,tbound_agnews,2026-02-15T03:25:39.981281+00:00,nlp,agnews,transformer,4,9000,0.2,n_d_lr_grid,260000,0.0003,128,0.0001,adam,10000,0.3,0.315974,8548,59.87,0.004158,70200000000,0.015974,LOW
run_a1016158,internal,tbound_agnews,2026-02-15T03:45:39.981281+00:00,nlp,agnews,transformer,4,9000,0.2,n_d_lr_grid,260000,0.0001,128,0.0001,adam,10000,0.3,0.314066,8673,66.04,0.004586,70200000000,0.014066,LOW
run_b7797fd8,internal,tbound_agnews,2026-02-15T04:05:39.981281+00:00,nlp,agnews,transformer,4,9000,0.2,n_d_lr_grid,260000,3e-05,128,0.0001,adam,10000,0.3,0.348066,7557,64.99,0.004513,70200000000,0.048066,LOW
run_fc6e04df,internal,tbound_agnews,2026-02-15T04:25:39.981281+00:00,nlp,agnews,transformer,4,9000,0.2,n_d_lr_grid,780000,0.01,128,0.0001,adam,10000,0.3,0.326932,9005,190.0,0.013194,210600000000,0.026932,LOW
run_f447ce73,internal,tbound_agnews,2026-02-15T04:45:39.981281+00:00,nlp,agnews,transformer,4,9000,0.2,n_d_lr_grid,780000,0.003,128,0.0001,adam,10000,0.3,0.359657,7674,193.4,0.01343,210600000000,0.059657,MEDIUM
run_8300d5c1,internal,tbound_agnews,2026-02-15T05:05:39.981281+00:00,nlp,agnews,transformer,4,9000,0.2,n_d_lr_grid,780000,0.001,128,0.0001,adam,10000,0.56753,0.612031,9064,144.39,0.010027,210600000000,0.044501,LOW
run_16f23f3b,internal,tbound_agnews,2026-02-15T05:25:39.981281+00:00,nlp,agnews,transformer,4,9000,0.2,n_d_lr_grid,780000,0.0003,128,0.0001,adam,10000,0.3,0.373425,7540,132.0,0.009167,210600000000,0.073425,MEDIUM
run_2da4eb10,internal,tbound_agnews,2026-02-15T05:45:39.981281+00:00,nlp,agnews,transformer,4,9000,0.2,n_d_lr_grid,780000,0.0001,128,0.0001,adam,10000,0.3,0.342487,9905,194.71,0.013522,210600000000,0.042487,LOW
run_82393bcc,internal,tbound_agnews,2026-02-15T06:05:39.981281+00:00,nlp,agnews,transformer,4,9000,0.2,n_d_lr_grid,780000,3e-05,128,0.0001,adam,10000,0.3,0.357428,9831,136.07,0.009449,210600000000,0.057428,MEDIUM
run_724cf652,internal,tbound_agnews,2026-02-15T06:25:39.981281+00:00,nlp,agnews,transformer,4,9000,0.2,n_d_lr_grid,2050000,0.01,128,0.0001,adam,10000,0.3,0.364105,9745,281.92,0.019578,553500000000,0.064105,MEDIUM
run_686c8e32,internal,tbound_agnews,2026-02-15T06:45:39.981281+00:00,nlp,agnews,transformer,4,9000,0.2,n_d_lr_grid,2050000,0.003,128,0.0001,adam,10000,0.3,0.369999,8705,286.78,0.019915,553500000000,0.069999,MEDIUM
run_bc42b990,internal,tbound_agnews,2026-02-15T07:05:39.981281+00:00,nlp,agnews,transformer,4,9000,0.2,n_d_lr_grid,2050000,0.001,128,0.0001,adam,10000,0.555049,0.61896,8697,307.64,0.021364,553500000000,0.063911,MEDIUM
run_834e99d5,internal,tbound_agnews,2026-02-15T07:25:39.981281+00:00,nlp,agnews,transformer,4,9000,0.2,n_d_lr_grid,2050000,0.0003,128,0.0001,adam,10000,0.370075,0.392797,8759,274.2,0.019041,553500000000,0.022722,LOW
run_8c79678c,internal,tbound_agnews,2026-02-15T07:45:39.981281+00:00,nlp,agnews,transformer,4,9000,0.2,n_d_lr_grid,2050000,0.0001,128,0.0001,adam,10000,0.3,0.330532,9566,304.58,0.021152,553500000000,0.030532,LOW
run_3af7bb78,internal,tbound_agnews,2026-02-15T08:05:39.981281+00:00,nlp,agnews,transformer,4,9000,0.2,n_d_lr_grid,2050000,3e-05,128,0.0001,adam,10000,0.3,0.334367,8551,268.46,0.018643,553500000000,0.034367,LOW
run_c098f41d,internal,tbound_agnews,2026-02-15T08:25:39.981281+00:00,nlp,agnews,transformer,4,15749,0.35,n_d_lr_grid,8000,0.01,128,0.0001,adam,10000,0.3,0.349766,7972,90.47,0.006283,2160000000,0.049766,LOW
run_2293d7dc,internal,tbound_agnews,2026-02-15T08:45:39.981281+00:00,nlp,agnews,transformer,4,15749,0.35,n_d_lr_grid,8000,0.003,128,0.0001,adam,10000,0.523471,0.601665,7456,107.04,0.007433,2160000000,0.078194,MEDIUM
run_128bc576,internal,tbound_agnews,2026-02-15T09:05:39.981281+00:00,nlp,agnews,transformer,4,15749,0.35,n_d_lr_grid,8000,0.001,128,0.0001,adam,10000,0.455527,0.503815,9776,105.48,0.007325,2160000000,0.048287,LOW
run_178d1aa8,internal,tbound_agnews,2026-02-15T09:25:39.981281+00:00,nlp,agnews,transformer,4,15749,0.35,n_d_lr_grid,8000,0.0003,128,0.0001,adam,10000,0.3,0.33038,8082,49.44,0.003433,2160000000,0.03038,LOW
run_856a1ee3,internal,tbound_agnews,2026-02-15T09:45:39.981281+00:00,nlp,agnews,transformer,4,15749,0.35,n_d_lr_grid,8000,0.0001,128,0.0001,adam,10000,0.3,0.331204,7488,36.71,0.002549,2160000000,0.031204,LOW
run_2ac982fb,internal,tbound_agnews,2026-02-15T10:05:39.981281+00:00,nlp,agnews,transformer,4,15749,0.35,n_d_lr_grid,8000,3e-05,128,0.0001,adam,10000,0.3,0.375616,8102,85.1,0.005909,2160000000,0.075616,MEDIUM
run_5b315482,internal,tbound_agnews,2026-02-15T10:25:39.981281+00:00,nlp,agnews,transformer,4,15749,0.35,n_d_lr_grid,32000,0.01,128,0.0001,adam,10000,0.3,0.31418,7515,93.65,0.006503,8640000000,0.01418,LOW
run_1590f381,internal,tbound_agnews,2026-02-15T10:45:39.981281+00:00,nlp,agnews,transformer,4,15749,0.35,n_d_lr_grid,32000,0.003,128,0.0001,adam,10000,0.469538,0.546583,8847,118.05,0.008198,8640000000,0.077045,MEDIUM
run_b19b0224,internal,tbound_agnews,2026-02-15T11:05:39.981281+00:00,nlp,agnews,transformer,4,15749,0.35,n_d_lr_grid,32000,0.001,128,0.0001,adam,10000,0.566078,0.645471,9587,82.2,0.005709,8640000000,0.079393,MEDIUM
run_f3c2198c,internal,tbound_agnews,2026-02-15T11:25:39.981281+00:00,nlp,agnews,transformer,4,15749,0.35,n_d_lr_grid,32000,0.0003,128,0.0001,adam,10000,0.3,0.364385,8113,51.65,0.003587,8640000000,0.064385,MEDIUM
run_ff25110a,internal,tbound_agnews,2026-02-15T11:45:39.981281+00:00,nlp,agnews,transformer,4,15749,0.35,n_d_lr_grid,32000,0.0001,128,0.0001,adam,10000,0.3,0.323708,7025,45.87,0.003186,8640000000,0.023708,LOW
run_5507483e,internal,tbound_agnews,2026-02-15T12:05:39.981281+00:00,nlp,agnews,transformer,4,15749,0.35,n_d_lr_grid,32000,3e-05,128,0.0001,adam,10000,0.3,0.369304,9314,61.56,0.004275,8640000000,0.069304,MEDIUM
run_12a27b85,internal,tbound_agnews,2026-02-15T12:25:39.981281+00:00,nlp,agnews,transformer,4,15749,0.35,n_d_lr_grid,128000,0.01,128,0.0001,adam,10000,0.3,0.378716,8091,90.25,0.006268,34560000000,0.078716,MEDIUM
run_7d2b6264,internal,tbound_agnews,2026-02-15T12:45:39.981281+00:00,nlp,agnews,transformer,4,15749,0.35,n_d_lr_grid,128000,0.003,128,0.0001,adam,10000,0.380244,0.417415,7490,103.47,0.007186,34560000000,0.037172,LOW
run_9a259aa4,internal,tbound_agnews,2026-02-15T13:05:39.981281+00:00,nlp,agnews,transformer,4,15749,0.35,n_d_lr_grid,128000,0.001,128,0.0001,adam,10000,0.641268,0.707958,7215,128.07,0.008893,34560000000,0.06669,MEDIUM
run_600ad3f9,internal,tbound_agnews,2026-02-15T13:25:39.981281+00:00,nlp,agnews,transformer,4,15749,0.35,n_d_lr_grid,128000,0.0003,128,0.0001,adam,10000,0.3,0.360749,7158,91.29,0.00634,34560000000,0.060749,MEDIUM
run_f97df2d1,internal,tbound_agnews,2026-02-15T13:45:39.981281+00:00,nlp,agnews,transformer,4,15749,0.35,n_d_lr_grid,128000,0.0001,128,0.0001,adam,10000,0.3,0.35954,8776,48.4,0.003361,34560000000,0.05954,MEDIUM
run_1fa2e99d,internal,tbound_agnews,2026-02-15T14:05:39.981281+00:00,nlp,agnews,transformer,4,15749,0.35,n_d_lr_grid,128000,3e-05,128,0.0001,adam,10000,0.3,0.375142,9408,87.56,0.00608,34560000000,0.075142,MEDIUM
run_e918fb1c,internal,tbound_agnews,2026-02-15T14:25:39.981281+00:00,nlp,agnews,transformer,4,15749,0.35,n_d_lr_grid,260000,0.01,128,0.0001,adam,10000,0.3,0.341337,9993,68.08,0.004728,70200000000,0.041337,LOW
run_24f55799,internal,tbound_agnews,2026-02-15T14:45:39.981281+00:00,nlp,agnews,transformer,4,15749,0.35,n_d_lr_grid,260000,0.003,128,0.0001,adam,10000,0.323295,0.35443,9783,124.5,0.008646,70200000000,0.031134,LOW
run_0c4954f6,internal,tbound_agnews,2026-02-15T15:05:39.981281+00:00,nlp,agnews,transformer,4,15749,0.35,n_d_lr_grid,260000,0.001,128,0.0001,adam,10000,0.668401,0.713443,9500,117.17,0.008137,70200000000,0.045042,LOW
run_52eb329d,internal,tbound_agnews,2026-02-15T15:25:39.981281+00:00,nlp,agnews,transformer,4,15749,0.35,n_d_lr_grid,260000,0.0003,128,0.0001,adam,10000,0.3,0.353464,9493,139.58,0.009693,70200000000,0.053464,MEDIUM
run_a6d0f023,internal,tbound_agnews,2026-02-15T15:45:39.981281+00:00,nlp,agnews,transformer,4,15749,0.35,n_d_lr_grid,260000,0.0001,128,0.0001,adam,10000,0.3,0.342177,8932,105.19,0.007305,70200000000,0.042177,LOW
run_5a668ac7,internal,tbound_agnews,2026-02-15T16:05:39.981281+00:00,nlp,agnews,transformer,4,15749,0.35,n_d_lr_grid,260000,3e-05,128,0.0001,adam,10000,0.3,0.342102,8541,106.48,0.007394,70200000000,0.042102,LOW
run_ed0a4a95,internal,tbound_agnews,2026-02-15T16:25:39.981281+00:00,nlp,agnews,transformer,4,15749,0.35,n_d_lr_grid,780000,0.01,128,0.0001,adam,10000,0.3,0.341188,7619,126.83,0.008807,210600000000,0.041188,LOW
run_2d6a32a5,internal,tbound_agnews,2026-02-15T16:45:39.981281+00:00,nlp,agnews,transformer,4,15749,0.35,n_d_lr_grid,780000,0.003,128,0.0001,adam,10000,0.3,0.369055,9380,196.31,0.013632,210600000000,0.069055,MEDIUM
run_ce3f4747,internal,tbound_agnews,2026-02-15T17:05:39.981281+00:00,nlp,agnews,transformer,4,15749,0.35,n_d_lr_grid,780000,0.001,128,0.0001,adam,10000,0.654085,0.700991,8605,143.27,0.009949,210600000000,0.046906,LOW
run_061ab879,internal,tbound_agnews,2026-02-15T17:25:39.981281+00:00,nlp,agnews,transformer,4,15749,0.35,n_d_lr_grid,780000,0.0003,128,0.0001,adam,10000,0.343464,0.361087,8275,165.29,0.011478,210600000000,0.017623,LOW
run_a2246cd3,internal,tbound_agnews,2026-02-15T17:45:39.981281+00:00,nlp,agnews,transformer,4,15749,0.35,n_d_lr_grid,780000,0.0001,128,0.0001,adam,10000,0.3,0.379637,9493,172.06,0.011948,210600000000,0.079637,MEDIUM
run_14474a21,internal,tbound_agnews,2026-02-15T18:05:39.981281+00:00,nlp,agnews,transformer,4,15749,0.35,n_d_lr_grid,780000,3e-05,128,0.0001,adam,10000,0.3,0.349868,8624,131.36,0.009122,210600000000,0.049868,LOW
run_b7832ca1,internal,tbound_agnews,2026-02-15T18:25:39.981281+00:00,nlp,agnews,transformer,4,15749,0.35,n_d_lr_grid,2050000,0.01,128,0.0001,adam,10000,0.3,0.374357,7869,250.85,0.01742,553500000000,0.074357,MEDIUM
run_fe318eb0,internal,tbound_agnews,2026-02-15T18:45:39.981281+00:00,nlp,agnews,transformer,4,15749,0.35,n_d_lr_grid,2050000,0.003,128,0.0001,adam,10000,0.3,0.353564,8283,323.31,0.022452,553500000000,0.053564,MEDIUM
run_e991e33f,internal,tbound_agnews,2026-02-15T19:05:39.981281+00:00,nlp,agnews,transformer,4,15749,0.35,n_d_lr_grid,2050000,0.001,128,0.0001,adam,10000,0.643788,0.711845,9172,300.89,0.020895,553500000000,0.068057,MEDIUM
run_03fa5f2e,internal,tbound_agnews,2026-02-15T19:25:39.981281+00:00,nlp,agnews,transformer,4,15749,0.35,n_d_lr_grid,2050000,0.0003,128,0.0001,adam,10000,0.458814,0.534873,7244,321.41,0.02232,553500000000,0.076059,MEDIUM
run_bd7c2aa0,internal,tbound_agnews,2026-02-15T19:45:39.981281+00:00,nlp,agnews,transformer,4,15749,0.35,n_d_lr_grid,2050000,0.0001,128,0.0001,adam,10000,0.3,0.376703,7519,322.03,0.022364,553500000000,0.076703,MEDIUM
run_214e169f,internal,tbound_agnews,2026-02-15T20:05:39.981281+00:00,nlp,agnews,transformer,4,15749,0.35,n_d_lr_grid,2050000,3e-05,128,0.0001,adam,10000,0.3,0.321317,9019,277.92,0.0193,553500000000,0.021317,LOW
run_5de22ff1,internal,tbound_agnews,2026-02-15T20:25:39.981281+00:00,nlp,agnews,transformer,4,22500,0.5,n_d_lr_grid,8000,0.01,128,0.0001,adam,10000,0.3,0.327314,8062,88.46,0.006143,2160000000,0.027314,LOW
run_752a2e50,internal,tbound_agnews,2026-02-15T20:45:39.981281+00:00,nlp,agnews,transformer,4,22500,0.5,n_d_lr_grid,8000,0.003,128,0.0001,adam,10000,0.577864,0.642559,9801,117.22,0.00814,2160000000,0.064694,MEDIUM
run_733f4570,internal,tbound_agnews,2026-02-15T21:05:39.981281+00:00,nlp,agnews,transformer,4,22500,0.5,n_d_lr_grid,8000,0.001,128,0.0001,adam,10000,0.50992,0.573934,7136,75.7,0.005257,2160000000,0.064014,MEDIUM
run_56d8eca6,internal,tbound_agnews,2026-02-15T21:25:39.981281+00:00,nlp,agnews,transformer,4,22500,0.5,n_d_lr_grid,8000,0.0003,128,0.0001,adam,10000,0.3,0.368479,9218,101.4,0.007042,2160000000,0.068479,MEDIUM
run_5edab274,internal,tbound_agnews,2026-02-15T21:45:39.981281+00:00,nlp,agnews,transformer,4,22500,0.5,n_d_lr_grid,8000,0.0001,128,0.0001,adam,10000,0.3,0.313224,7871,103.53,0.007189,2160000000,0.013224,LOW
run_1d81fe41,internal,tbound_agnews,2026-02-15T22:05:39.981281+00:00,nlp,agnews,transformer,4,22500,0.5,n_d_lr_grid,8000,3e-05,128,0.0001,adam,10000,0.3,0.369363,8626,96.4,0.006694,2160000000,0.069363,MEDIUM
run_14afe52a,internal,tbound_agnews,2026-02-15T22:25:39.981281+00:00,nlp,agnews,transformer,4,22500,0.5,n_d_lr_grid,32000,0.01,128,0.0001,adam,10000,0.3,0.327767,7348,55.32,0.003842,8640000000,0.027767,LOW
run_8523982f,internal,tbound_agnews,2026-02-15T22:45:39.981281+00:00,nlp,agnews,transformer,4,22500,0.5,n_d_lr_grid,32000,0.003,128,0.0001,adam,10000,0.526874,0.570536,7009,92.82,0.006446,8640000000,0.043662,LOW
run_814fb687,internal,tbound_agnews,2026-02-15T23:05:39.981281+00:00,nlp,agnews,transformer,4,22500,0.5,n_d_lr_grid,32000,0.001,128,0.0001,adam,10000,0.623414,0.696511,7666,47.04,0.003267,8640000000,0.073097,MEDIUM
run_1a4929bf,internal,tbound_agnews,2026-02-15T23:25:39.981281+00:00,nlp,agnews,transformer,4,22500,0.5,n_d_lr_grid,32000,0.0003,128,0.0001,adam,10000,0.3,0.376839,7600,77.72,0.005397,8640000000,0.076839,MEDIUM
run_dd661c40,internal,tbound_agnews,2026-02-15T23:45:39.981281+00:00,nlp,agnews,transformer,4,22500,0.5,n_d_lr_grid,32000,0.0001,128,0.0001,adam,10000,0.3,0.363271,7979,66.66,0.004629,8640000000,0.063271,MEDIUM
run_6591d0e0,internal,tbound_agnews,2026-02-16T00:05:39.981281+00:00,nlp,agnews,transformer,4,22500,0.5,n_d_lr_grid,32000,3e-05,128,0.0001,adam,10000,0.3,0.316351,9765,36.14,0.002509,8640000000,0.016351,LOW
run_f524dca7,internal,tbound_agnews,2026-02-16T00:25:39.981281+00:00,nlp,agnews,transformer,4,22500,0.5,n_d_lr_grid,128000,0.01,128,0.0001,adam,10000,0.3,0.353543,7860,132.12,0.009175,34560000000,0.053543,MEDIUM
run_b352e5da,internal,tbound_agnews,2026-02-16T00:45:39.981281+00:00,nlp,agnews,transformer,4,22500,0.5,n_d_lr_grid,128000,0.003,128,0.0001,adam,10000,0.440709,0.490194,9371,75.07,0.005213,34560000000,0.049485,LOW
run_0b185f45,internal,tbound_agnews,2026-02-16T01:05:39.981281+00:00,nlp,agnews,transformer,4,22500,0.5,n_d_lr_grid,128000,0.001,128,0.0001,adam,10000,0.701733,0.771043,7153,124.0,0.008611,34560000000,0.069309,MEDIUM
run_6204cb87,internal,tbound_agnews,2026-02-16T01:25:39.981281+00:00,nlp,agnews,transformer,4,22500,0.5,n_d_lr_grid,128000,0.0003,128,0.0001,adam,10000,0.3,0.374277,8289,51.96,0.003608,34560000000,0.074277,MEDIUM
run_984af5de,internal,tbound_agnews,2026-02-16T01:45:39.981281+00:00,nlp,agnews,transformer,4,22500,0.5,n_d_lr_grid,128000,0.0001,128,0.0001,adam,10000,0.3,0.368787,8924,110.46,0.007671,34560000000,0.068787,MEDIUM
run_47cf8e32,internal,tbound_agnews,2026-02-16T02:05:39.981281+00:00,nlp,agnews,transformer,4,22500,0.5,n_d_lr_grid,128000,3e-05,128,0.0001,adam,10000,0.3,0.312521,9401,58.57,0.004067,34560000000,0.012521,LOW
run_1ce6b8e7,internal,tbound_agnews,2026-02-16T02:25:39.981281+00:00,nlp,agnews,transformer,4,22500,0.5,n_d_lr_grid,260000,0.01,128,0.0001,adam,10000,0.3,0.357568,8603,76.24,0.005294,70200000000,0.057568,MEDIUM
run_80d94137,internal,tbound_agnews,2026-02-16T02:45:39.981281+00:00,nlp,agnews,transformer,4,22500,0.5,n_d_lr_grid,260000,0.003,128,0.0001,adam,10000,0.385653,0.436366,7946,95.3,0.006618,70200000000,0.050714,MEDIUM
run_92bfa52f,internal,tbound_agnews,2026-02-16T03:05:39.981281+00:00,nlp,agnews,transformer,4,22500,0.5,n_d_lr_grid,260000,0.001,128,0.0001,adam,10000,0.730758,0.770683,9450,85.37,0.005929,70200000000,0.039925,LOW
run_89d34993,internal,tbound_agnews,2026-02-16T03:25:39.981281+00:00,nlp,agnews,transformer,4,22500,0.5,n_d_lr_grid,260000,0.0003,128,0.0001,adam,10000,0.3,0.320067,9038,94.71,0.006577,70200000000,0.020067,LOW
run_6722ae7b,internal,tbound_agnews,2026-02-16T03:45:39.981281+00:00,nlp,agnews,transformer,4,22500,0.5,n_d_lr_grid,260000,0.0001,128,0.0001,adam,10000,0.3,0.376252,7404,136.33,0.009467,70200000000,0.076252,MEDIUM
run_1f89b27f,internal,tbound_agnews,2026-02-16T04:05:39.981281+00:00,nlp,agnews,transformer,4,22500,0.5,n_d_lr_grid,260000,3e-05,128,0.0001,adam,10000,0.3,0.363418,7083,130.08,0.009034,70200000000,0.063418,MEDIUM
run_b2a640ad,internal,tbound_agnews,2026-02-16T04:25:39.981281+00:00,nlp,agnews,transformer,4,22500,0.5,n_d_lr_grid,780000,0.01,128,0.0001,adam,10000,0.3,0.344828,7220,126.42,0.008779,210600000000,0.044828,LOW
run_0eeae7be,internal,tbound_agnews,2026-02-16T04:45:39.981281+00:00,nlp,agnews,transformer,4,22500,0.5,n_d_lr_grid,780000,0.003,128,0.0001,adam,10000,0.3,0.327872,7111,134.61,0.009348,210600000000,0.027872,LOW
run_cd0cb1cd,internal,tbound_agnews,2026-02-16T05:05:39.981281+00:00,nlp,agnews,transformer,4,22500,0.5,n_d_lr_grid,780000,0.001,128,0.0001,adam,10000,0.715916,0.785768,7474,126.64,0.008794,210600000000,0.069852,MEDIUM
run_4529565c,internal,tbound_agnews,2026-02-16T05:25:39.981281+00:00,nlp,agnews,transformer,4,22500,0.5,n_d_lr_grid,780000,0.0003,128,0.0001,adam,10000,0.405295,0.420126,9468,192.67,0.01338,210600000000,0.014831,LOW
run_4aee847d,internal,tbound_agnews,2026-02-16T05:45:39.981281+00:00,nlp,agnews,transformer,4,22500,0.5,n_d_lr_grid,780000,0.0001,128,0.0001,adam,10000,0.3,0.3422,7039,116.55,0.008094,210600000000,0.0422,LOW
run_e9be04ed,internal,tbound_agnews,2026-02-16T06:05:39.981281+00:00,nlp,agnews,transformer,4,22500,0.5,n_d_lr_grid,780000,3e-05,128,0.0001,adam,10000,0.3,0.313335,9012,173.41,0.012042,210600000000,0.013335,LOW
run_11e0bc09,internal,tbound_agnews,2026-02-16T06:25:39.981281+00:00,nlp,agnews,transformer,4,22500,0.5,n_d_lr_grid,2050000,0.01,128,0.0001,adam,10000,0.3,0.363979,7289,293.92,0.020411,553500000000,0.063979,MEDIUM
run_8290db5f,internal,tbound_agnews,2026-02-16T06:45:39.981281+00:00,nlp,agnews,transformer,4,22500,0.5,n_d_lr_grid,2050000,0.003,128,0.0001,adam,10000,0.3,0.371312,9675,283.52,0.019689,553500000000,0.071312,MEDIUM
run_fc2ff5c7,internal,tbound_agnews,2026-02-16T07:05:39.981281+00:00,nlp,agnews,transformer,4,22500,0.5,n_d_lr_grid,2050000,0.001,128,0.0001,adam,10000,0.707179,0.746945,7253,238.38,0.016554,553500000000,0.039766,LOW
run_5e86487b,internal,tbound_agnews,2026-02-16T07:25:39.981281+00:00,nlp,agnews,transformer,4,22500,0.5,n_d_lr_grid,2050000,0.0003,128,0.0001,adam,10000,0.522205,0.570474,7699,282.88,0.019645,553500000000,0.048269,LOW
run_588ae49f,internal,tbound_agnews,2026-02-16T07:45:39.981281+00:00,nlp,agnews,transformer,4,22500,0.5,n_d_lr_grid,2050000,0.0001,128,0.0001,adam,10000,0.3,0.346576,8673,239.92,0.016661,553500000000,0.046576,LOW
run_a49de560,internal,tbound_agnews,2026-02-16T08:05:39.981281+00:00,nlp,agnews,transformer,4,22500,0.5,n_d_lr_grid,2050000,3e-05,128,0.0001,adam,10000,0.3,0.324039,7211,253.32,0.017592,553500000000,0.024039,LOW
run_b61bc9a8,internal,tbound_agnews,2026-02-16T08:25:39.981281+00:00,nlp,agnews,transformer,4,33750,0.75,n_d_lr_grid,8000,0.01,128,0.0001,adam,10000,0.3,0.326129,8838,30.93,0.002148,2160000000,0.026129,LOW
run_df311d20,internal,tbound_agnews,2026-02-16T08:45:39.981281+00:00,nlp,agnews,transformer,4,33750,0.75,n_d_lr_grid,8000,0.003,128,0.0001,adam,10000,0.645885,0.669263,8534,58.71,0.004077,2160000000,0.023378,LOW
run_07784a79,internal,tbound_agnews,2026-02-16T09:05:39.981281+00:00,nlp,agnews,transformer,4,33750,0.75,n_d_lr_grid,8000,0.001,128,0.0001,adam,10000,0.577941,0.632785,8932,68.23,0.004739,2160000000,0.054844,MEDIUM
run_f819aeb3,internal,tbound_agnews,2026-02-16T09:25:39.981281+00:00,nlp,agnews,transformer,4,33750,0.75,n_d_lr_grid,8000,0.0003,128,0.0001,adam,10000,0.3,0.339584,9749,58.06,0.004032,2160000000,0.039584,LOW
run_7bec400d,internal,tbound_agnews,2026-02-16T09:45:39.981281+00:00,nlp,agnews,transformer,4,33750,0.75,n_d_lr_grid,8000,0.0001,128,0.0001,adam,10000,0.3,0.367262,7205,53.55,0.003719,2160000000,0.067262,MEDIUM
run_e5b1bdb0,internal,tbound_agnews,2026-02-16T10:05:39.981281+00:00,nlp,agnews,transformer,4,33750,0.75,n_d_lr_grid,8000,3e-05,128,0.0001,adam,10000,0.3,0.318775,8909,61.13,0.004245,2160000000,0.018775,LOW
run_cdf6a66f,internal,tbound_agnews,2026-02-16T10:25:39.981281+00:00,nlp,agnews,transformer,4,33750,0.75,n_d_lr_grid,32000,0.01,128,0.0001,adam,10000,0.3,0.338403,8045,53.04,0.003684,8640000000,0.038403,LOW
run_fd8baea6,internal,tbound_agnews,2026-02-16T10:45:39.981281+00:00,nlp,agnews,transformer,4,33750,0.75,n_d_lr_grid,32000,0.003,128,0.0001,adam,10000,0.598575,0.636099,9800,86.36,0.005997,8640000000,0.037524,LOW
run_2efe15d8,internal,tbound_agnews,2026-02-16T11:05:39.981281+00:00,nlp,agnews,transformer,4,33750,0.75,n_d_lr_grid,32000,0.001,128,0.0001,adam,10000,0.695115,0.731764,9985,70.5,0.004896,8640000000,0.036648,LOW
run_0ecb4818,internal,tbound_agnews,2026-02-16T11:25:39.981281+00:00,nlp,agnews,transformer,4,33750,0.75,n_d_lr_grid,32000,0.0003,128,0.0001,adam,10000,0.3,0.359652,9814,48.26,0.003351,8640000000,0.059652,MEDIUM
run_7a9294fd,internal,tbound_agnews,2026-02-16T11:45:39.981281+00:00,nlp,agnews,transformer,4,33750,0.75,n_d_lr_grid,32000,0.0001,128,0.0001,adam,10000,0.3,0.346232,7009,57.4,0.003986,8640000000,0.046232,LOW
run_2fbf8de7,internal,tbound_agnews,2026-02-16T12:05:39.981281+00:00,nlp,agnews,transformer,4,33750,0.75,n_d_lr_grid,32000,3e-05,128,0.0001,adam,10000,0.3,0.343731,8583,65.75,0.004566,8640000000,0.043731,LOW
run_12c491b8,internal,tbound_agnews,2026-02-16T12:25:39.981281+00:00,nlp,agnews,transformer,4,33750,0.75,n_d_lr_grid,128000,0.01,128,0.0001,adam,10000,0.3,0.330759,9964,107.1,0.007437,34560000000,0.030759,LOW
run_cfe07fcd,internal,tbound_agnews,2026-02-16T12:45:39.981281+00:00,nlp,agnews,transformer,4,33750,0.75,n_d_lr_grid,128000,0.003,128,0.0001,adam,10000,0.516324,0.56553,8214,113.07,0.007852,34560000000,0.049206,LOW
run_c7759fea,internal,tbound_agnews,2026-02-16T13:05:39.981281+00:00,nlp,agnews,transformer,4,33750,0.75,n_d_lr_grid,128000,0.001,128,0.0001,adam,10000,0.777348,0.82297,9536,76.04,0.00528,34560000000,0.045622,LOW
run_1db0a4b0,internal,tbound_agnews,2026-02-16T13:25:39.981281+00:00,nlp,agnews,transformer,4,33750,0.75,n_d_lr_grid,128000,0.0003,128,0.0001,adam,10000,0.3,0.341417,8914,57.11,0.003966,34560000000,0.041417,LOW
run_958c7362,internal,tbound_agnews,2026-02-16T13:45:39.981281+00:00,nlp,agnews,transformer,4,33750,0.75,n_d_lr_grid,128000,0.0001,128,0.0001,adam,10000,0.3,0.366246,8401,53.78,0.003735,34560000000,0.066246,MEDIUM
run_0d080bb8,internal,tbound_agnews,2026-02-16T14:05:39.981281+00:00,nlp,agnews,transformer,4,33750,0.75,n_d_lr_grid,128000,3e-05,128,0.0001,adam,10000,0.3,0.361029,7762,120.35,0.008358,34560000000,0.061029,MEDIUM
run_b74c763f,internal,tbound_agnews,2026-02-16T14:25:39.981281+00:00,nlp,agnews,transformer,4,33750,0.75,n_d_lr_grid,260000,0.01,128,0.0001,adam,10000,0.3,0.313633,7581,68.8,0.004777,70200000000,0.013633,LOW
run_c8a5f598,internal,tbound_agnews,2026-02-16T14:45:39.981281+00:00,nlp,agnews,transformer,4,33750,0.75,n_d_lr_grid,260000,0.003,128,0.0001,adam,10000,0.463632,0.497125,8538,144.07,0.010005,70200000000,0.033493,LOW
run_0121cc12,internal,tbound_agnews,2026-02-16T15:05:39.981281+00:00,nlp,agnews,transformer,4,33750,0.75,n_d_lr_grid,260000,0.001,128,0.0001,adam,10000,0.808738,0.827059,8903,124.82,0.008668,70200000000,0.018321,LOW
run_ab98404c,internal,tbound_agnews,2026-02-16T15:25:39.981281+00:00,nlp,agnews,transformer,4,33750,0.75,n_d_lr_grid,260000,0.0003,128,0.0001,adam,10000,0.355266,0.404611,7064,141.24,0.009808,70200000000,0.049345,LOW
run_329765b0,internal,tbound_agnews,2026-02-16T15:45:39.981281+00:00,nlp,agnews,transformer,4,33750,0.75,n_d_lr_grid,260000,0.0001,128,0.0001,adam,10000,0.3,0.331839,8567,99.43,0.006905,70200000000,0.031839,LOW
run_c75a4082,internal,tbound_agnews,2026-02-16T16:05:39.981281+00:00,nlp,agnews,transformer,4,33750,0.75,n_d_lr_grid,260000,3e-05,128,0.0001,adam,10000,0.3,0.337107,7368,137.59,0.009555,70200000000,0.037107,LOW
run_a3653b73,internal,tbound_agnews,2026-02-16T16:25:39.981281+00:00,nlp,agnews,transformer,4,33750,0.75,n_d_lr_grid,780000,0.01,128,0.0001,adam,10000,0.3,0.311764,9535,183.51,0.012744,210600000000,0.011764,LOW
run_b23589f4,internal,tbound_agnews,2026-02-16T16:45:39.981281+00:00,nlp,agnews,transformer,4,33750,0.75,n_d_lr_grid,780000,0.003,128,0.0001,adam,10000,0.317782,0.38361,7673,163.43,0.011349,210600000000,0.065828,MEDIUM
run_282adef8,internal,tbound_agnews,2026-02-16T17:05:39.981281+00:00,nlp,agnews,transformer,4,33750,0.75,n_d_lr_grid,780000,0.001,128,0.0001,adam,10000,0.793238,0.833874,9972,129.15,0.008969,210600000000,0.040636,LOW
run_9a201043,internal,tbound_agnews,2026-02-16T17:25:39.981281+00:00,nlp,agnews,transformer,4,33750,0.75,n_d_lr_grid,780000,0.0003,128,0.0001,adam,10000,0.482617,0.549816,8191,157.18,0.010915,210600000000,0.067199,MEDIUM
run_3a0a261a,internal,tbound_agnews,2026-02-16T17:45:39.981281+00:00,nlp,agnews,transformer,4,33750,0.75,n_d_lr_grid,780000,0.0001,128,0.0001,adam,10000,0.3,0.313617,9330,153.43,0.010655,210600000000,0.013617,LOW
run_2d68d21a,internal,tbound_agnews,2026-02-16T18:05:39.981281+00:00,nlp,agnews,transformer,4,33750,0.75,n_d_lr_grid,780000,3e-05,128,0.0001,adam,10000,0.3,0.343759,8855,118.66,0.008241,210600000000,0.043759,LOW
run_e82d6757,internal,tbound_agnews,2026-02-16T18:25:39.981281+00:00,nlp,agnews,transformer,4,33750,0.75,n_d_lr_grid,2050000,0.01,128,0.0001,adam,10000,0.3,0.360009,7890,320.72,0.022272,553500000000,0.060009,MEDIUM
run_369ffd41,internal,tbound_agnews,2026-02-16T18:45:39.981281+00:00,nlp,agnews,transformer,4,33750,0.75,n_d_lr_grid,2050000,0.003,128,0.0001,adam,10000,0.3,0.371554,7451,307.79,0.021374,553500000000,0.071554,MEDIUM
run_6bf000e0,internal,tbound_agnews,2026-02-16T19:05:39.981281+00:00,nlp,agnews,transformer,4,33750,0.75,n_d_lr_grid,2050000,0.001,128,0.0001,adam,10000,0.786452,0.840204,7882,263.49,0.018298,553500000000,0.053752,MEDIUM
run_04ee972f,internal,tbound_agnews,2026-02-16T19:25:39.981281+00:00,nlp,agnews,transformer,4,33750,0.75,n_d_lr_grid,2050000,0.0003,128,0.0001,adam,10000,0.601478,0.646585,7374,241.38,0.016763,553500000000,0.045106,LOW
run_07666d8f,internal,tbound_agnews,2026-02-16T19:45:39.981281+00:00,nlp,agnews,transformer,4,33750,0.75,n_d_lr_grid,2050000,0.0001,128,0.0001,adam,10000,0.3,0.350022,7594,309.95,0.021525,553500000000,0.050022,MEDIUM
run_cda616aa,internal,tbound_agnews,2026-02-16T20:05:39.981281+00:00,nlp,agnews,transformer,4,33750,0.75,n_d_lr_grid,2050000,3e-05,128,0.0001,adam,10000,0.3,0.35396,7112,257.28,0.017866,553500000000,0.05396,MEDIUM
run_377c7f08,internal,tbound_agnews,2026-02-16T20:25:39.981281+00:00,nlp,agnews,transformer,4,45000,1.0,n_d_lr_grid,8000,0.01,128,0.0001,adam,10000,0.3,0.311386,8924,65.96,0.004581,2160000000,0.011386,LOW
run_f2315a8b,internal,tbound_agnews,2026-02-16T20:45:39.981281+00:00,nlp,agnews,transformer,4,45000,1.0,n_d_lr_grid,8000,0.003,128,0.0001,adam,10000,0.698503,0.73321,7516,86.72,0.006022,2160000000,0.034707,LOW
run_66991b65,internal,tbound_agnews,2026-02-16T21:05:39.981281+00:00,nlp,agnews,transformer,4,45000,1.0,n_d_lr_grid,8000,0.001,128,0.0001,adam,10000,0.630559,0.691848,9165,67.21,0.004667,2160000000,0.061289,MEDIUM
run_558f512c,internal,tbound_agnews,2026-02-16T21:25:39.981281+00:00,nlp,agnews,transformer,4,45000,1.0,n_d_lr_grid,8000,0.0003,128,0.0001,adam,10000,0.3,0.327299,7049,62.83,0.004363,2160000000,0.027299,LOW
run_e58505dc,internal,tbound_agnews,2026-02-16T21:45:39.981281+00:00,nlp,agnews,transformer,4,45000,1.0,n_d_lr_grid,8000,0.0001,128,0.0001,adam,10000,0.3,0.340294,9244,92.49,0.006423,2160000000,0.040294,LOW
run_10f1b580,internal,tbound_agnews,2026-02-16T22:05:39.981281+00:00,nlp,agnews,transformer,4,45000,1.0,n_d_lr_grid,8000,3e-05,128,0.0001,adam,10000,0.3,0.315048,7451,49.29,0.003423,2160000000,0.015048,LOW
run_df7c3242,internal,tbound_agnews,2026-02-16T22:25:39.981281+00:00,nlp,agnews,transformer,4,45000,1.0,n_d_lr_grid,32000,0.01,128,0.0001,adam,10000,0.3,0.378743,9438,103.84,0.007211,8640000000,0.078743,MEDIUM
run_73eadd59,internal,tbound_agnews,2026-02-16T22:45:39.981281+00:00,nlp,agnews,transformer,4,45000,1.0,n_d_lr_grid,32000,0.003,128,0.0001,adam,10000,0.65404,0.7083,7127,51.11,0.003549,8640000000,0.05426,MEDIUM
run_13f40660,internal,tbound_agnews,2026-02-16T23:05:39.981281+00:00,nlp,agnews,transformer,4,45000,1.0,n_d_lr_grid,32000,0.001,128,0.0001,adam,10000,0.75058,0.813146,8815,42.32,0.002939,8640000000,0.062566,MEDIUM
run_925bba88,internal,tbound_agnews,2026-02-16T23:25:39.981281+00:00,nlp,agnews,transformer,4,45000,1.0,n_d_lr_grid,32000,0.0003,128,0.0001,adam,10000,0.3,0.329342,7568,72.08,0.005006,8640000000,0.029342,LOW
run_df344f8e,internal,tbound_agnews,2026-02-16T23:45:39.981281+00:00,nlp,agnews,transformer,4,45000,1.0,n_d_lr_grid,32000,0.0001,128,0.0001,adam,10000,0.3,0.310804,7201,73.71,0.005119,8640000000,0.010804,LOW
run_d24e5da5,internal,tbound_agnews,2026-02-17T00:05:39.981281+00:00,nlp,agnews,transformer,4,45000,1.0,n_d_lr_grid,32000,3e-05,128,0.0001,adam,10000,0.3,0.322556,8348,120.56,0.008372,8640000000,0.022556,LOW
run_a6a5e809,internal,tbound_agnews,2026-02-17T00:25:39.981281+00:00,nlp,agnews,transformer,4,45000,1.0,n_d_lr_grid,128000,0.01,128,0.0001,adam,10000,0.3,0.378527,8491,92.79,0.006444,34560000000,0.078527,MEDIUM
run_4e028e1d,internal,tbound_agnews,2026-02-17T00:45:39.981281+00:00,nlp,agnews,transformer,4,45000,1.0,n_d_lr_grid,128000,0.003,128,0.0001,adam,10000,0.574817,0.614408,9434,73.99,0.005138,34560000000,0.039591,LOW
run_6184ea7d,internal,tbound_agnews,2026-02-17T01:05:39.981281+00:00,nlp,agnews,transformer,4,45000,1.0,n_d_lr_grid,128000,0.001,128,0.0001,adam,10000,0.835841,0.860214,7207,86.27,0.005991,34560000000,0.024373,LOW
run_64141b29,internal,tbound_agnews,2026-02-17T01:25:39.981281+00:00,nlp,agnews,transformer,4,45000,1.0,n_d_lr_grid,128000,0.0003,128,0.0001,adam,10000,0.3,0.354149,9213,92.26,0.006407,34560000000,0.054149,MEDIUM
run_2e7bc15b,internal,tbound_agnews,2026-02-17T01:45:39.981281+00:00,nlp,agnews,transformer,4,45000,1.0,n_d_lr_grid,128000,0.0001,128,0.0001,adam,10000,0.3,0.377798,7218,97.13,0.006745,34560000000,0.077798,MEDIUM
run_140a3c62,internal,tbound_agnews,2026-02-17T02:05:39.981281+00:00,nlp,agnews,transformer,4,45000,1.0,n_d_lr_grid,128000,3e-05,128,0.0001,adam,10000,0.3,0.315291,9600,128.43,0.008919,34560000000,0.015291,LOW
run_5d41c444,internal,tbound_agnews,2026-02-17T02:25:39.981281+00:00,nlp,agnews,transformer,4,45000,1.0,n_d_lr_grid,260000,0.01,128,0.0001,adam,10000,0.3,0.316445,7595,109.91,0.007633,70200000000,0.016445,LOW
run_f816e3ef,internal,tbound_agnews,2026-02-17T02:45:39.981281+00:00,nlp,agnews,transformer,4,45000,1.0,n_d_lr_grid,260000,0.003,128,0.0001,adam,10000,0.523955,0.540402,9849,105.8,0.007348,70200000000,0.016447,LOW
run_9d95530d,internal,tbound_agnews,2026-02-17T03:05:39.981281+00:00,nlp,agnews,transformer,4,45000,1.0,n_d_lr_grid,260000,0.001,128,0.0001,adam,10000,0.869061,0.928326,8306,89.59,0.006222,70200000000,0.059265,MEDIUM
run_735076e1,internal,tbound_agnews,2026-02-17T03:25:39.981281+00:00,nlp,agnews,transformer,4,45000,1.0,n_d_lr_grid,260000,0.0003,128,0.0001,adam,10000,0.415588,0.47291,7559,119.6,0.008305,70200000000,0.057322,MEDIUM
run_1dd618d5,internal,tbound_agnews,2026-02-17T03:45:39.981281+00:00,nlp,agnews,transformer,4,45000,1.0,n_d_lr_grid,260000,0.0001,128,0.0001,adam,10000,0.3,0.350849,8082,103.32,0.007175,70200000000,0.050849,MEDIUM
run_777f63d9,internal,tbound_agnews,2026-02-17T04:05:39.981281+00:00,nlp,agnews,transformer,4,45000,1.0,n_d_lr_grid,260000,3e-05,128,0.0001,adam,10000,0.3,0.351837,8088,133.95,0.009302,70200000000,0.051837,MEDIUM
run_00408a31,internal,tbound_agnews,2026-02-17T04:25:39.981281+00:00,nlp,agnews,transformer,4,45000,1.0,n_d_lr_grid,780000,0.01,128,0.0001,adam,10000,0.3,0.318195,7820,148.42,0.010307,210600000000,0.018195,LOW
run_7eed585f,internal,tbound_agnews,2026-02-17T04:45:39.981281+00:00,nlp,agnews,transformer,4,45000,1.0,n_d_lr_grid,780000,0.003,128,0.0001,adam,10000,0.377595,0.453727,7559,174.29,0.012103,210600000000,0.076132,MEDIUM
run_4fcc5b4f,internal,tbound_agnews,2026-02-17T05:05:39.981281+00:00,nlp,agnews,transformer,4,45000,1.0,n_d_lr_grid,780000,0.001,128,0.0001,adam,10000,0.853051,0.863519,9915,177.51,0.012327,210600000000,0.010468,LOW
run_513af927,internal,tbound_agnews,2026-02-17T05:25:39.981281+00:00,nlp,agnews,transformer,4,45000,1.0,n_d_lr_grid,780000,0.0003,128,0.0001,adam,10000,0.542431,0.60151,7283,169.21,0.011751,210600000000,0.05908,MEDIUM
run_9c8b9eac,internal,tbound_agnews,2026-02-17T05:45:39.981281+00:00,nlp,agnews,transformer,4,45000,1.0,n_d_lr_grid,780000,0.0001,128,0.0001,adam,10000,0.3,0.353924,8030,142.71,0.00991,210600000000,0.053924,MEDIUM
run_61dd2810,internal,tbound_agnews,2026-02-17T06:05:39.981281+00:00,nlp,agnews,transformer,4,45000,1.0,n_d_lr_grid,780000,3e-05,128,0.0001,adam,10000,0.3,0.327717,8920,148.52,0.010314,210600000000,0.027717,LOW
run_2fd02693,internal,tbound_agnews,2026-02-17T06:25:39.981281+00:00,nlp,agnews,transformer,4,45000,1.0,n_d_lr_grid,2050000,0.01,128,0.0001,adam,10000,0.3,0.325434,9093,300.32,0.020855,553500000000,0.025434,LOW
run_22c30147,internal,tbound_agnews,2026-02-17T06:45:39.981281+00:00,nlp,agnews,transformer,4,45000,1.0,n_d_lr_grid,2050000,0.003,128,0.0001,adam,10000,0.3,0.323198,7175,295.52,0.020522,553500000000,0.023198,LOW
run_a8a02c93,internal,tbound_agnews,2026-02-17T07:05:39.981281+00:00,nlp,agnews,transformer,4,45000,1.0,n_d_lr_grid,2050000,0.001,128,0.0001,adam,10000,0.847775,0.904324,8818,279.82,0.019432,553500000000,0.05655,MEDIUM
run_e26e96dd,internal,tbound_agnews,2026-02-17T07:25:39.981281+00:00,nlp,agnews,transformer,4,45000,1.0,n_d_lr_grid,2050000,0.0003,128,0.0001,adam,10000,0.662801,0.703152,8364,243.34,0.016898,553500000000,0.040351,LOW
run_3727d3a9,internal,tbound_agnews,2026-02-17T07:45:39.981281+00:00,nlp,agnews,transformer,4,45000,1.0,n_d_lr_grid,2050000,0.0001,128,0.0001,adam,10000,0.3,0.374018,7643,274.06,0.019032,553500000000,0.074018,MEDIUM
run_20943958,internal,tbound_agnews,2026-02-17T08:05:39.981281+00:00,nlp,agnews,transformer,4,45000,1.0,n_d_lr_grid,2050000,3e-05,128,0.0001,adam,10000,0.3,0.340408,9962,300.11,0.020841,553500000000,0.040408,LOW
run_0c245e0d,internal,tbound_agnews,2026-02-17T08:25:39.981281+00:00,nlp,agnews,transformer,4,11250,0.25,batch_grid,260000,0.001026,32,0.0001,adam,10000,0.80676,0.840338,9424,92.8,0.006444,70200000000,0.033578,LOW
run_1b10e7e4,internal,tbound_agnews,2026-02-17T08:45:39.981281+00:00,nlp,agnews,transformer,4,11250,0.25,batch_grid,260000,0.001026,64,0.0001,adam,10000,0.84676,0.883587,8516,98.05,0.006809,70200000000,0.036827,LOW
run_aecbe7be,internal,tbound_agnews,2026-02-17T09:05:39.981281+00:00,nlp,agnews,transformer,4,11250,0.25,batch_grid,260000,0.001026,128,0.0001,adam,10000,0.86676,0.880415,7150,67.96,0.004719,70200000000,0.013656,LOW
run_fcfe07bf,internal,tbound_agnews,2026-02-17T09:25:39.981281+00:00,nlp,agnews,transformer,4,11250,0.25,batch_grid,260000,0.001026,256,0.0001,adam,10000,0.86676,0.87876,8023,110.69,0.007687,70200000000,0.012001,LOW
run_04fb3da7,internal,tbound_agnews,2026-02-17T09:45:39.981281+00:00,nlp,agnews,transformer,4,11250,0.25,batch_grid,260000,0.001026,512,0.0001,adam,10000,0.84676,0.866695,7068,68.86,0.004782,70200000000,0.019935,LOW
run_3ce0b6e2,internal,tbound_agnews,2026-02-17T10:05:39.981281+00:00,nlp,agnews,transformer,4,11250,0.25,batch_grid,260000,0.001026,1024,0.0001,adam,10000,0.80676,0.819845,9250,110.67,0.007685,70200000000,0.013086,LOW
run_8df89201,internal,tbound_agnews,2026-02-17T10:25:39.981281+00:00,nlp,agnews,transformer,4,22500,0.5,batch_grid,260000,0.001026,32,0.0001,adam,10000,0.80676,0.835117,8337,99.96,0.006942,70200000000,0.028358,LOW
run_de67629f,internal,tbound_agnews,2026-02-17T10:45:39.981281+00:00,nlp,agnews,transformer,4,22500,0.5,batch_grid,260000,0.001026,64,0.0001,adam,10000,0.84676,0.880644,8629,91.69,0.006367,70200000000,0.033884,LOW
run_cbde9117,internal,tbound_agnews,2026-02-17T11:05:39.981281+00:00,nlp,agnews,transformer,4,22500,0.5,batch_grid,260000,0.001026,128,0.0001,adam,10000,0.86676,0.914819,8573,106.31,0.007383,70200000000,0.04806,LOW
run_56a1d3c4,internal,tbound_agnews,2026-02-17T11:25:39.981281+00:00,nlp,agnews,transformer,4,22500,0.5,batch_grid,260000,0.001026,256,0.0001,adam,10000,0.86676,0.892091,9366,85.61,0.005945,70200000000,0.025331,LOW
run_5b62692f,internal,tbound_agnews,2026-02-17T11:45:39.981281+00:00,nlp,agnews,transformer,4,22500,0.5,batch_grid,260000,0.001026,512,0.0001,adam,10000,0.84676,0.87853,8993,68.02,0.004723,70200000000,0.03177,LOW
run_66fe466c,internal,tbound_agnews,2026-02-17T12:05:39.981281+00:00,nlp,agnews,transformer,4,22500,0.5,batch_grid,260000,0.001026,1024,0.0001,adam,10000,0.80676,0.837304,7602,71.2,0.004945,70200000000,0.030544,LOW
run_533c073f,internal,tbound_agnews,2026-02-17T12:25:39.981281+00:00,nlp,agnews,transformer,4,45000,1.0,batch_grid,260000,0.001026,32,0.0001,adam,10000,0.80676,0.837618,7489,60.11,0.004174,70200000000,0.030858,LOW
run_ed51d4e2,internal,tbound_agnews,2026-02-17T12:45:39.981281+00:00,nlp,agnews,transformer,4,45000,1.0,batch_grid,260000,0.001026,64,0.0001,adam,10000,0.84676,0.87386,7294,68.37,0.004748,70200000000,0.0271,LOW
run_02e1eef5,internal,tbound_agnews,2026-02-17T13:05:39.981281+00:00,nlp,agnews,transformer,4,45000,1.0,batch_grid,260000,0.001026,128,0.0001,adam,10000,0.86676,0.887514,8717,78.11,0.005424,70200000000,0.020754,LOW
run_844d709c,internal,tbound_agnews,2026-02-17T13:25:39.981281+00:00,nlp,agnews,transformer,4,45000,1.0,batch_grid,260000,0.001026,256,0.0001,adam,10000,0.86676,0.911153,9900,58.1,0.004035,70200000000,0.044393,LOW
run_6479f3ca,internal,tbound_agnews,2026-02-17T13:45:39.981281+00:00,nlp,agnews,transformer,4,45000,1.0,batch_grid,260000,0.001026,512,0.0001,adam,10000,0.84676,0.873213,9170,108.42,0.007529,70200000000,0.026454,LOW
run_be51aa41,internal,tbound_agnews,2026-02-17T14:05:39.981281+00:00,nlp,agnews,transformer,4,45000,1.0,batch_grid,260000,0.001026,1024,0.0001,adam,10000,0.80676,0.844978,9467,81.66,0.005671,70200000000,0.038218,LOW
run_8be8aa57,internal,tbound_dbpedia,2026-02-17T14:25:39.981281+00:00,nlp,dbpedia,transformer,14,4500,0.1,n_d_lr_grid,8000,0.01,128,0.0001,adam,10000,0.3,0.320107,7062,101.36,0.007039,2160000000,0.020107,LOW
run_f3eb80be,internal,tbound_dbpedia,2026-02-17T14:45:39.981281+00:00,nlp,dbpedia,transformer,14,4500,0.1,n_d_lr_grid,8000,0.003,128,0.0001,adam,10000,0.385902,0.416369,8228,70.75,0.004913,2160000000,0.030467,LOW
run_f42828f0,internal,tbound_dbpedia,2026-02-17T15:05:39.981281+00:00,nlp,dbpedia,transformer,14,4500,0.1,n_d_lr_grid,8000,0.001,128,0.0001,adam,10000,0.317958,0.349032,7874,76.04,0.00528,2160000000,0.031073,LOW
run_7c744efa,internal,tbound_dbpedia,2026-02-17T15:25:39.981281+00:00,nlp,dbpedia,transformer,14,4500,0.1,n_d_lr_grid,8000,0.0003,128,0.0001,adam,10000,0.3,0.344377,7822,114.24,0.007933,2160000000,0.044377,LOW
run_c1d3c55f,internal,tbound_dbpedia,2026-02-17T15:45:39.981281+00:00,nlp,dbpedia,transformer,14,4500,0.1,n_d_lr_grid,8000,0.0001,128,0.0001,adam,10000,0.3,0.359907,7120,31.83,0.002211,2160000000,0.059907,MEDIUM
run_55e858a6,internal,tbound_dbpedia,2026-02-17T16:05:39.981281+00:00,nlp,dbpedia,transformer,14,4500,0.1,n_d_lr_grid,8000,3e-05,128,0.0001,adam,10000,0.3,0.328217,8007,45.15,0.003136,2160000000,0.028217,LOW
run_52957343,internal,tbound_dbpedia,2026-02-17T16:25:39.981281+00:00,nlp,dbpedia,transformer,14,4500,0.1,n_d_lr_grid,32000,0.01,128,0.0001,adam,10000,0.3,0.34615,9907,103.99,0.007221,8640000000,0.04615,LOW
run_097434ee,internal,tbound_dbpedia,2026-02-17T16:45:39.981281+00:00,nlp,dbpedia,transformer,14,4500,0.1,n_d_lr_grid,32000,0.003,128,0.0001,adam,10000,0.321031,0.377527,9668,112.55,0.007816,8640000000,0.056495,MEDIUM
run_87840bac,internal,tbound_dbpedia,2026-02-17T17:05:39.981281+00:00,nlp,dbpedia,transformer,14,4500,0.1,n_d_lr_grid,32000,0.001,128,0.0001,adam,10000,0.417571,0.485426,7963,73.36,0.005094,8640000000,0.067854,MEDIUM
run_518de968,internal,tbound_dbpedia,2026-02-17T17:25:39.981281+00:00,nlp,dbpedia,transformer,14,4500,0.1,n_d_lr_grid,32000,0.0003,128,0.0001,adam,10000,0.3,0.330243,9330,61.08,0.004242,8640000000,0.030243,LOW
run_c12d9648,internal,tbound_dbpedia,2026-02-17T17:45:39.981281+00:00,nlp,dbpedia,transformer,14,4500,0.1,n_d_lr_grid,32000,0.0001,128,0.0001,adam,10000,0.3,0.34605,7276,81.4,0.005653,8640000000,0.04605,LOW
run_22c35834,internal,tbound_dbpedia,2026-02-17T18:05:39.981281+00:00,nlp,dbpedia,transformer,14,4500,0.1,n_d_lr_grid,32000,3e-05,128,0.0001,adam,10000,0.3,0.361977,9200,40.1,0.002785,8640000000,0.061977,MEDIUM
run_be806138,internal,tbound_dbpedia,2026-02-17T18:25:39.981281+00:00,nlp,dbpedia,transformer,14,4500,0.1,n_d_lr_grid,128000,0.01,128,0.0001,adam,10000,0.3,0.367968,7566,62.25,0.004323,34560000000,0.067968,MEDIUM
run_c121ea0f,internal,tbound_dbpedia,2026-02-17T18:45:39.981281+00:00,nlp,dbpedia,transformer,14,4500,0.1,n_d_lr_grid,128000,0.003,128,0.0001,adam,10000,0.3,0.376697,9025,72.21,0.005014,34560000000,0.076697,MEDIUM
run_e1533413,internal,tbound_dbpedia,2026-02-17T19:05:39.981281+00:00,nlp,dbpedia,transformer,14,4500,0.1,n_d_lr_grid,128000,0.001,128,0.0001,adam,10000,0.483182,0.519328,9895,67.23,0.004669,34560000000,0.036146,LOW
run_a1cf6f2c,internal,tbound_dbpedia,2026-02-17T19:25:39.981281+00:00,nlp,dbpedia,transformer,14,4500,0.1,n_d_lr_grid,128000,0.0003,128,0.0001,adam,10000,0.3,0.371342,7136,52.03,0.003613,34560000000,0.071342,MEDIUM
run_28898908,internal,tbound_dbpedia,2026-02-17T19:45:39.981281+00:00,nlp,dbpedia,transformer,14,4500,0.1,n_d_lr_grid,128000,0.0001,128,0.0001,adam,10000,0.3,0.315435,7661,117.4,0.008153,34560000000,0.015435,LOW
run_ecba46e5,internal,tbound_dbpedia,2026-02-17T20:05:39.981281+00:00,nlp,dbpedia,transformer,14,4500,0.1,n_d_lr_grid,128000,3e-05,128,0.0001,adam,10000,0.3,0.346512,7086,114.3,0.007938,34560000000,0.046512,LOW
run_0b06f90f,internal,tbound_dbpedia,2026-02-17T20:25:39.981281+00:00,nlp,dbpedia,transformer,14,4500,0.1,n_d_lr_grid,260000,0.01,128,0.0001,adam,10000,0.3,0.368654,9461,133.29,0.009256,70200000000,0.068654,MEDIUM
run_8a259665,internal,tbound_dbpedia,2026-02-17T20:45:39.981281+00:00,nlp,dbpedia,transformer,14,4500,0.1,n_d_lr_grid,260000,0.003,128,0.0001,adam,10000,0.3,0.340745,8308,110.95,0.007705,70200000000,0.040745,LOW
run_a4d3f842,internal,tbound_dbpedia,2026-02-17T21:05:39.981281+00:00,nlp,dbpedia,transformer,14,4500,0.1,n_d_lr_grid,260000,0.001,128,0.0001,adam,10000,0.505028,0.547171,9719,93.0,0.006458,70200000000,0.042143,LOW
run_52d1e7a4,internal,tbound_dbpedia,2026-02-17T21:25:39.981281+00:00,nlp,dbpedia,transformer,14,4500,0.1,n_d_lr_grid,260000,0.0003,128,0.0001,adam,10000,0.3,0.358576,8942,76.66,0.005324,70200000000,0.058576,MEDIUM
run_5914d757,internal,tbound_dbpedia,2026-02-17T21:45:39.981281+00:00,nlp,dbpedia,transformer,14,4500,0.1,n_d_lr_grid,260000,0.0001,128,0.0001,adam,10000,0.3,0.340073,7596,122.66,0.008518,70200000000,0.040073,LOW
run_9cca5afc,internal,tbound_dbpedia,2026-02-17T22:05:39.981281+00:00,nlp,dbpedia,transformer,14,4500,0.1,n_d_lr_grid,260000,3e-05,128,0.0001,adam,10000,0.3,0.360312,8629,121.92,0.008466,70200000000,0.060312,MEDIUM
run_ce77fe7a,internal,tbound_dbpedia,2026-02-17T22:25:39.981281+00:00,nlp,dbpedia,transformer,14,4500,0.1,n_d_lr_grid,780000,0.01,128,0.0001,adam,10000,0.3,0.321295,7720,115.52,0.008022,210600000000,0.021295,LOW
run_f57242da,internal,tbound_dbpedia,2026-02-17T22:45:39.981281+00:00,nlp,dbpedia,transformer,14,4500,0.1,n_d_lr_grid,780000,0.003,128,0.0001,adam,10000,0.3,0.338994,7498,173.92,0.012078,210600000000,0.038994,LOW
run_a720617e,internal,tbound_dbpedia,2026-02-17T23:05:39.981281+00:00,nlp,dbpedia,transformer,14,4500,0.1,n_d_lr_grid,780000,0.001,128,0.0001,adam,10000,0.492855,0.519762,7114,139.88,0.009714,210600000000,0.026908,LOW
run_86e7bce9,internal,tbound_dbpedia,2026-02-17T23:25:39.981281+00:00,nlp,dbpedia,transformer,14,4500,0.1,n_d_lr_grid,780000,0.0003,128,0.0001,adam,10000,0.3,0.325565,9253,154.73,0.010745,210600000000,0.025565,LOW
run_f77aa57e,internal,tbound_dbpedia,2026-02-17T23:45:39.981281+00:00,nlp,dbpedia,transformer,14,4500,0.1,n_d_lr_grid,780000,0.0001,128,0.0001,adam,10000,0.3,0.321685,7146,129.94,0.009023,210600000000,0.021685,LOW
run_384052d9,internal,tbound_dbpedia,2026-02-18T00:05:39.981281+00:00,nlp,dbpedia,transformer,14,4500,0.1,n_d_lr_grid,780000,3e-05,128,0.0001,adam,10000,0.3,0.333497,8687,175.45,0.012184,210600000000,0.033497,LOW
run_1bcbb918,internal,tbound_dbpedia,2026-02-18T00:25:39.981281+00:00,nlp,dbpedia,transformer,14,4500,0.1,n_d_lr_grid,2050000,0.01,128,0.0001,adam,10000,0.3,0.353141,7018,285.12,0.0198,553500000000,0.053141,MEDIUM
run_937f9bb8,internal,tbound_dbpedia,2026-02-18T00:45:39.981281+00:00,nlp,dbpedia,transformer,14,4500,0.1,n_d_lr_grid,2050000,0.003,128,0.0001,adam,10000,0.3,0.357528,8001,272.07,0.018894,553500000000,0.057528,MEDIUM
run_039c7b50,internal,tbound_dbpedia,2026-02-18T01:05:39.981281+00:00,nlp,dbpedia,transformer,14,4500,0.1,n_d_lr_grid,2050000,0.001,128,0.0001,adam,10000,0.478836,0.500855,8522,280.01,0.019445,553500000000,0.022019,LOW
run_60e6641b,internal,tbound_dbpedia,2026-02-18T01:25:39.981281+00:00,nlp,dbpedia,transformer,14,4500,0.1,n_d_lr_grid,2050000,0.0003,128,0.0001,adam,10000,0.3,0.348268,7092,286.79,0.019916,553500000000,0.048268,LOW
run_e03b53fa,internal,tbound_dbpedia,2026-02-18T01:45:39.981281+00:00,nlp,dbpedia,transformer,14,4500,0.1,n_d_lr_grid,2050000,0.0001,128,0.0001,adam,10000,0.3,0.347275,8456,245.39,0.017041,553500000000,0.047275,LOW
run_84b52136,internal,tbound_dbpedia,2026-02-18T02:05:39.981281+00:00,nlp,dbpedia,transformer,14,4500,0.1,n_d_lr_grid,2050000,3e-05,128,0.0001,adam,10000,0.3,0.344699,7294,318.98,0.022151,553500000000,0.044699,LOW
run_f3b27eaf,internal,tbound_dbpedia,2026-02-18T02:25:39.981281+00:00,nlp,dbpedia,transformer,14,9000,0.2,n_d_lr_grid,8000,0.01,128,0.0001,adam,10000,0.3,0.319999,7070,93.09,0.006464,2160000000,0.019999,LOW
run_bf7ebda6,internal,tbound_dbpedia,2026-02-18T02:45:39.981281+00:00,nlp,dbpedia,transformer,14,9000,0.2,n_d_lr_grid,8000,0.003,128,0.0001,adam,10000,0.47022,0.48822,8030,99.63,0.006919,2160000000,0.018,LOW
run_4b601b44,internal,tbound_dbpedia,2026-02-18T03:05:39.981281+00:00,nlp,dbpedia,transformer,14,9000,0.2,n_d_lr_grid,8000,0.001,128,0.0001,adam,10000,0.402277,0.466386,7192,116.43,0.008085,2160000000,0.064109,MEDIUM
run_cc31b0f0,internal,tbound_dbpedia,2026-02-18T03:25:39.981281+00:00,nlp,dbpedia,transformer,14,9000,0.2,n_d_lr_grid,8000,0.0003,128,0.0001,adam,10000,0.3,0.311269,7250,102.15,0.007094,2160000000,0.011269,LOW
run_9fd339e9,internal,tbound_dbpedia,2026-02-18T03:45:39.981281+00:00,nlp,dbpedia,transformer,14,9000,0.2,n_d_lr_grid,8000,0.0001,128,0.0001,adam,10000,0.3,0.343198,9026,81.26,0.005643,2160000000,0.043198,LOW
run_a491970f,internal,tbound_dbpedia,2026-02-18T04:05:39.981281+00:00,nlp,dbpedia,transformer,14,9000,0.2,n_d_lr_grid,8000,3e-05,128,0.0001,adam,10000,0.3,0.358204,9072,53.59,0.003722,2160000000,0.058204,MEDIUM
run_b21982b1,internal,tbound_dbpedia,2026-02-18T04:25:39.981281+00:00,nlp,dbpedia,transformer,14,9000,0.2,n_d_lr_grid,32000,0.01,128,0.0001,adam,10000,0.3,0.361192,8847,95.95,0.006664,8640000000,0.061192,MEDIUM
run_cc42e557,internal,tbound_dbpedia,2026-02-18T04:45:39.981281+00:00,nlp,dbpedia,transformer,14,9000,0.2,n_d_lr_grid,32000,0.003,128,0.0001,adam,10000,0.409251,0.477779,9383,107.12,0.007439,8640000000,0.068528,MEDIUM
run_4ad3a2cb,internal,tbound_dbpedia,2026-02-18T05:05:39.981281+00:00,nlp,dbpedia,transformer,14,9000,0.2,n_d_lr_grid,32000,0.001,128,0.0001,adam,10000,0.505791,0.530031,9677,44.66,0.003102,8640000000,0.024241,LOW
run_5f647dfe,internal,tbound_dbpedia,2026-02-18T05:25:39.981281+00:00,nlp,dbpedia,transformer,14,9000,0.2,n_d_lr_grid,32000,0.0003,128,0.0001,adam,10000,0.3,0.365409,7338,73.82,0.005126,8640000000,0.065409,MEDIUM
run_9b6ef2f1,internal,tbound_dbpedia,2026-02-18T05:45:39.981281+00:00,nlp,dbpedia,transformer,14,9000,0.2,n_d_lr_grid,32000,0.0001,128,0.0001,adam,10000,0.3,0.367442,7898,69.61,0.004834,8640000000,0.067442,MEDIUM
run_446bed08,internal,tbound_dbpedia,2026-02-18T06:05:39.981281+00:00,nlp,dbpedia,transformer,14,9000,0.2,n_d_lr_grid,32000,3e-05,128,0.0001,adam,10000,0.3,0.310936,9104,70.08,0.004866,8640000000,0.010936,LOW
run_27263601,internal,tbound_dbpedia,2026-02-18T06:25:39.981281+00:00,nlp,dbpedia,transformer,14,9000,0.2,n_d_lr_grid,128000,0.01,128,0.0001,adam,10000,0.3,0.366248,9607,123.96,0.008608,34560000000,0.066248,MEDIUM
run_8968410a,internal,tbound_dbpedia,2026-02-18T06:45:39.981281+00:00,nlp,dbpedia,transformer,14,9000,0.2,n_d_lr_grid,128000,0.003,128,0.0001,adam,10000,0.314913,0.33947,9565,46.58,0.003235,34560000000,0.024557,LOW
run_9c86d3d8,internal,tbound_dbpedia,2026-02-18T07:05:39.981281+00:00,nlp,dbpedia,transformer,14,9000,0.2,n_d_lr_grid,128000,0.001,128,0.0001,adam,10000,0.575937,0.613195,9339,91.56,0.006358,34560000000,0.037258,LOW
run_004cb5da,internal,tbound_dbpedia,2026-02-18T07:25:39.981281+00:00,nlp,dbpedia,transformer,14,9000,0.2,n_d_lr_grid,128000,0.0003,128,0.0001,adam,10000,0.3,0.369355,7684,91.9,0.006382,34560000000,0.069355,MEDIUM
run_f7423158,internal,tbound_dbpedia,2026-02-18T07:45:39.981281+00:00,nlp,dbpedia,transformer,14,9000,0.2,n_d_lr_grid,128000,0.0001,128,0.0001,adam,10000,0.3,0.341534,9382,89.0,0.006181,34560000000,0.041534,LOW
run_ba084f1a,internal,tbound_dbpedia,2026-02-18T08:05:39.981281+00:00,nlp,dbpedia,transformer,14,9000,0.2,n_d_lr_grid,128000,3e-05,128,0.0001,adam,10000,0.3,0.326208,8769,127.63,0.008863,34560000000,0.026208,LOW
run_3ee58df5,internal,tbound_dbpedia,2026-02-18T08:25:39.981281+00:00,nlp,dbpedia,transformer,14,9000,0.2,n_d_lr_grid,260000,0.01,128,0.0001,adam,10000,0.3,0.332481,8717,75.81,0.005265,70200000000,0.032481,LOW
run_4a9ebcd2,internal,tbound_dbpedia,2026-02-18T08:45:39.981281+00:00,nlp,dbpedia,transformer,14,9000,0.2,n_d_lr_grid,260000,0.003,128,0.0001,adam,10000,0.3,0.361046,9998,110.76,0.007691,70200000000,0.061046,MEDIUM
run_4b7affd1,internal,tbound_dbpedia,2026-02-18T09:05:39.981281+00:00,nlp,dbpedia,transformer,14,9000,0.2,n_d_lr_grid,260000,0.001,128,0.0001,adam,10000,0.600621,0.636491,8907,97.78,0.00679,70200000000,0.03587,LOW
run_3372eadb,internal,tbound_dbpedia,2026-02-18T09:25:39.981281+00:00,nlp,dbpedia,transformer,14,9000,0.2,n_d_lr_grid,260000,0.0003,128,0.0001,adam,10000,0.3,0.313172,9143,87.5,0.006076,70200000000,0.013172,LOW
run_cd4f0898,internal,tbound_dbpedia,2026-02-18T09:45:39.981281+00:00,nlp,dbpedia,transformer,14,9000,0.2,n_d_lr_grid,260000,0.0001,128,0.0001,adam,10000,0.3,0.310585,8085,75.59,0.005249,70200000000,0.010585,LOW
run_c8dcd0d4,internal,tbound_dbpedia,2026-02-18T10:05:39.981281+00:00,nlp,dbpedia,transformer,14,9000,0.2,n_d_lr_grid,260000,3e-05,128,0.0001,adam,10000,0.3,0.368963,7670,89.59,0.006222,70200000000,0.068963,MEDIUM
run_715ddf45,internal,tbound_dbpedia,2026-02-18T10:25:39.981281+00:00,nlp,dbpedia,transformer,14,9000,0.2,n_d_lr_grid,780000,0.01,128,0.0001,adam,10000,0.3,0.366315,7718,177.55,0.01233,210600000000,0.066315,MEDIUM
run_f6b6b23c,internal,tbound_dbpedia,2026-02-18T10:45:39.981281+00:00,nlp,dbpedia,transformer,14,9000,0.2,n_d_lr_grid,780000,0.003,128,0.0001,adam,10000,0.3,0.313406,7249,160.29,0.011131,210600000000,0.013406,LOW
run_b3832075,internal,tbound_dbpedia,2026-02-18T11:05:39.981281+00:00,nlp,dbpedia,transformer,14,9000,0.2,n_d_lr_grid,780000,0.001,128,0.0001,adam,10000,0.587785,0.636148,8853,154.9,0.010757,210600000000,0.048362,LOW
run_1522d89d,internal,tbound_dbpedia,2026-02-18T11:25:39.981281+00:00,nlp,dbpedia,transformer,14,9000,0.2,n_d_lr_grid,780000,0.0003,128,0.0001,adam,10000,0.3,0.36621,9532,154.62,0.010738,210600000000,0.06621,MEDIUM
run_0737cac9,internal,tbound_dbpedia,2026-02-18T11:45:39.981281+00:00,nlp,dbpedia,transformer,14,9000,0.2,n_d_lr_grid,780000,0.0001,128,0.0001,adam,10000,0.3,0.324507,9618,172.19,0.011958,210600000000,0.024507,LOW
run_4c83315f,internal,tbound_dbpedia,2026-02-18T12:05:39.981281+00:00,nlp,dbpedia,transformer,14,9000,0.2,n_d_lr_grid,780000,3e-05,128,0.0001,adam,10000,0.3,0.321892,7219,125.55,0.008719,210600000000,0.021892,LOW
run_36abc899,internal,tbound_dbpedia,2026-02-18T12:25:39.981281+00:00,nlp,dbpedia,transformer,14,9000,0.2,n_d_lr_grid,2050000,0.01,128,0.0001,adam,10000,0.3,0.337353,9774,249.28,0.017311,553500000000,0.037353,LOW
run_8b5f249d,internal,tbound_dbpedia,2026-02-18T12:45:39.981281+00:00,nlp,dbpedia,transformer,14,9000,0.2,n_d_lr_grid,2050000,0.003,128,0.0001,adam,10000,0.3,0.352379,7857,273.98,0.019027,553500000000,0.052379,MEDIUM
run_2dd8c466,internal,tbound_dbpedia,2026-02-18T13:05:39.981281+00:00,nlp,dbpedia,transformer,14,9000,0.2,n_d_lr_grid,2050000,0.001,128,0.0001,adam,10000,0.576228,0.648467,8493,287.09,0.019937,553500000000,0.072239,MEDIUM
run_4acbf4e9,internal,tbound_dbpedia,2026-02-18T13:25:39.981281+00:00,nlp,dbpedia,transformer,14,9000,0.2,n_d_lr_grid,2050000,0.0003,128,0.0001,adam,10000,0.391254,0.454333,9314,262.62,0.018238,553500000000,0.063079,MEDIUM
run_07be5f9b,internal,tbound_dbpedia,2026-02-18T13:45:39.981281+00:00,nlp,dbpedia,transformer,14,9000,0.2,n_d_lr_grid,2050000,0.0001,128,0.0001,adam,10000,0.3,0.328966,8082,253.2,0.017584,553500000000,0.028966,LOW
run_74f7dd52,internal,tbound_dbpedia,2026-02-18T14:05:39.981281+00:00,nlp,dbpedia,transformer,14,9000,0.2,n_d_lr_grid,2050000,3e-05,128,0.0001,adam,10000,0.3,0.322976,9433,288.98,0.020068,553500000000,0.022976,LOW
run_a496866d,internal,tbound_dbpedia,2026-02-18T14:25:39.981281+00:00,nlp,dbpedia,transformer,14,15749,0.35,n_d_lr_grid,8000,0.01,128,0.0001,adam,10000,0.3,0.33974,9347,112.51,0.007813,2160000000,0.03974,LOW
run_59e7d7c7,internal,tbound_dbpedia,2026-02-18T14:45:39.981281+00:00,nlp,dbpedia,transformer,14,15749,0.35,n_d_lr_grid,8000,0.003,128,0.0001,adam,10000,0.5498,0.612003,9561,81.01,0.005626,2160000000,0.062203,MEDIUM
run_114f9c26,internal,tbound_dbpedia,2026-02-18T15:05:39.981281+00:00,nlp,dbpedia,transformer,14,15749,0.35,n_d_lr_grid,8000,0.001,128,0.0001,adam,10000,0.481857,0.501212,7790,70.75,0.004913,2160000000,0.019356,LOW
run_d2c2de16,internal,tbound_dbpedia,2026-02-18T15:25:39.981281+00:00,nlp,dbpedia,transformer,14,15749,0.35,n_d_lr_grid,8000,0.0003,128,0.0001,adam,10000,0.3,0.356166,7383,102.46,0.007115,2160000000,0.056166,MEDIUM
run_54100261,internal,tbound_dbpedia,2026-02-18T15:45:39.981281+00:00,nlp,dbpedia,transformer,14,15749,0.35,n_d_lr_grid,8000,0.0001,128,0.0001,adam,10000,0.3,0.348454,7194,78.79,0.005472,2160000000,0.048454,LOW
run_061c9ec6,internal,tbound_dbpedia,2026-02-18T16:05:39.981281+00:00,nlp,dbpedia,transformer,14,15749,0.35,n_d_lr_grid,8000,3e-05,128,0.0001,adam,10000,0.3,0.375735,8152,88.07,0.006116,2160000000,0.075735,MEDIUM
run_c95faf2f,internal,tbound_dbpedia,2026-02-18T16:25:39.981281+00:00,nlp,dbpedia,transformer,14,15749,0.35,n_d_lr_grid,32000,0.01,128,0.0001,adam,10000,0.3,0.347011,7922,107.53,0.007468,8640000000,0.047011,LOW
run_9757acab,internal,tbound_dbpedia,2026-02-18T16:45:39.981281+00:00,nlp,dbpedia,transformer,14,15749,0.35,n_d_lr_grid,32000,0.003,128,0.0001,adam,10000,0.492513,0.544184,7974,57.02,0.00396,8640000000,0.051671,MEDIUM
run_16651f50,internal,tbound_dbpedia,2026-02-18T17:05:39.981281+00:00,nlp,dbpedia,transformer,14,15749,0.35,n_d_lr_grid,32000,0.001,128,0.0001,adam,10000,0.589053,0.656568,9934,74.74,0.00519,8640000000,0.067515,MEDIUM
run_9570b4d5,internal,tbound_dbpedia,2026-02-18T17:25:39.981281+00:00,nlp,dbpedia,transformer,14,15749,0.35,n_d_lr_grid,32000,0.0003,128,0.0001,adam,10000,0.3,0.323141,9387,41.15,0.002858,8640000000,0.023141,LOW
run_7261ae1d,internal,tbound_dbpedia,2026-02-18T17:45:39.981281+00:00,nlp,dbpedia,transformer,14,15749,0.35,n_d_lr_grid,32000,0.0001,128,0.0001,adam,10000,0.3,0.335784,7768,72.11,0.005008,8640000000,0.035784,LOW
run_850bbd6e,internal,tbound_dbpedia,2026-02-18T18:05:39.981281+00:00,nlp,dbpedia,transformer,14,15749,0.35,n_d_lr_grid,32000,3e-05,128,0.0001,adam,10000,0.3,0.342479,9940,56.96,0.003956,8640000000,0.042479,LOW
run_02ccc1cd,internal,tbound_dbpedia,2026-02-18T18:25:39.981281+00:00,nlp,dbpedia,transformer,14,15749,0.35,n_d_lr_grid,128000,0.01,128,0.0001,adam,10000,0.3,0.371543,8540,64.71,0.004493,34560000000,0.071543,MEDIUM
run_21b54016,internal,tbound_dbpedia,2026-02-18T18:45:39.981281+00:00,nlp,dbpedia,transformer,14,15749,0.35,n_d_lr_grid,128000,0.003,128,0.0001,adam,10000,0.402456,0.456559,9949,120.03,0.008335,34560000000,0.054103,MEDIUM
run_f979c49b,internal,tbound_dbpedia,2026-02-18T19:05:39.981281+00:00,nlp,dbpedia,transformer,14,15749,0.35,n_d_lr_grid,128000,0.001,128,0.0001,adam,10000,0.663481,0.70351,7454,60.9,0.004229,34560000000,0.040029,LOW
run_580b3feb,internal,tbound_dbpedia,2026-02-18T19:25:39.981281+00:00,nlp,dbpedia,transformer,14,15749,0.35,n_d_lr_grid,128000,0.0003,128,0.0001,adam,10000,0.3,0.379731,9378,117.09,0.008131,34560000000,0.079731,MEDIUM
run_f8ae4241,internal,tbound_dbpedia,2026-02-18T19:45:39.981281+00:00,nlp,dbpedia,transformer,14,15749,0.35,n_d_lr_grid,128000,0.0001,128,0.0001,adam,10000,0.3,0.36689,8573,106.42,0.00739,34560000000,0.06689,MEDIUM
run_9e93f99f,internal,tbound_dbpedia,2026-02-18T20:05:39.981281+00:00,nlp,dbpedia,transformer,14,15749,0.35,n_d_lr_grid,128000,3e-05,128,0.0001,adam,10000,0.3,0.316644,7298,132.7,0.009215,34560000000,0.016644,LOW
run_0f35125b,internal,tbound_dbpedia,2026-02-18T20:25:39.981281+00:00,nlp,dbpedia,transformer,14,15749,0.35,n_d_lr_grid,260000,0.01,128,0.0001,adam,10000,0.3,0.37535,9620,128.12,0.008897,70200000000,0.07535,MEDIUM
run_b6fce9bd,internal,tbound_dbpedia,2026-02-18T20:45:39.981281+00:00,nlp,dbpedia,transformer,14,15749,0.35,n_d_lr_grid,260000,0.003,128,0.0001,adam,10000,0.345736,0.415798,8698,145.79,0.010124,70200000000,0.070062,MEDIUM
run_f3ed4587,internal,tbound_dbpedia,2026-02-18T21:05:39.981281+00:00,nlp,dbpedia,transformer,14,15749,0.35,n_d_lr_grid,260000,0.001,128,0.0001,adam,10000,0.690842,0.740823,9828,83.36,0.005789,70200000000,0.049981,LOW
run_fc40dc3f,internal,tbound_dbpedia,2026-02-18T21:25:39.981281+00:00,nlp,dbpedia,transformer,14,15749,0.35,n_d_lr_grid,260000,0.0003,128,0.0001,adam,10000,0.3,0.319106,9964,58.02,0.004029,70200000000,0.019106,LOW
run_9d8d7131,internal,tbound_dbpedia,2026-02-18T21:45:39.981281+00:00,nlp,dbpedia,transformer,14,15749,0.35,n_d_lr_grid,260000,0.0001,128,0.0001,adam,10000,0.3,0.364862,9046,106.96,0.007428,70200000000,0.064862,MEDIUM
run_59213901,internal,tbound_dbpedia,2026-02-18T22:05:39.981281+00:00,nlp,dbpedia,transformer,14,15749,0.35,n_d_lr_grid,260000,3e-05,128,0.0001,adam,10000,0.3,0.315616,9645,84.1,0.00584,70200000000,0.015616,LOW
run_7b72f7a7,internal,tbound_dbpedia,2026-02-18T22:25:39.981281+00:00,nlp,dbpedia,transformer,14,15749,0.35,n_d_lr_grid,780000,0.01,128,0.0001,adam,10000,0.3,0.311007,7113,176.79,0.012277,210600000000,0.011007,LOW
run_3acfdfbc,internal,tbound_dbpedia,2026-02-18T22:45:39.981281+00:00,nlp,dbpedia,transformer,14,15749,0.35,n_d_lr_grid,780000,0.003,128,0.0001,adam,10000,0.3,0.359431,9254,135.81,0.009431,210600000000,0.059431,MEDIUM
run_27aba269,internal,tbound_dbpedia,2026-02-18T23:05:39.981281+00:00,nlp,dbpedia,transformer,14,15749,0.35,n_d_lr_grid,780000,0.001,128,0.0001,adam,10000,0.677382,0.723196,7514,108.48,0.007533,210600000000,0.045815,LOW
run_7f51022e,internal,tbound_dbpedia,2026-02-18T23:25:39.981281+00:00,nlp,dbpedia,transformer,14,15749,0.35,n_d_lr_grid,780000,0.0003,128,0.0001,adam,10000,0.366761,0.420484,9185,185.8,0.012903,210600000000,0.053723,MEDIUM
run_eb0528cc,internal,tbound_dbpedia,2026-02-18T23:45:39.981281+00:00,nlp,dbpedia,transformer,14,15749,0.35,n_d_lr_grid,780000,0.0001,128,0.0001,adam,10000,0.3,0.337342,8564,114.24,0.007933,210600000000,0.037342,LOW
run_c672b5b1,internal,tbound_dbpedia,2026-02-19T00:05:39.981281+00:00,nlp,dbpedia,transformer,14,15749,0.35,n_d_lr_grid,780000,3e-05,128,0.0001,adam,10000,0.3,0.362971,9121,147.81,0.010264,210600000000,0.062971,MEDIUM
run_dc349e87,internal,tbound_dbpedia,2026-02-19T00:25:39.981281+00:00,nlp,dbpedia,transformer,14,15749,0.35,n_d_lr_grid,2050000,0.01,128,0.0001,adam,10000,0.3,0.31969,9258,287.1,0.019937,553500000000,0.01969,LOW
run_a82c3b68,internal,tbound_dbpedia,2026-02-19T00:45:39.981281+00:00,nlp,dbpedia,transformer,14,15749,0.35,n_d_lr_grid,2050000,0.003,128,0.0001,adam,10000,0.3,0.370789,7993,269.12,0.018689,553500000000,0.070789,MEDIUM
run_14f1f299,internal,tbound_dbpedia,2026-02-19T01:05:39.981281+00:00,nlp,dbpedia,transformer,14,15749,0.35,n_d_lr_grid,2050000,0.001,128,0.0001,adam,10000,0.668147,0.70208,8338,282.49,0.019617,553500000000,0.033933,LOW
run_96f0884f,internal,tbound_dbpedia,2026-02-19T01:25:39.981281+00:00,nlp,dbpedia,transformer,14,15749,0.35,n_d_lr_grid,2050000,0.0003,128,0.0001,adam,10000,0.483173,0.526023,8585,274.88,0.019089,553500000000,0.04285,LOW
run_d5f1f498,internal,tbound_dbpedia,2026-02-19T01:45:39.981281+00:00,nlp,dbpedia,transformer,14,15749,0.35,n_d_lr_grid,2050000,0.0001,128,0.0001,adam,10000,0.3,0.355466,8944,307.4,0.021347,553500000000,0.055466,MEDIUM
run_f58dc022,internal,tbound_dbpedia,2026-02-19T02:05:39.981281+00:00,nlp,dbpedia,transformer,14,15749,0.35,n_d_lr_grid,2050000,3e-05,128,0.0001,adam,10000,0.3,0.34528,9236,320.43,0.022252,553500000000,0.04528,LOW
run_641bd2d8,internal,tbound_dbpedia,2026-02-19T02:25:39.981281+00:00,nlp,dbpedia,transformer,14,22500,0.5,n_d_lr_grid,8000,0.01,128,0.0001,adam,10000,0.3,0.357235,8745,91.78,0.006373,2160000000,0.057235,MEDIUM
run_871902ec,internal,tbound_dbpedia,2026-02-19T02:45:39.981281+00:00,nlp,dbpedia,transformer,14,22500,0.5,n_d_lr_grid,8000,0.003,128,0.0001,adam,10000,0.606649,0.624353,7939,114.05,0.00792,2160000000,0.017704,LOW
run_783ec7c6,internal,tbound_dbpedia,2026-02-19T03:05:39.981281+00:00,nlp,dbpedia,transformer,14,22500,0.5,n_d_lr_grid,8000,0.001,128,0.0001,adam,10000,0.538705,0.58373,9904,92.98,0.006457,2160000000,0.045025,LOW
run_923e0a23,internal,tbound_dbpedia,2026-02-19T03:25:39.981281+00:00,nlp,dbpedia,transformer,14,22500,0.5,n_d_lr_grid,8000,0.0003,128,0.0001,adam,10000,0.3,0.355405,8874,55.58,0.003859,2160000000,0.055405,MEDIUM
run_9c649ecc,internal,tbound_dbpedia,2026-02-19T03:45:39.981281+00:00,nlp,dbpedia,transformer,14,22500,0.5,n_d_lr_grid,8000,0.0001,128,0.0001,adam,10000,0.3,0.362346,9240,103.72,0.007203,2160000000,0.062346,MEDIUM
run_71a8979c,internal,tbound_dbpedia,2026-02-19T04:05:39.981281+00:00,nlp,dbpedia,transformer,14,22500,0.5,n_d_lr_grid,8000,3e-05,128,0.0001,adam,10000,0.3,0.322555,8749,94.26,0.006546,2160000000,0.022555,LOW
run_06bba380,internal,tbound_dbpedia,2026-02-19T04:25:39.981281+00:00,nlp,dbpedia,transformer,14,22500,0.5,n_d_lr_grid,32000,0.01,128,0.0001,adam,10000,0.3,0.350581,9477,73.96,0.005136,8640000000,0.050581,MEDIUM
run_e7b57801,internal,tbound_dbpedia,2026-02-19T04:45:39.981281+00:00,nlp,dbpedia,transformer,14,22500,0.5,n_d_lr_grid,32000,0.003,128,0.0001,adam,10000,0.551991,0.573872,8135,34.92,0.002425,8640000000,0.021881,LOW
run_5104e57a,internal,tbound_dbpedia,2026-02-19T05:05:39.981281+00:00,nlp,dbpedia,transformer,14,22500,0.5,n_d_lr_grid,32000,0.001,128,0.0001,adam,10000,0.648532,0.660279,7206,48.63,0.003377,8640000000,0.011748,LOW
run_4448c58e,internal,tbound_dbpedia,2026-02-19T05:25:39.981281+00:00,nlp,dbpedia,transformer,14,22500,0.5,n_d_lr_grid,32000,0.0003,128,0.0001,adam,10000,0.3,0.368671,9213,105.45,0.007323,8640000000,0.068671,MEDIUM
run_da537e35,internal,tbound_dbpedia,2026-02-19T05:45:39.981281+00:00,nlp,dbpedia,transformer,14,22500,0.5,n_d_lr_grid,32000,0.0001,128,0.0001,adam,10000,0.3,0.347515,8117,77.16,0.005359,8640000000,0.047515,LOW
run_59f6cff5,internal,tbound_dbpedia,2026-02-19T06:05:39.981281+00:00,nlp,dbpedia,transformer,14,22500,0.5,n_d_lr_grid,32000,3e-05,128,0.0001,adam,10000,0.3,0.371713,7944,85.8,0.005959,8640000000,0.071713,MEDIUM
run_720b807c,internal,tbound_dbpedia,2026-02-19T06:25:39.981281+00:00,nlp,dbpedia,transformer,14,22500,0.5,n_d_lr_grid,128000,0.01,128,0.0001,adam,10000,0.3,0.329391,8610,125.72,0.00873,34560000000,0.029391,LOW
run_6104881d,internal,tbound_dbpedia,2026-02-19T06:45:39.981281+00:00,nlp,dbpedia,transformer,14,22500,0.5,n_d_lr_grid,128000,0.003,128,0.0001,adam,10000,0.464994,0.516493,9707,74.74,0.005191,34560000000,0.051499,MEDIUM
run_06a84d47,internal,tbound_dbpedia,2026-02-19T07:05:39.981281+00:00,nlp,dbpedia,transformer,14,22500,0.5,n_d_lr_grid,128000,0.001,128,0.0001,adam,10000,0.726018,0.73824,7925,80.9,0.005618,34560000000,0.012222,LOW
run_b0496cbd,internal,tbound_dbpedia,2026-02-19T07:25:39.981281+00:00,nlp,dbpedia,transformer,14,22500,0.5,n_d_lr_grid,128000,0.0003,128,0.0001,adam,10000,0.3,0.374097,9486,98.27,0.006824,34560000000,0.074097,MEDIUM
run_2dbd94fb,internal,tbound_dbpedia,2026-02-19T07:45:39.981281+00:00,nlp,dbpedia,transformer,14,22500,0.5,n_d_lr_grid,128000,0.0001,128,0.0001,adam,10000,0.3,0.371804,9566,102.11,0.007091,34560000000,0.071804,MEDIUM
run_8dde7eef,internal,tbound_dbpedia,2026-02-19T08:05:39.981281+00:00,nlp,dbpedia,transformer,14,22500,0.5,n_d_lr_grid,128000,3e-05,128,0.0001,adam,10000,0.3,0.34511,7951,130.66,0.009073,34560000000,0.04511,LOW
run_ffa9fb28,internal,tbound_dbpedia,2026-02-19T08:25:39.981281+00:00,nlp,dbpedia,transformer,14,22500,0.5,n_d_lr_grid,260000,0.01,128,0.0001,adam,10000,0.3,0.323766,9135,122.37,0.008498,70200000000,0.023766,LOW
run_0f18cf75,internal,tbound_dbpedia,2026-02-19T08:45:39.981281+00:00,nlp,dbpedia,transformer,14,22500,0.5,n_d_lr_grid,260000,0.003,128,0.0001,adam,10000,0.410186,0.482107,7178,67.27,0.004672,70200000000,0.071921,MEDIUM
run_dda614ab,internal,tbound_dbpedia,2026-02-19T09:05:39.981281+00:00,nlp,dbpedia,transformer,14,22500,0.5,n_d_lr_grid,260000,0.001,128,0.0001,adam,10000,0.755292,0.767394,8774,136.76,0.009497,70200000000,0.012102,LOW
run_bbb5b13c,internal,tbound_dbpedia,2026-02-19T09:25:39.981281+00:00,nlp,dbpedia,transformer,14,22500,0.5,n_d_lr_grid,260000,0.0003,128,0.0001,adam,10000,0.301819,0.354032,8230,111.71,0.007758,70200000000,0.052213,MEDIUM
run_85bf9a22,internal,tbound_dbpedia,2026-02-19T09:45:39.981281+00:00,nlp,dbpedia,transformer,14,22500,0.5,n_d_lr_grid,260000,0.0001,128,0.0001,adam,10000,0.3,0.369317,9323,61.62,0.004279,70200000000,0.069317,MEDIUM
run_69df65f9,internal,tbound_dbpedia,2026-02-19T10:05:39.981281+00:00,nlp,dbpedia,transformer,14,22500,0.5,n_d_lr_grid,260000,3e-05,128,0.0001,adam,10000,0.3,0.334325,7944,95.19,0.00661,70200000000,0.034325,LOW
run_6bcb8c26,internal,tbound_dbpedia,2026-02-19T10:25:39.981281+00:00,nlp,dbpedia,transformer,14,22500,0.5,n_d_lr_grid,780000,0.01,128,0.0001,adam,10000,0.3,0.356852,7924,188.27,0.013074,210600000000,0.056852,MEDIUM
run_ea6a0d55,internal,tbound_dbpedia,2026-02-19T10:45:39.981281+00:00,nlp,dbpedia,transformer,14,22500,0.5,n_d_lr_grid,780000,0.003,128,0.0001,adam,10000,0.3,0.315957,8969,142.7,0.00991,210600000000,0.015957,LOW
run_bdef941e,internal,tbound_dbpedia,2026-02-19T11:05:39.981281+00:00,nlp,dbpedia,transformer,14,22500,0.5,n_d_lr_grid,780000,0.001,128,0.0001,adam,10000,0.741386,0.780521,7762,123.13,0.008551,210600000000,0.039135,LOW
run_69def131,internal,tbound_dbpedia,2026-02-19T11:25:39.981281+00:00,nlp,dbpedia,transformer,14,22500,0.5,n_d_lr_grid,780000,0.0003,128,0.0001,adam,10000,0.430765,0.473602,7905,132.17,0.009179,210600000000,0.042838,LOW
run_1ed143ac,internal,tbound_dbpedia,2026-02-19T11:45:39.981281+00:00,nlp,dbpedia,transformer,14,22500,0.5,n_d_lr_grid,780000,0.0001,128,0.0001,adam,10000,0.3,0.315237,9040,147.46,0.01024,210600000000,0.015237,LOW
run_0568ff4e,internal,tbound_dbpedia,2026-02-19T12:05:39.981281+00:00,nlp,dbpedia,transformer,14,22500,0.5,n_d_lr_grid,780000,3e-05,128,0.0001,adam,10000,0.3,0.377743,9103,147.58,0.010248,210600000000,0.077743,MEDIUM
run_cc1ee007,internal,tbound_dbpedia,2026-02-19T12:25:39.981281+00:00,nlp,dbpedia,transformer,14,22500,0.5,n_d_lr_grid,2050000,0.01,128,0.0001,adam,10000,0.3,0.32089,7191,253.65,0.017615,553500000000,0.02089,LOW
run_6cbb9643,internal,tbound_dbpedia,2026-02-19T12:45:39.981281+00:00,nlp,dbpedia,transformer,14,22500,0.5,n_d_lr_grid,2050000,0.003,128,0.0001,adam,10000,0.3,0.330957,8083,255.93,0.017773,553500000000,0.030957,LOW
run_d0788fd1,internal,tbound_dbpedia,2026-02-19T13:05:39.981281+00:00,nlp,dbpedia,transformer,14,22500,0.5,n_d_lr_grid,2050000,0.001,128,0.0001,adam,10000,0.73381,0.801673,7636,267.9,0.018604,553500000000,0.067863,MEDIUM
run_e233ef15,internal,tbound_dbpedia,2026-02-19T13:25:39.981281+00:00,nlp,dbpedia,transformer,14,22500,0.5,n_d_lr_grid,2050000,0.0003,128,0.0001,adam,10000,0.548836,0.58001,8361,322.78,0.022416,553500000000,0.031174,LOW
run_2a963d00,internal,tbound_dbpedia,2026-02-19T13:45:39.981281+00:00,nlp,dbpedia,transformer,14,22500,0.5,n_d_lr_grid,2050000,0.0001,128,0.0001,adam,10000,0.3,0.333985,9837,312.82,0.021724,553500000000,0.033985,LOW
run_1c47d721,internal,tbound_dbpedia,2026-02-19T14:05:39.981281+00:00,nlp,dbpedia,transformer,14,22500,0.5,n_d_lr_grid,2050000,3e-05,128,0.0001,adam,10000,0.3,0.343918,9011,262.22,0.01821,553500000000,0.043918,LOW
run_7ea5b023,internal,tbound_dbpedia,2026-02-19T14:25:39.981281+00:00,nlp,dbpedia,transformer,14,33750,0.75,n_d_lr_grid,8000,0.01,128,0.0001,adam,10000,0.3,0.353205,9239,44.84,0.003114,2160000000,0.053205,MEDIUM
run_3fc6f971,internal,tbound_dbpedia,2026-02-19T14:45:39.981281+00:00,nlp,dbpedia,transformer,14,33750,0.75,n_d_lr_grid,8000,0.003,128,0.0001,adam,10000,0.67774,0.728389,9285,76.3,0.005298,2160000000,0.050649,MEDIUM
run_b1250f1d,internal,tbound_dbpedia,2026-02-19T15:05:39.981281+00:00,nlp,dbpedia,transformer,14,33750,0.75,n_d_lr_grid,8000,0.001,128,0.0001,adam,10000,0.609796,0.641615,8851,31.08,0.002159,2160000000,0.031818,LOW
run_f1ccf8e8,internal,tbound_dbpedia,2026-02-19T15:25:39.981281+00:00,nlp,dbpedia,transformer,14,33750,0.75,n_d_lr_grid,8000,0.0003,128,0.0001,adam,10000,0.3,0.344148,9782,38.2,0.002653,2160000000,0.044148,LOW
run_994234f1,internal,tbound_dbpedia,2026-02-19T15:45:39.981281+00:00,nlp,dbpedia,transformer,14,33750,0.75,n_d_lr_grid,8000,0.0001,128,0.0001,adam,10000,0.3,0.331452,9153,104.81,0.007279,2160000000,0.031452,LOW
run_c4c98fb0,internal,tbound_dbpedia,2026-02-19T16:05:39.981281+00:00,nlp,dbpedia,transformer,14,33750,0.75,n_d_lr_grid,8000,3e-05,128,0.0001,adam,10000,0.3,0.329734,9837,63.54,0.004413,2160000000,0.029734,LOW
run_7e4d2c42,internal,tbound_dbpedia,2026-02-19T16:25:39.981281+00:00,nlp,dbpedia,transformer,14,33750,0.75,n_d_lr_grid,32000,0.01,128,0.0001,adam,10000,0.3,0.36075,7971,84.89,0.005895,8640000000,0.06075,MEDIUM
run_76df27d9,internal,tbound_dbpedia,2026-02-19T16:45:39.981281+00:00,nlp,dbpedia,transformer,14,33750,0.75,n_d_lr_grid,32000,0.003,128,0.0001,adam,10000,0.626372,0.690765,8294,110.8,0.007694,8640000000,0.064393,MEDIUM
run_ccde9e29,internal,tbound_dbpedia,2026-02-19T17:05:39.981281+00:00,nlp,dbpedia,transformer,14,33750,0.75,n_d_lr_grid,32000,0.001,128,0.0001,adam,10000,0.722912,0.736059,9896,44.57,0.003095,8640000000,0.013147,LOW
run_ee2dabf7,internal,tbound_dbpedia,2026-02-19T17:25:39.981281+00:00,nlp,dbpedia,transformer,14,33750,0.75,n_d_lr_grid,32000,0.0003,128,0.0001,adam,10000,0.3,0.363561,8105,117.84,0.008183,8640000000,0.063561,MEDIUM
run_6cd98dea,internal,tbound_dbpedia,2026-02-19T17:45:39.981281+00:00,nlp,dbpedia,transformer,14,33750,0.75,n_d_lr_grid,32000,0.0001,128,0.0001,adam,10000,0.3,0.342961,8234,92.24,0.006406,8640000000,0.042961,LOW
run_1cb78400,internal,tbound_dbpedia,2026-02-19T18:05:39.981281+00:00,nlp,dbpedia,transformer,14,33750,0.75,n_d_lr_grid,32000,3e-05,128,0.0001,adam,10000,0.3,0.356066,7047,43.73,0.003037,8640000000,0.056066,MEDIUM
run_d7447015,internal,tbound_dbpedia,2026-02-19T18:25:39.981281+00:00,nlp,dbpedia,transformer,14,33750,0.75,n_d_lr_grid,128000,0.01,128,0.0001,adam,10000,0.3,0.338476,7186,72.34,0.005024,34560000000,0.038476,LOW
run_47712efb,internal,tbound_dbpedia,2026-02-19T18:45:39.981281+00:00,nlp,dbpedia,transformer,14,33750,0.75,n_d_lr_grid,128000,0.003,128,0.0001,adam,10000,0.543199,0.60657,8932,54.14,0.00376,34560000000,0.063371,MEDIUM
run_5f4955c6,internal,tbound_dbpedia,2026-02-19T19:05:39.981281+00:00,nlp,dbpedia,transformer,14,33750,0.75,n_d_lr_grid,128000,0.001,128,0.0001,adam,10000,0.804223,0.876515,8413,116.41,0.008084,34560000000,0.072292,MEDIUM
run_f7eadf39,internal,tbound_dbpedia,2026-02-19T19:25:39.981281+00:00,nlp,dbpedia,transformer,14,33750,0.75,n_d_lr_grid,128000,0.0003,128,0.0001,adam,10000,0.3,0.349741,8881,94.94,0.006593,34560000000,0.049741,LOW
run_bc45798f,internal,tbound_dbpedia,2026-02-19T19:45:39.981281+00:00,nlp,dbpedia,transformer,14,33750,0.75,n_d_lr_grid,128000,0.0001,128,0.0001,adam,10000,0.3,0.370872,9043,79.05,0.00549,34560000000,0.070872,MEDIUM
run_b8bf27ac,internal,tbound_dbpedia,2026-02-19T20:05:39.981281+00:00,nlp,dbpedia,transformer,14,33750,0.75,n_d_lr_grid,128000,3e-05,128,0.0001,adam,10000,0.3,0.348686,8695,76.3,0.005298,34560000000,0.048686,LOW
run_d24d8981,internal,tbound_dbpedia,2026-02-19T20:25:39.981281+00:00,nlp,dbpedia,transformer,14,33750,0.75,n_d_lr_grid,260000,0.01,128,0.0001,adam,10000,0.3,0.329559,9167,67.85,0.004712,70200000000,0.029559,LOW
run_6b716726,internal,tbound_dbpedia,2026-02-19T20:45:39.981281+00:00,nlp,dbpedia,transformer,14,33750,0.75,n_d_lr_grid,260000,0.003,128,0.0001,adam,10000,0.490783,0.513752,8666,81.08,0.00563,70200000000,0.022969,LOW
run_006c84dd,internal,tbound_dbpedia,2026-02-19T21:05:39.981281+00:00,nlp,dbpedia,transformer,14,33750,0.75,n_d_lr_grid,260000,0.001,128,0.0001,adam,10000,0.835889,0.858688,7405,130.31,0.00905,70200000000,0.022799,LOW
run_a75600bd,internal,tbound_dbpedia,2026-02-19T21:25:39.981281+00:00,nlp,dbpedia,transformer,14,33750,0.75,n_d_lr_grid,260000,0.0003,128,0.0001,adam,10000,0.382417,0.434686,9294,107.9,0.007493,70200000000,0.05227,MEDIUM
run_9fa68cd3,internal,tbound_dbpedia,2026-02-19T21:45:39.981281+00:00,nlp,dbpedia,transformer,14,33750,0.75,n_d_lr_grid,260000,0.0001,128,0.0001,adam,10000,0.3,0.349988,8229,68.87,0.004783,70200000000,0.049988,LOW
run_cf421724,internal,tbound_dbpedia,2026-02-19T22:05:39.981281+00:00,nlp,dbpedia,transformer,14,33750,0.75,n_d_lr_grid,260000,3e-05,128,0.0001,adam,10000,0.3,0.327696,8791,140.5,0.009757,70200000000,0.027696,LOW
run_3ef69dd6,internal,tbound_dbpedia,2026-02-19T22:25:39.981281+00:00,nlp,dbpedia,transformer,14,33750,0.75,n_d_lr_grid,780000,0.01,128,0.0001,adam,10000,0.3,0.316091,8822,158.11,0.01098,210600000000,0.016091,LOW
run_ce815586,internal,tbound_dbpedia,2026-02-19T22:45:39.981281+00:00,nlp,dbpedia,transformer,14,33750,0.75,n_d_lr_grid,780000,0.003,128,0.0001,adam,10000,0.345968,0.396094,7307,138.39,0.00961,210600000000,0.050126,MEDIUM
run_1852a343,internal,tbound_dbpedia,2026-02-19T23:05:39.981281+00:00,nlp,dbpedia,transformer,14,33750,0.75,n_d_lr_grid,780000,0.001,128,0.0001,adam,10000,0.821425,0.878518,7765,127.85,0.008878,210600000000,0.057094,MEDIUM
run_dae2ce43,internal,tbound_dbpedia,2026-02-19T23:25:39.981281+00:00,nlp,dbpedia,transformer,14,33750,0.75,n_d_lr_grid,780000,0.0003,128,0.0001,adam,10000,0.510804,0.557209,7382,154.98,0.010762,210600000000,0.046405,LOW
run_00624bf8,internal,tbound_dbpedia,2026-02-19T23:45:39.981281+00:00,nlp,dbpedia,transformer,14,33750,0.75,n_d_lr_grid,780000,0.0001,128,0.0001,adam,10000,0.3,0.328427,9686,108.06,0.007504,210600000000,0.028427,LOW
run_c7d9f18e,internal,tbound_dbpedia,2026-02-20T00:05:39.981281+00:00,nlp,dbpedia,transformer,14,33750,0.75,n_d_lr_grid,780000,3e-05,128,0.0001,adam,10000,0.3,0.35202,9547,112.82,0.007834,210600000000,0.05202,MEDIUM
run_cd144f28,internal,tbound_dbpedia,2026-02-20T00:25:39.981281+00:00,nlp,dbpedia,transformer,14,33750,0.75,n_d_lr_grid,2050000,0.01,128,0.0001,adam,10000,0.3,0.362519,7480,248.68,0.01727,553500000000,0.062519,MEDIUM
run_bad78681,internal,tbound_dbpedia,2026-02-20T00:45:39.981281+00:00,nlp,dbpedia,transformer,14,33750,0.75,n_d_lr_grid,2050000,0.003,128,0.0001,adam,10000,0.3,0.348804,8351,252.96,0.017566,553500000000,0.048804,LOW
run_a9a64657,internal,tbound_dbpedia,2026-02-20T01:05:39.981281+00:00,nlp,dbpedia,transformer,14,33750,0.75,n_d_lr_grid,2050000,0.001,128,0.0001,adam,10000,0.815924,0.890375,7327,238.61,0.01657,553500000000,0.074452,MEDIUM
run_6d4a99e3,internal,tbound_dbpedia,2026-02-20T01:25:39.981281+00:00,nlp,dbpedia,transformer,14,33750,0.75,n_d_lr_grid,2050000,0.0003,128,0.0001,adam,10000,0.63095,0.655478,9746,256.43,0.017808,553500000000,0.024528,LOW
run_652132a1,internal,tbound_dbpedia,2026-02-20T01:45:39.981281+00:00,nlp,dbpedia,transformer,14,33750,0.75,n_d_lr_grid,2050000,0.0001,128,0.0001,adam,10000,0.3,0.351296,7155,235.58,0.01636,553500000000,0.051296,MEDIUM
run_6dbda951,internal,tbound_dbpedia,2026-02-20T02:05:39.981281+00:00,nlp,dbpedia,transformer,14,33750,0.75,n_d_lr_grid,2050000,3e-05,128,0.0001,adam,10000,0.3,0.36324,9805,248.9,0.017285,553500000000,0.06324,MEDIUM
run_6752f15e,internal,tbound_dbpedia,2026-02-20T02:25:39.981281+00:00,nlp,dbpedia,transformer,14,45000,1.0,n_d_lr_grid,8000,0.01,128,0.0001,adam,10000,0.3,0.340099,7870,84.52,0.00587,2160000000,0.040099,LOW
run_c482b140,internal,tbound_dbpedia,2026-02-20T02:45:39.981281+00:00,nlp,dbpedia,transformer,14,45000,1.0,n_d_lr_grid,8000,0.003,128,0.0001,adam,10000,0.732734,0.808196,9285,64.62,0.004488,2160000000,0.075462,MEDIUM
run_487f980f,internal,tbound_dbpedia,2026-02-20T03:05:39.981281+00:00,nlp,dbpedia,transformer,14,45000,1.0,n_d_lr_grid,8000,0.001,128,0.0001,adam,10000,0.66479,0.732719,9004,46.16,0.003206,2160000000,0.067929,MEDIUM
run_ec34d508,internal,tbound_dbpedia,2026-02-20T03:25:39.981281+00:00,nlp,dbpedia,transformer,14,45000,1.0,n_d_lr_grid,8000,0.0003,128,0.0001,adam,10000,0.3,0.363403,9896,34.89,0.002423,2160000000,0.063403,MEDIUM
run_7b6c6f6d,internal,tbound_dbpedia,2026-02-20T03:45:39.981281+00:00,nlp,dbpedia,transformer,14,45000,1.0,n_d_lr_grid,8000,0.0001,128,0.0001,adam,10000,0.3,0.345741,8224,86.16,0.005983,2160000000,0.045741,LOW
run_7b669800,internal,tbound_dbpedia,2026-02-20T04:05:39.981281+00:00,nlp,dbpedia,transformer,14,45000,1.0,n_d_lr_grid,8000,3e-05,128,0.0001,adam,10000,0.3,0.342783,7564,100.42,0.006974,2160000000,0.042783,LOW
run_f75e73ba,internal,tbound_dbpedia,2026-02-20T04:25:39.981281+00:00,nlp,dbpedia,transformer,14,45000,1.0,n_d_lr_grid,32000,0.01,128,0.0001,adam,10000,0.3,0.313517,7416,36.34,0.002524,8640000000,0.013517,LOW
run_e24f52a2,internal,tbound_dbpedia,2026-02-20T04:45:39.981281+00:00,nlp,dbpedia,transformer,14,45000,1.0,n_d_lr_grid,32000,0.003,128,0.0001,adam,10000,0.68391,0.753619,8390,116.75,0.008108,8640000000,0.069709,MEDIUM
run_0877d68d,internal,tbound_dbpedia,2026-02-20T05:05:39.981281+00:00,nlp,dbpedia,transformer,14,45000,1.0,n_d_lr_grid,32000,0.001,128,0.0001,adam,10000,0.78045,0.801698,8121,35.45,0.002462,8640000000,0.021248,LOW
run_bc014001,internal,tbound_dbpedia,2026-02-20T05:25:39.981281+00:00,nlp,dbpedia,transformer,14,45000,1.0,n_d_lr_grid,32000,0.0003,128,0.0001,adam,10000,0.3,0.325085,9187,63.44,0.004406,8640000000,0.025085,LOW
run_81bf04a3,internal,tbound_dbpedia,2026-02-20T05:45:39.981281+00:00,nlp,dbpedia,transformer,14,45000,1.0,n_d_lr_grid,32000,0.0001,128,0.0001,adam,10000,0.3,0.360722,7952,43.24,0.003003,8640000000,0.060722,MEDIUM
run_a427df28,internal,tbound_dbpedia,2026-02-20T06:05:39.981281+00:00,nlp,dbpedia,transformer,14,45000,1.0,n_d_lr_grid,32000,3e-05,128,0.0001,adam,10000,0.3,0.32324,8291,116.21,0.00807,8640000000,0.02324,LOW
run_61cd1a92,internal,tbound_dbpedia,2026-02-20T06:25:39.981281+00:00,nlp,dbpedia,transformer,14,45000,1.0,n_d_lr_grid,128000,0.01,128,0.0001,adam,10000,0.3,0.336583,7882,114.93,0.007981,34560000000,0.036583,LOW
run_df162f62,internal,tbound_dbpedia,2026-02-20T06:45:39.981281+00:00,nlp,dbpedia,transformer,14,45000,1.0,n_d_lr_grid,128000,0.003,128,0.0001,adam,10000,0.603696,0.66625,9320,54.09,0.003757,34560000000,0.062554,MEDIUM
run_7477cc0a,internal,tbound_dbpedia,2026-02-20T07:05:39.981281+00:00,nlp,dbpedia,transformer,14,45000,1.0,n_d_lr_grid,128000,0.001,128,0.0001,adam,10000,0.86472,0.889475,8748,92.88,0.00645,34560000000,0.024755,LOW
run_50c08044,internal,tbound_dbpedia,2026-02-20T07:25:39.981281+00:00,nlp,dbpedia,transformer,14,45000,1.0,n_d_lr_grid,128000,0.0003,128,0.0001,adam,10000,0.319102,0.368707,7389,126.42,0.008779,34560000000,0.049605,LOW
run_08ea848f,internal,tbound_dbpedia,2026-02-20T07:45:39.981281+00:00,nlp,dbpedia,transformer,14,45000,1.0,n_d_lr_grid,128000,0.0001,128,0.0001,adam,10000,0.3,0.335612,7492,71.42,0.00496,34560000000,0.035612,LOW
run_0fcc4bd9,internal,tbound_dbpedia,2026-02-20T08:05:39.981281+00:00,nlp,dbpedia,transformer,14,45000,1.0,n_d_lr_grid,128000,3e-05,128,0.0001,adam,10000,0.3,0.36788,8256,90.03,0.006252,34560000000,0.06788,MEDIUM
run_bf1daabf,internal,tbound_dbpedia,2026-02-20T08:25:39.981281+00:00,nlp,dbpedia,transformer,14,45000,1.0,n_d_lr_grid,260000,0.01,128,0.0001,adam,10000,0.3,0.329796,9903,93.67,0.006505,70200000000,0.029796,LOW
run_b053afaf,internal,tbound_dbpedia,2026-02-20T08:45:39.981281+00:00,nlp,dbpedia,transformer,14,45000,1.0,n_d_lr_grid,260000,0.003,128,0.0001,adam,10000,0.55313,0.565238,8086,142.53,0.009898,70200000000,0.012107,LOW
run_69d32799,internal,tbound_dbpedia,2026-02-20T09:05:39.981281+00:00,nlp,dbpedia,transformer,14,45000,1.0,n_d_lr_grid,260000,0.001,128,0.0001,adam,10000,0.898236,0.911141,9042,113.34,0.007871,70200000000,0.012905,LOW
run_40063585,internal,tbound_dbpedia,2026-02-20T09:25:39.981281+00:00,nlp,dbpedia,transformer,14,45000,1.0,n_d_lr_grid,260000,0.0003,128,0.0001,adam,10000,0.444764,0.497566,8051,117.06,0.00813,70200000000,0.052802,MEDIUM
run_6b5fd827,internal,tbound_dbpedia,2026-02-20T09:45:39.981281+00:00,nlp,dbpedia,transformer,14,45000,1.0,n_d_lr_grid,260000,0.0001,128,0.0001,adam,10000,0.3,0.369368,9224,141.24,0.009809,70200000000,0.069368,MEDIUM
run_10803791,internal,tbound_dbpedia,2026-02-20T10:05:39.981281+00:00,nlp,dbpedia,transformer,14,45000,1.0,n_d_lr_grid,260000,3e-05,128,0.0001,adam,10000,0.3,0.329713,7307,142.7,0.00991,70200000000,0.029713,LOW
run_3bf08809,internal,tbound_dbpedia,2026-02-20T10:25:39.981281+00:00,nlp,dbpedia,transformer,14,45000,1.0,n_d_lr_grid,780000,0.01,128,0.0001,adam,10000,0.3,0.357468,8251,156.87,0.010894,210600000000,0.057468,MEDIUM
run_8a6f0af5,internal,tbound_dbpedia,2026-02-20T10:45:39.981281+00:00,nlp,dbpedia,transformer,14,45000,1.0,n_d_lr_grid,780000,0.003,128,0.0001,adam,10000,0.407884,0.461472,8209,197.11,0.013688,210600000000,0.053588,MEDIUM
run_c202d882,internal,tbound_dbpedia,2026-02-20T11:05:39.981281+00:00,nlp,dbpedia,transformer,14,45000,1.0,n_d_lr_grid,780000,0.001,128,0.0001,adam,10000,0.88334,0.912809,8719,120.8,0.008389,210600000000,0.029469,LOW
run_707a9652,internal,tbound_dbpedia,2026-02-20T11:25:39.981281+00:00,nlp,dbpedia,transformer,14,45000,1.0,n_d_lr_grid,780000,0.0003,128,0.0001,adam,10000,0.572719,0.613715,7209,131.49,0.009132,210600000000,0.040996,LOW
run_c1c26947,internal,tbound_dbpedia,2026-02-20T11:45:39.981281+00:00,nlp,dbpedia,transformer,14,45000,1.0,n_d_lr_grid,780000,0.0001,128,0.0001,adam,10000,0.3,0.379419,9507,156.69,0.010881,210600000000,0.079419,MEDIUM
run_267c571b,internal,tbound_dbpedia,2026-02-20T12:05:39.981281+00:00,nlp,dbpedia,transformer,14,45000,1.0,n_d_lr_grid,780000,3e-05,128,0.0001,adam,10000,0.3,0.323001,9947,141.53,0.009828,210600000000,0.023001,LOW
run_b04b9e94,internal,tbound_dbpedia,2026-02-20T12:25:39.981281+00:00,nlp,dbpedia,transformer,14,45000,1.0,n_d_lr_grid,2050000,0.01,128,0.0001,adam,10000,0.3,0.323894,7366,249.84,0.01735,553500000000,0.023894,LOW
run_bedac903,internal,tbound_dbpedia,2026-02-20T12:45:39.981281+00:00,nlp,dbpedia,transformer,14,45000,1.0,n_d_lr_grid,2050000,0.003,128,0.0001,adam,10000,0.3,0.321395,9519,288.57,0.02004,553500000000,0.021395,LOW
run_3846ad42,internal,tbound_dbpedia,2026-02-20T13:05:39.981281+00:00,nlp,dbpedia,transformer,14,45000,1.0,n_d_lr_grid,2050000,0.001,128,0.0001,adam,10000,0.879444,0.913344,9849,275.39,0.019124,553500000000,0.0339,LOW
run_31ac626d,internal,tbound_dbpedia,2026-02-20T13:25:39.981281+00:00,nlp,dbpedia,transformer,14,45000,1.0,n_d_lr_grid,2050000,0.0003,128,0.0001,adam,10000,0.69447,0.717728,9677,235.45,0.016351,553500000000,0.023258,LOW
run_f5d7f885,internal,tbound_dbpedia,2026-02-20T13:45:39.981281+00:00,nlp,dbpedia,transformer,14,45000,1.0,n_d_lr_grid,2050000,0.0001,128,0.0001,adam,10000,0.3,0.356334,7151,302.61,0.021014,553500000000,0.056334,MEDIUM
run_40b4014a,internal,tbound_dbpedia,2026-02-20T14:05:39.981281+00:00,nlp,dbpedia,transformer,14,45000,1.0,n_d_lr_grid,2050000,3e-05,128,0.0001,adam,10000,0.3,0.367219,9511,303.13,0.021051,553500000000,0.067219,MEDIUM
run_e8ff998d,internal,tbound_dbpedia,2026-02-20T14:25:39.981281+00:00,nlp,dbpedia,transformer,14,11250,0.25,batch_grid,260000,0.001026,32,0.0001,adam,10000,0.835935,0.877303,7104,83.74,0.005816,70200000000,0.041368,LOW
run_aef2ad93,internal,tbound_dbpedia,2026-02-20T14:45:39.981281+00:00,nlp,dbpedia,transformer,14,11250,0.25,batch_grid,260000,0.001026,64,0.0001,adam,10000,0.875935,0.912476,9209,80.67,0.005602,70200000000,0.036541,LOW
run_4839958a,internal,tbound_dbpedia,2026-02-20T15:05:39.981281+00:00,nlp,dbpedia,transformer,14,11250,0.25,batch_grid,260000,0.001026,128,0.0001,adam,10000,0.895935,0.94018,7139,77.41,0.005375,70200000000,0.044245,LOW
run_619a96a2,internal,tbound_dbpedia,2026-02-20T15:25:39.981281+00:00,nlp,dbpedia,transformer,14,11250,0.25,batch_grid,260000,0.001026,256,0.0001,adam,10000,0.895935,0.942302,9230,74.83,0.005197,70200000000,0.046367,LOW
run_3c5b0d46,internal,tbound_dbpedia,2026-02-20T15:45:39.981281+00:00,nlp,dbpedia,transformer,14,11250,0.25,batch_grid,260000,0.001026,512,0.0001,adam,10000,0.875935,0.890217,8601,82.4,0.005722,70200000000,0.014282,LOW
run_3a05925d,internal,tbound_dbpedia,2026-02-20T16:05:39.981281+00:00,nlp,dbpedia,transformer,14,11250,0.25,batch_grid,260000,0.001026,1024,0.0001,adam,10000,0.835935,0.85332,7984,76.53,0.005314,70200000000,0.017385,LOW
run_01b1a4fe,internal,tbound_dbpedia,2026-02-20T16:25:39.981281+00:00,nlp,dbpedia,transformer,14,22500,0.5,batch_grid,260000,0.001026,32,0.0001,adam,10000,0.835935,0.880461,8492,105.35,0.007316,70200000000,0.044525,LOW
run_9e5a79c0,internal,tbound_dbpedia,2026-02-20T16:45:39.981281+00:00,nlp,dbpedia,transformer,14,22500,0.5,batch_grid,260000,0.001026,64,0.0001,adam,10000,0.875935,0.915332,9341,87.89,0.006103,70200000000,0.039397,LOW
run_88febdae,internal,tbound_dbpedia,2026-02-20T17:05:39.981281+00:00,nlp,dbpedia,transformer,14,22500,0.5,batch_grid,260000,0.001026,128,0.0001,adam,10000,0.895935,0.933221,9925,112.99,0.007847,70200000000,0.037286,LOW
run_c4e8f3c1,internal,tbound_dbpedia,2026-02-20T17:25:39.981281+00:00,nlp,dbpedia,transformer,14,22500,0.5,batch_grid,260000,0.001026,256,0.0001,adam,10000,0.895935,0.929778,9836,82.03,0.005697,70200000000,0.033843,LOW
run_8a2c75af,internal,tbound_dbpedia,2026-02-20T17:45:39.981281+00:00,nlp,dbpedia,transformer,14,22500,0.5,batch_grid,260000,0.001026,512,0.0001,adam,10000,0.875935,0.909279,9117,79.41,0.005514,70200000000,0.033344,LOW
run_3064bbaf,internal,tbound_dbpedia,2026-02-20T18:05:39.981281+00:00,nlp,dbpedia,transformer,14,22500,0.5,batch_grid,260000,0.001026,1024,0.0001,adam,10000,0.835935,0.882032,8326,76.64,0.005322,70200000000,0.046097,LOW
run_8ecd9da6,internal,tbound_dbpedia,2026-02-20T18:25:39.981281+00:00,nlp,dbpedia,transformer,14,45000,1.0,batch_grid,260000,0.001026,32,0.0001,adam,10000,0.835935,0.846542,7660,90.89,0.006311,70200000000,0.010607,LOW
run_9595dfa2,internal,tbound_dbpedia,2026-02-20T18:45:39.981281+00:00,nlp,dbpedia,transformer,14,45000,1.0,batch_grid,260000,0.001026,64,0.0001,adam,10000,0.875935,0.918774,8686,90.0,0.00625,70200000000,0.042839,LOW
run_d5cb7a4c,internal,tbound_dbpedia,2026-02-20T19:05:39.981281+00:00,nlp,dbpedia,transformer,14,45000,1.0,batch_grid,260000,0.001026,128,0.0001,adam,10000,0.895935,0.933923,9185,80.65,0.005601,70200000000,0.037988,LOW
run_0def8db5,internal,tbound_dbpedia,2026-02-20T19:25:39.981281+00:00,nlp,dbpedia,transformer,14,45000,1.0,batch_grid,260000,0.001026,256,0.0001,adam,10000,0.895935,0.919007,9550,56.65,0.003934,70200000000,0.023072,LOW
run_2f27629a,internal,tbound_dbpedia,2026-02-20T19:45:39.981281+00:00,nlp,dbpedia,transformer,14,45000,1.0,batch_grid,260000,0.001026,512,0.0001,adam,10000,0.875935,0.896093,8913,102.8,0.007139,70200000000,0.020158,LOW
run_9767bd02,internal,tbound_dbpedia,2026-02-20T20:05:39.981281+00:00,nlp,dbpedia,transformer,14,45000,1.0,batch_grid,260000,0.001026,1024,0.0001,adam,10000,0.835935,0.869009,9103,83.84,0.005822,70200000000,0.033074,LOW
run_4e886256,internal,tbound_covertype,2026-02-20T20:25:39.981281+00:00,tabular,covertype,mlp,7,4500,0.1,n_d_lr_grid,4000,0.01,128,0.0001,adam,10000,0.3,0.350955,8594,50.76,0.003525,1080000000,0.050955,MEDIUM
run_08563c5a,internal,tbound_covertype,2026-02-20T20:45:39.981281+00:00,tabular,covertype,mlp,7,4500,0.1,n_d_lr_grid,4000,0.003,128,0.0001,adam,10000,0.486271,0.537911,8723,96.9,0.006729,1080000000,0.051639,MEDIUM
run_f37601ae,internal,tbound_covertype,2026-02-20T21:05:39.981281+00:00,tabular,covertype,mlp,7,4500,0.1,n_d_lr_grid,4000,0.001,128,0.0001,adam,10000,0.336086,0.389272,9155,108.11,0.007508,1080000000,0.053186,MEDIUM
run_1e354b41,internal,tbound_covertype,2026-02-20T21:25:39.981281+00:00,tabular,covertype,mlp,7,4500,0.1,n_d_lr_grid,4000,0.0003,128,0.0001,adam,10000,0.3,0.317229,7890,45.93,0.003189,1080000000,0.017229,LOW
run_6f8ea128,internal,tbound_covertype,2026-02-20T21:45:39.981281+00:00,tabular,covertype,mlp,7,4500,0.1,n_d_lr_grid,4000,0.0001,128,0.0001,adam,10000,0.3,0.362371,9940,80.91,0.005619,1080000000,0.062371,MEDIUM
run_4434b4fe,internal,tbound_covertype,2026-02-20T22:05:39.981281+00:00,tabular,covertype,mlp,7,4500,0.1,n_d_lr_grid,4000,3e-05,128,0.0001,adam,10000,0.3,0.367312,9504,118.92,0.008258,1080000000,0.067312,MEDIUM
run_95c3e888,internal,tbound_covertype,2026-02-20T22:25:39.981281+00:00,tabular,covertype,mlp,7,4500,0.1,n_d_lr_grid,16000,0.01,128,0.0001,adam,10000,0.3,0.312224,8719,101.98,0.007082,4320000000,0.012224,LOW
run_a9305757,internal,tbound_covertype,2026-02-20T22:45:39.981281+00:00,tabular,covertype,mlp,7,4500,0.1,n_d_lr_grid,16000,0.003,128,0.0001,adam,10000,0.42756,0.461887,8587,36.13,0.002509,4320000000,0.034326,LOW
run_a5985b21,internal,tbound_covertype,2026-02-20T23:05:39.981281+00:00,tabular,covertype,mlp,7,4500,0.1,n_d_lr_grid,16000,0.001,128,0.0001,adam,10000,0.441859,0.453766,7277,78.72,0.005467,4320000000,0.011908,LOW
run_5ce239d8,internal,tbound_covertype,2026-02-20T23:25:39.981281+00:00,tabular,covertype,mlp,7,4500,0.1,n_d_lr_grid,16000,0.0003,128,0.0001,adam,10000,0.3,0.325857,7760,86.86,0.006032,4320000000,0.025857,LOW
run_0d7945d4,internal,tbound_covertype,2026-02-20T23:45:39.981281+00:00,tabular,covertype,mlp,7,4500,0.1,n_d_lr_grid,16000,0.0001,128,0.0001,adam,10000,0.3,0.350434,7404,63.93,0.004439,4320000000,0.050434,MEDIUM
run_7be4d1f3,internal,tbound_covertype,2026-02-21T00:05:39.981281+00:00,tabular,covertype,mlp,7,4500,0.1,n_d_lr_grid,16000,3e-05,128,0.0001,adam,10000,0.3,0.362163,9658,38.48,0.002672,4320000000,0.062163,MEDIUM
run_802d594c,internal,tbound_covertype,2026-02-21T00:25:39.981281+00:00,tabular,covertype,mlp,7,4500,0.1,n_d_lr_grid,65000,0.01,128,0.0001,adam,10000,0.3,0.334557,8808,69.13,0.004801,17550000000,0.034557,LOW
run_082fef12,internal,tbound_covertype,2026-02-21T00:45:39.981281+00:00,tabular,covertype,mlp,7,4500,0.1,n_d_lr_grid,65000,0.003,128,0.0001,adam,10000,0.326864,0.359836,7656,55.32,0.003841,17550000000,0.032973,LOW
run_b1689b72,internal,tbound_covertype,2026-02-21T01:05:39.981281+00:00,tabular,covertype,mlp,7,4500,0.1,n_d_lr_grid,65000,0.001,128,0.0001,adam,10000,0.507485,0.575907,7428,68.75,0.004774,17550000000,0.068421,MEDIUM
run_b371d0c7,internal,tbound_covertype,2026-02-21T01:25:39.981281+00:00,tabular,covertype,mlp,7,4500,0.1,n_d_lr_grid,65000,0.0003,128,0.0001,adam,10000,0.3,0.368864,8262,56.41,0.003917,17550000000,0.068864,MEDIUM
run_d8603e5e,internal,tbound_covertype,2026-02-21T01:45:39.981281+00:00,tabular,covertype,mlp,7,4500,0.1,n_d_lr_grid,65000,0.0001,128,0.0001,adam,10000,0.3,0.319772,7268,88.38,0.006138,17550000000,0.019772,LOW
run_8d81c63d,internal,tbound_covertype,2026-02-21T02:05:39.981281+00:00,tabular,covertype,mlp,7,4500,0.1,n_d_lr_grid,65000,3e-05,128,0.0001,adam,10000,0.3,0.342139,9722,63.8,0.00443,17550000000,0.042139,LOW
run_290890d2,internal,tbound_covertype,2026-02-21T02:25:39.981281+00:00,tabular,covertype,mlp,7,4500,0.1,n_d_lr_grid,260000,0.01,128,0.0001,adam,10000,0.3,0.311173,9617,117.13,0.008134,70200000000,0.011173,LOW
run_42dfd9f6,internal,tbound_covertype,2026-02-21T02:45:39.981281+00:00,tabular,covertype,mlp,7,4500,0.1,n_d_lr_grid,260000,0.003,128,0.0001,adam,10000,0.3,0.357871,9073,103.84,0.007211,70200000000,0.057871,MEDIUM
run_0dbc2454,internal,tbound_covertype,2026-02-21T03:05:39.981281+00:00,tabular,covertype,mlp,7,4500,0.1,n_d_lr_grid,260000,0.001,128,0.0001,adam,10000,0.544634,0.620232,7389,84.06,0.005838,70200000000,0.075598,MEDIUM
run_63053c7f,internal,tbound_covertype,2026-02-21T03:25:39.981281+00:00,tabular,covertype,mlp,7,4500,0.1,n_d_lr_grid,260000,0.0003,128,0.0001,adam,10000,0.3,0.321285,9193,115.08,0.007991,70200000000,0.021285,LOW
run_71cf7a14,internal,tbound_covertype,2026-02-21T03:45:39.981281+00:00,tabular,covertype,mlp,7,4500,0.1,n_d_lr_grid,260000,0.0001,128,0.0001,adam,10000,0.3,0.333248,8485,139.53,0.00969,70200000000,0.033248,LOW
run_72f3dbb5,internal,tbound_covertype,2026-02-21T04:05:39.981281+00:00,tabular,covertype,mlp,7,4500,0.1,n_d_lr_grid,260000,3e-05,128,0.0001,adam,10000,0.3,0.314792,9934,93.59,0.006499,70200000000,0.014792,LOW
run_f80a9d19,internal,tbound_covertype,2026-02-21T04:25:39.981281+00:00,tabular,covertype,mlp,7,4500,0.1,n_d_lr_grid,1050000,0.01,128,0.0001,adam,10000,0.3,0.345861,9798,204.62,0.01421,283500000000,0.045861,LOW
run_ad31adf9,internal,tbound_covertype,2026-02-21T04:45:39.981281+00:00,tabular,covertype,mlp,7,4500,0.1,n_d_lr_grid,1050000,0.003,128,0.0001,adam,10000,0.3,0.356324,8938,141.91,0.009855,283500000000,0.056324,MEDIUM
run_a5bfa509,internal,tbound_covertype,2026-02-21T05:05:39.981281+00:00,tabular,covertype,mlp,7,4500,0.1,n_d_lr_grid,1050000,0.001,128,0.0001,adam,10000,0.527212,0.553416,9169,196.32,0.013633,283500000000,0.026204,LOW
run_ce03edcd,internal,tbound_covertype,2026-02-21T05:25:39.981281+00:00,tabular,covertype,mlp,7,4500,0.1,n_d_lr_grid,1050000,0.0003,128,0.0001,adam,10000,0.3,0.368355,8340,208.32,0.014467,283500000000,0.068355,MEDIUM
run_45aafc2f,internal,tbound_covertype,2026-02-21T05:45:39.981281+00:00,tabular,covertype,mlp,7,4500,0.1,n_d_lr_grid,1050000,0.0001,128,0.0001,adam,10000,0.3,0.340672,8073,215.93,0.014995,283500000000,0.040672,LOW
run_b214f80b,internal,tbound_covertype,2026-02-21T06:05:39.981281+00:00,tabular,covertype,mlp,7,4500,0.1,n_d_lr_grid,1050000,3e-05,128,0.0001,adam,10000,0.3,0.317411,9873,166.94,0.011593,283500000000,0.017411,LOW
run_7eee8c12,internal,tbound_covertype,2026-02-21T06:25:39.981281+00:00,tabular,covertype,mlp,7,4500,0.1,n_d_lr_grid,4200000,0.01,128,0.0001,adam,10000,0.3,0.347645,7462,475.03,0.032988,1134000000000,0.047645,LOW
run_2ad65065,internal,tbound_covertype,2026-02-21T06:45:39.981281+00:00,tabular,covertype,mlp,7,4500,0.1,n_d_lr_grid,4200000,0.003,128,0.0001,adam,10000,0.3,0.337668,7186,466.36,0.032386,1134000000000,0.037668,LOW
run_d69083cb,internal,tbound_covertype,2026-02-21T07:05:39.981281+00:00,tabular,covertype,mlp,7,4500,0.1,n_d_lr_grid,4200000,0.001,128,0.0001,adam,10000,0.47703,0.489071,8411,531.65,0.03692,1134000000000,0.012041,LOW
run_7a585642,internal,tbound_covertype,2026-02-21T07:25:39.981281+00:00,tabular,covertype,mlp,7,4500,0.1,n_d_lr_grid,4200000,0.0003,128,0.0001,adam,10000,0.385319,0.424662,9284,465.14,0.032301,1134000000000,0.039343,LOW
run_ae3013dd,internal,tbound_covertype,2026-02-21T07:45:39.981281+00:00,tabular,covertype,mlp,7,4500,0.1,n_d_lr_grid,4200000,0.0001,128,0.0001,adam,10000,0.3,0.359708,7135,458.62,0.031848,1134000000000,0.059708,MEDIUM
run_87eb7169,internal,tbound_covertype,2026-02-21T08:05:39.981281+00:00,tabular,covertype,mlp,7,4500,0.1,n_d_lr_grid,4200000,3e-05,128,0.0001,adam,10000,0.3,0.34517,9248,515.83,0.035822,1134000000000,0.04517,LOW
run_c80bb685,internal,tbound_covertype,2026-02-21T08:25:39.981281+00:00,tabular,covertype,mlp,7,9000,0.2,n_d_lr_grid,4000,0.01,128,0.0001,adam,10000,0.3,0.331914,9630,105.68,0.007339,1080000000,0.031914,LOW
run_b9d00567,internal,tbound_covertype,2026-02-21T08:45:39.981281+00:00,tabular,covertype,mlp,7,9000,0.2,n_d_lr_grid,4000,0.003,128,0.0001,adam,10000,0.584143,0.659544,8001,112.88,0.007839,1080000000,0.075401,MEDIUM
run_3fbceb7b,internal,tbound_covertype,2026-02-21T09:05:39.981281+00:00,tabular,covertype,mlp,7,9000,0.2,n_d_lr_grid,4000,0.001,128,0.0001,adam,10000,0.433957,0.466118,9845,56.11,0.003897,1080000000,0.032161,LOW
run_123074c6,internal,tbound_covertype,2026-02-21T09:25:39.981281+00:00,tabular,covertype,mlp,7,9000,0.2,n_d_lr_grid,4000,0.0003,128,0.0001,adam,10000,0.3,0.362668,8220,78.22,0.005432,1080000000,0.062668,MEDIUM
run_9e36629a,internal,tbound_covertype,2026-02-21T09:45:39.981281+00:00,tabular,covertype,mlp,7,9000,0.2,n_d_lr_grid,4000,0.0001,128,0.0001,adam,10000,0.3,0.364667,7170,66.24,0.0046,1080000000,0.064667,MEDIUM
run_12624ef6,internal,tbound_covertype,2026-02-21T10:05:39.981281+00:00,tabular,covertype,mlp,7,9000,0.2,n_d_lr_grid,4000,3e-05,128,0.0001,adam,10000,0.3,0.372552,9397,89.62,0.006224,1080000000,0.072552,MEDIUM
run_3f7439ba,internal,tbound_covertype,2026-02-21T10:25:39.981281+00:00,tabular,covertype,mlp,7,9000,0.2,n_d_lr_grid,16000,0.01,128,0.0001,adam,10000,0.3,0.347821,9541,107.62,0.007474,4320000000,0.047821,LOW
run_9870b8d9,internal,tbound_covertype,2026-02-21T10:45:39.981281+00:00,tabular,covertype,mlp,7,9000,0.2,n_d_lr_grid,16000,0.003,128,0.0001,adam,10000,0.526965,0.544498,9053,100.73,0.006995,4320000000,0.017533,LOW
run_4f371472,internal,tbound_covertype,2026-02-21T11:05:39.981281+00:00,tabular,covertype,mlp,7,9000,0.2,n_d_lr_grid,16000,0.001,128,0.0001,adam,10000,0.541263,0.568845,8447,107.58,0.007471,4320000000,0.027582,LOW
run_568763f2,internal,tbound_covertype,2026-02-21T11:25:39.981281+00:00,tabular,covertype,mlp,7,9000,0.2,n_d_lr_grid,16000,0.0003,128,0.0001,adam,10000,0.3,0.348323,8225,56.29,0.003909,4320000000,0.048323,LOW
run_f3ef3544,internal,tbound_covertype,2026-02-21T11:45:39.981281+00:00,tabular,covertype,mlp,7,9000,0.2,n_d_lr_grid,16000,0.0001,128,0.0001,adam,10000,0.3,0.350113,7446,60.87,0.004227,4320000000,0.050113,MEDIUM
run_4815ac9a,internal,tbound_covertype,2026-02-21T12:05:39.981281+00:00,tabular,covertype,mlp,7,9000,0.2,n_d_lr_grid,16000,3e-05,128,0.0001,adam,10000,0.3,0.32904,8424,32.17,0.002234,4320000000,0.02904,LOW
run_081841b7,internal,tbound_covertype,2026-02-21T12:25:39.981281+00:00,tabular,covertype,mlp,7,9000,0.2,n_d_lr_grid,65000,0.01,128,0.0001,adam,10000,0.3,0.358769,9896,65.69,0.004562,17550000000,0.058769,MEDIUM
run_4bbe27c3,internal,tbound_covertype,2026-02-21T12:45:39.981281+00:00,tabular,covertype,mlp,7,9000,0.2,n_d_lr_grid,65000,0.003,128,0.0001,adam,10000,0.427185,0.488171,7725,67.62,0.004696,17550000000,0.060986,MEDIUM
run_2cceb2d3,internal,tbound_covertype,2026-02-21T13:05:39.981281+00:00,tabular,covertype,mlp,7,9000,0.2,n_d_lr_grid,65000,0.001,128,0.0001,adam,10000,0.607807,0.675237,8216,76.15,0.005288,17550000000,0.06743,MEDIUM
run_8fdac821,internal,tbound_covertype,2026-02-21T13:25:39.981281+00:00,tabular,covertype,mlp,7,9000,0.2,n_d_lr_grid,65000,0.0003,128,0.0001,adam,10000,0.3,0.338015,7778,107.0,0.00743,17550000000,0.038015,LOW
run_4ade0fbb,internal,tbound_covertype,2026-02-21T13:45:39.981281+00:00,tabular,covertype,mlp,7,9000,0.2,n_d_lr_grid,65000,0.0001,128,0.0001,adam,10000,0.3,0.341808,8416,106.72,0.007411,17550000000,0.041808,LOW
run_cdc40eff,internal,tbound_covertype,2026-02-21T14:05:39.981281+00:00,tabular,covertype,mlp,7,9000,0.2,n_d_lr_grid,65000,3e-05,128,0.0001,adam,10000,0.3,0.352247,7224,95.86,0.006657,17550000000,0.052247,MEDIUM
run_021d46c1,internal,tbound_covertype,2026-02-21T14:25:39.981281+00:00,tabular,covertype,mlp,7,9000,0.2,n_d_lr_grid,260000,0.01,128,0.0001,adam,10000,0.3,0.340169,7840,83.4,0.005792,70200000000,0.040169,LOW
run_dc9c9cf2,internal,tbound_covertype,2026-02-21T14:45:39.981281+00:00,tabular,covertype,mlp,7,9000,0.2,n_d_lr_grid,260000,0.003,128,0.0001,adam,10000,0.302615,0.325298,8092,112.05,0.007781,70200000000,0.022683,LOW
run_7c14d509,internal,tbound_covertype,2026-02-21T15:05:39.981281+00:00,tabular,covertype,mlp,7,9000,0.2,n_d_lr_grid,260000,0.001,128,0.0001,adam,10000,0.647721,0.679226,7029,105.18,0.007304,70200000000,0.031505,LOW
run_017a40ce,internal,tbound_covertype,2026-02-21T15:25:39.981281+00:00,tabular,covertype,mlp,7,9000,0.2,n_d_lr_grid,260000,0.0003,128,0.0001,adam,10000,0.3,0.36434,9415,67.75,0.004705,70200000000,0.06434,MEDIUM
run_89524ab6,internal,tbound_covertype,2026-02-21T15:45:39.981281+00:00,tabular,covertype,mlp,7,9000,0.2,n_d_lr_grid,260000,0.0001,128,0.0001,adam,10000,0.3,0.340958,8016,127.75,0.008871,70200000000,0.040958,LOW
run_b1b1d352,internal,tbound_covertype,2026-02-21T16:05:39.981281+00:00,tabular,covertype,mlp,7,9000,0.2,n_d_lr_grid,260000,3e-05,128,0.0001,adam,10000,0.3,0.358328,9686,86.65,0.006017,70200000000,0.058328,MEDIUM
run_fed1b34e,internal,tbound_covertype,2026-02-21T16:25:39.981281+00:00,tabular,covertype,mlp,7,9000,0.2,n_d_lr_grid,1050000,0.01,128,0.0001,adam,10000,0.3,0.311161,7115,194.55,0.013511,283500000000,0.011161,LOW
run_3e8fad37,internal,tbound_covertype,2026-02-21T16:45:39.981281+00:00,tabular,covertype,mlp,7,9000,0.2,n_d_lr_grid,1050000,0.003,128,0.0001,adam,10000,0.3,0.333494,8482,141.91,0.009855,283500000000,0.033494,LOW
run_2c686ef2,internal,tbound_covertype,2026-02-21T17:05:39.981281+00:00,tabular,covertype,mlp,7,9000,0.2,n_d_lr_grid,1050000,0.001,128,0.0001,adam,10000,0.629851,0.64151,7684,210.15,0.014593,283500000000,0.01166,LOW
run_28c46fed,internal,tbound_covertype,2026-02-21T17:25:39.981281+00:00,tabular,covertype,mlp,7,9000,0.2,n_d_lr_grid,1050000,0.0003,128,0.0001,adam,10000,0.357881,0.389203,9941,158.81,0.011028,283500000000,0.031322,LOW
run_0e2fd9fe,internal,tbound_covertype,2026-02-21T17:45:39.981281+00:00,tabular,covertype,mlp,7,9000,0.2,n_d_lr_grid,1050000,0.0001,128,0.0001,adam,10000,0.3,0.370789,7809,218.38,0.015165,283500000000,0.070789,MEDIUM
run_e527b07f,internal,tbound_covertype,2026-02-21T18:05:39.981281+00:00,tabular,covertype,mlp,7,9000,0.2,n_d_lr_grid,1050000,3e-05,128,0.0001,adam,10000,0.3,0.374884,7783,154.23,0.010711,283500000000,0.074884,MEDIUM
run_fc66effb,internal,tbound_covertype,2026-02-21T18:25:39.981281+00:00,tabular,covertype,mlp,7,9000,0.2,n_d_lr_grid,4200000,0.01,128,0.0001,adam,10000,0.3,0.350176,8012,485.36,0.033706,1134000000000,0.050176,MEDIUM
run_aea0074d,internal,tbound_covertype,2026-02-21T18:45:39.981281+00:00,tabular,covertype,mlp,7,9000,0.2,n_d_lr_grid,4200000,0.003,128,0.0001,adam,10000,0.3,0.361181,7952,535.21,0.037167,1134000000000,0.061181,MEDIUM
run_7210d383,internal,tbound_covertype,2026-02-21T19:05:39.981281+00:00,tabular,covertype,mlp,7,9000,0.2,n_d_lr_grid,4200000,0.001,128,0.0001,adam,10000,0.580097,0.645213,9351,477.58,0.033165,1134000000000,0.065116,MEDIUM
run_a006aa09,internal,tbound_covertype,2026-02-21T19:25:39.981281+00:00,tabular,covertype,mlp,7,9000,0.2,n_d_lr_grid,4200000,0.0003,128,0.0001,adam,10000,0.488386,0.547226,8923,482.77,0.033526,1134000000000,0.05884,MEDIUM
run_491cf711,internal,tbound_covertype,2026-02-21T19:45:39.981281+00:00,tabular,covertype,mlp,7,9000,0.2,n_d_lr_grid,4200000,0.0001,128,0.0001,adam,10000,0.3,0.378166,7826,498.98,0.034651,1134000000000,0.078166,MEDIUM
run_df2fbc67,internal,tbound_covertype,2026-02-21T20:05:39.981281+00:00,tabular,covertype,mlp,7,9000,0.2,n_d_lr_grid,4200000,3e-05,128,0.0001,adam,10000,0.3,0.347476,9119,500.95,0.034788,1134000000000,0.047476,LOW
run_684a2ecc,internal,tbound_covertype,2026-02-21T20:25:39.981281+00:00,tabular,covertype,mlp,7,15749,0.35,n_d_lr_grid,4000,0.01,128,0.0001,adam,10000,0.3,0.373297,7574,64.12,0.004453,1080000000,0.073297,MEDIUM
run_5d953949,internal,tbound_covertype,2026-02-21T20:45:39.981281+00:00,tabular,covertype,mlp,7,15749,0.35,n_d_lr_grid,4000,0.003,128,0.0001,adam,10000,0.676515,0.690055,8789,68.75,0.004774,1080000000,0.01354,LOW
run_ce8eed33,internal,tbound_covertype,2026-02-21T21:05:39.981281+00:00,tabular,covertype,mlp,7,15749,0.35,n_d_lr_grid,4000,0.001,128,0.0001,adam,10000,0.52633,0.547763,7464,50.36,0.003497,1080000000,0.021434,LOW
run_17d4a985,internal,tbound_covertype,2026-02-21T21:25:39.981281+00:00,tabular,covertype,mlp,7,15749,0.35,n_d_lr_grid,4000,0.0003,128,0.0001,adam,10000,0.3,0.325826,8860,103.96,0.007219,1080000000,0.025826,LOW
run_326bf8f1,internal,tbound_covertype,2026-02-21T21:45:39.981281+00:00,tabular,covertype,mlp,7,15749,0.35,n_d_lr_grid,4000,0.0001,128,0.0001,adam,10000,0.3,0.316294,7629,47.79,0.003319,1080000000,0.016294,LOW
run_100ca803,internal,tbound_covertype,2026-02-21T22:05:39.981281+00:00,tabular,covertype,mlp,7,15749,0.35,n_d_lr_grid,4000,3e-05,128,0.0001,adam,10000,0.3,0.333622,7925,108.76,0.007553,1080000000,0.033622,LOW
run_bc857b74,internal,tbound_covertype,2026-02-21T22:25:39.981281+00:00,tabular,covertype,mlp,7,15749,0.35,n_d_lr_grid,16000,0.01,128,0.0001,adam,10000,0.3,0.329582,8094,61.48,0.004269,4320000000,0.029582,LOW
run_79c91391,internal,tbound_covertype,2026-02-21T22:45:39.981281+00:00,tabular,covertype,mlp,7,15749,0.35,n_d_lr_grid,16000,0.003,128,0.0001,adam,10000,0.620783,0.634374,9844,75.93,0.005273,4320000000,0.013591,LOW
run_af555e94,internal,tbound_covertype,2026-02-21T23:05:39.981281+00:00,tabular,covertype,mlp,7,15749,0.35,n_d_lr_grid,16000,0.001,128,0.0001,adam,10000,0.635081,0.668489,8459,67.11,0.004661,4320000000,0.033408,LOW
run_9e4c284b,internal,tbound_covertype,2026-02-21T23:25:39.981281+00:00,tabular,covertype,mlp,7,15749,0.35,n_d_lr_grid,16000,0.0003,128,0.0001,adam,10000,0.3,0.321296,7063,83.08,0.005769,4320000000,0.021296,LOW
run_6e1d49f7,internal,tbound_covertype,2026-02-21T23:45:39.981281+00:00,tabular,covertype,mlp,7,15749,0.35,n_d_lr_grid,16000,0.0001,128,0.0001,adam,10000,0.3,0.330747,7284,113.57,0.007887,4320000000,0.030747,LOW
run_e67b7f56,internal,tbound_covertype,2026-02-22T00:05:39.981281+00:00,tabular,covertype,mlp,7,15749,0.35,n_d_lr_grid,16000,3e-05,128,0.0001,adam,10000,0.3,0.320447,8187,55.74,0.003871,4320000000,0.020447,LOW
run_873936e5,internal,tbound_covertype,2026-02-22T00:25:39.981281+00:00,tabular,covertype,mlp,7,15749,0.35,n_d_lr_grid,65000,0.01,128,0.0001,adam,10000,0.3,0.33854,7949,47.8,0.00332,17550000000,0.03854,LOW
run_c8aa400f,internal,tbound_covertype,2026-02-22T00:45:39.981281+00:00,tabular,covertype,mlp,7,15749,0.35,n_d_lr_grid,65000,0.003,128,0.0001,adam,10000,0.521869,0.534296,7470,71.77,0.004984,17550000000,0.012427,LOW
run_cba59ab0,internal,tbound_covertype,2026-02-22T01:05:39.981281+00:00,tabular,covertype,mlp,7,15749,0.35,n_d_lr_grid,65000,0.001,128,0.0001,adam,10000,0.702491,0.768691,8909,58.69,0.004075,17550000000,0.0662,MEDIUM
run_85119dbd,internal,tbound_covertype,2026-02-22T01:25:39.981281+00:00,tabular,covertype,mlp,7,15749,0.35,n_d_lr_grid,65000,0.0003,128,0.0001,adam,10000,0.3,0.328188,8390,116.25,0.008073,17550000000,0.028188,LOW
run_b6616a59,internal,tbound_covertype,2026-02-22T01:45:39.981281+00:00,tabular,covertype,mlp,7,15749,0.35,n_d_lr_grid,65000,0.0001,128,0.0001,adam,10000,0.3,0.33081,8938,57.2,0.003972,17550000000,0.03081,LOW
run_1c89bf59,internal,tbound_covertype,2026-02-22T02:05:39.981281+00:00,tabular,covertype,mlp,7,15749,0.35,n_d_lr_grid,65000,3e-05,128,0.0001,adam,10000,0.3,0.355367,9488,115.26,0.008004,17550000000,0.055367,MEDIUM
run_0a3b9ee4,internal,tbound_covertype,2026-02-22T02:25:39.981281+00:00,tabular,covertype,mlp,7,15749,0.35,n_d_lr_grid,260000,0.01,128,0.0001,adam,10000,0.3,0.319878,8873,105.1,0.007299,70200000000,0.019878,LOW
run_e28971ba,internal,tbound_covertype,2026-02-22T02:45:39.981281+00:00,tabular,covertype,mlp,7,15749,0.35,n_d_lr_grid,260000,0.003,128,0.0001,adam,10000,0.399909,0.413079,7277,115.07,0.007991,70200000000,0.013171,LOW
run_12c4faaf,internal,tbound_covertype,2026-02-22T03:05:39.981281+00:00,tabular,covertype,mlp,7,15749,0.35,n_d_lr_grid,260000,0.001,128,0.0001,adam,10000,0.745014,0.802003,8825,80.36,0.00558,70200000000,0.056989,MEDIUM
run_7ac03e73,internal,tbound_covertype,2026-02-22T03:25:39.981281+00:00,tabular,covertype,mlp,7,15749,0.35,n_d_lr_grid,260000,0.0003,128,0.0001,adam,10000,0.3,0.312101,8630,96.01,0.006667,70200000000,0.012101,LOW
run_f8554d3f,internal,tbound_covertype,2026-02-22T03:45:39.981281+00:00,tabular,covertype,mlp,7,15749,0.35,n_d_lr_grid,260000,0.0001,128,0.0001,adam,10000,0.3,0.379189,9525,143.96,0.009997,70200000000,0.079189,MEDIUM
run_e4c02a67,internal,tbound_covertype,2026-02-22T04:05:39.981281+00:00,tabular,covertype,mlp,7,15749,0.35,n_d_lr_grid,260000,3e-05,128,0.0001,adam,10000,0.3,0.334626,8876,124.55,0.008649,70200000000,0.034626,LOW
run_5979888f,internal,tbound_covertype,2026-02-22T04:25:39.981281+00:00,tabular,covertype,mlp,7,15749,0.35,n_d_lr_grid,1050000,0.01,128,0.0001,adam,10000,0.3,0.370627,8204,161.05,0.011184,283500000000,0.070627,MEDIUM
run_2c713e5e,internal,tbound_covertype,2026-02-22T04:45:39.981281+00:00,tabular,covertype,mlp,7,15749,0.35,n_d_lr_grid,1050000,0.003,128,0.0001,adam,10000,0.3,0.36376,8161,174.09,0.01209,283500000000,0.06376,MEDIUM
run_48662cf8,internal,tbound_covertype,2026-02-22T05:05:39.981281+00:00,tabular,covertype,mlp,7,15749,0.35,n_d_lr_grid,1050000,0.001,128,0.0001,adam,10000,0.726722,0.766646,8887,164.73,0.011439,283500000000,0.039924,LOW
run_29934281,internal,tbound_covertype,2026-02-22T05:25:39.981281+00:00,tabular,covertype,mlp,7,15749,0.35,n_d_lr_grid,1050000,0.0003,128,0.0001,adam,10000,0.454752,0.524293,7244,153.14,0.010635,283500000000,0.06954,MEDIUM
run_724684c9,internal,tbound_covertype,2026-02-22T05:45:39.981281+00:00,tabular,covertype,mlp,7,15749,0.35,n_d_lr_grid,1050000,0.0001,128,0.0001,adam,10000,0.3,0.340074,7906,160.1,0.011118,283500000000,0.040074,LOW
run_52dbace4,internal,tbound_covertype,2026-02-22T06:05:39.981281+00:00,tabular,covertype,mlp,7,15749,0.35,n_d_lr_grid,1050000,3e-05,128,0.0001,adam,10000,0.3,0.348933,8433,205.16,0.014247,283500000000,0.048933,LOW
run_cb488ae2,internal,tbound_covertype,2026-02-22T06:25:39.981281+00:00,tabular,covertype,mlp,7,15749,0.35,n_d_lr_grid,4200000,0.01,128,0.0001,adam,10000,0.3,0.346652,8371,472.82,0.032835,1134000000000,0.046652,LOW
run_74d39135,internal,tbound_covertype,2026-02-22T06:45:39.981281+00:00,tabular,covertype,mlp,7,15749,0.35,n_d_lr_grid,4200000,0.003,128,0.0001,adam,10000,0.3,0.323651,8204,508.69,0.035326,1134000000000,0.023651,LOW
run_8c9a99de,internal,tbound_covertype,2026-02-22T07:05:39.981281+00:00,tabular,covertype,mlp,7,15749,0.35,n_d_lr_grid,4200000,0.001,128,0.0001,adam,10000,0.677371,0.740947,8131,472.77,0.032831,1134000000000,0.063575,MEDIUM
run_800e6e0a,internal,tbound_covertype,2026-02-22T07:25:39.981281+00:00,tabular,covertype,mlp,7,15749,0.35,n_d_lr_grid,4200000,0.0003,128,0.0001,adam,10000,0.58566,0.599931,7817,475.9,0.033049,1134000000000,0.014271,LOW
run_394d663d,internal,tbound_covertype,2026-02-22T07:45:39.981281+00:00,tabular,covertype,mlp,7,15749,0.35,n_d_lr_grid,4200000,0.0001,128,0.0001,adam,10000,0.3,0.357169,7011,526.22,0.036543,1134000000000,0.057169,MEDIUM
run_412430c3,internal,tbound_covertype,2026-02-22T08:05:39.981281+00:00,tabular,covertype,mlp,7,15749,0.35,n_d_lr_grid,4200000,3e-05,128,0.0001,adam,10000,0.3,0.320624,9229,530.06,0.03681,1134000000000,0.020624,LOW
run_f9cae0d2,internal,tbound_covertype,2026-02-22T08:25:39.981281+00:00,tabular,covertype,mlp,7,22500,0.5,n_d_lr_grid,4000,0.01,128,0.0001,adam,10000,0.3,0.352221,9741,91.83,0.006377,1080000000,0.052221,MEDIUM
run_08d02adf,internal,tbound_covertype,2026-02-22T08:45:39.981281+00:00,tabular,covertype,mlp,7,22500,0.5,n_d_lr_grid,4000,0.003,128,0.0001,adam,10000,0.742502,0.782536,8119,55.23,0.003836,1080000000,0.040034,LOW
run_8cf37390,internal,tbound_covertype,2026-02-22T09:05:39.981281+00:00,tabular,covertype,mlp,7,22500,0.5,n_d_lr_grid,4000,0.001,128,0.0001,adam,10000,0.592316,0.618155,7807,92.71,0.006438,1080000000,0.025839,LOW
run_1a2e0763,internal,tbound_covertype,2026-02-22T09:25:39.981281+00:00,tabular,covertype,mlp,7,22500,0.5,n_d_lr_grid,4000,0.0003,128,0.0001,adam,10000,0.3,0.332667,8397,89.9,0.006243,1080000000,0.032667,LOW
run_3513e698,internal,tbound_covertype,2026-02-22T09:45:39.981281+00:00,tabular,covertype,mlp,7,22500,0.5,n_d_lr_grid,4000,0.0001,128,0.0001,adam,10000,0.3,0.32531,8260,35.79,0.002486,1080000000,0.02531,LOW
run_caf47acf,internal,tbound_covertype,2026-02-22T10:05:39.981281+00:00,tabular,covertype,mlp,7,22500,0.5,n_d_lr_grid,4000,3e-05,128,0.0001,adam,10000,0.3,0.35242,9410,106.85,0.00742,1080000000,0.05242,MEDIUM
run_6abba474,internal,tbound_covertype,2026-02-22T10:25:39.981281+00:00,tabular,covertype,mlp,7,22500,0.5,n_d_lr_grid,16000,0.01,128,0.0001,adam,10000,0.3,0.317941,8497,121.32,0.008425,4320000000,0.017941,LOW
run_486f8c6b,internal,tbound_covertype,2026-02-22T10:45:39.981281+00:00,tabular,covertype,mlp,7,22500,0.5,n_d_lr_grid,16000,0.003,128,0.0001,adam,10000,0.687803,0.739393,7587,68.62,0.004766,4320000000,0.05159,MEDIUM
run_c6c23ebc,internal,tbound_covertype,2026-02-22T11:05:39.981281+00:00,tabular,covertype,mlp,7,22500,0.5,n_d_lr_grid,16000,0.001,128,0.0001,adam,10000,0.702101,0.71405,9552,87.65,0.006087,4320000000,0.011949,LOW
run_eaf24b6b,internal,tbound_covertype,2026-02-22T11:25:39.981281+00:00,tabular,covertype,mlp,7,22500,0.5,n_d_lr_grid,16000,0.0003,128,0.0001,adam,10000,0.3,0.328101,7059,34.11,0.002369,4320000000,0.028101,LOW
run_1fc8623a,internal,tbound_covertype,2026-02-22T11:45:39.981281+00:00,tabular,covertype,mlp,7,22500,0.5,n_d_lr_grid,16000,0.0001,128,0.0001,adam,10000,0.3,0.364422,9037,92.16,0.0064,4320000000,0.064422,MEDIUM
run_44d8ade1,internal,tbound_covertype,2026-02-22T12:05:39.981281+00:00,tabular,covertype,mlp,7,22500,0.5,n_d_lr_grid,16000,3e-05,128,0.0001,adam,10000,0.3,0.330715,8101,91.34,0.006343,4320000000,0.030715,LOW
run_9dee5113,internal,tbound_covertype,2026-02-22T12:25:39.981281+00:00,tabular,covertype,mlp,7,22500,0.5,n_d_lr_grid,65000,0.01,128,0.0001,adam,10000,0.3,0.337852,9660,109.04,0.007572,17550000000,0.037852,LOW
run_ade8ad73,internal,tbound_covertype,2026-02-22T12:45:39.981281+00:00,tabular,covertype,mlp,7,22500,0.5,n_d_lr_grid,65000,0.003,128,0.0001,adam,10000,0.589508,0.639889,7279,87.25,0.006059,17550000000,0.050382,MEDIUM
run_b6461aa5,internal,tbound_covertype,2026-02-22T13:05:39.981281+00:00,tabular,covertype,mlp,7,22500,0.5,n_d_lr_grid,65000,0.001,128,0.0001,adam,10000,0.77013,0.805522,8892,85.7,0.005952,17550000000,0.035393,LOW
run_5f3a385b,internal,tbound_covertype,2026-02-22T13:25:39.981281+00:00,tabular,covertype,mlp,7,22500,0.5,n_d_lr_grid,65000,0.0003,128,0.0001,adam,10000,0.3,0.352064,8151,67.19,0.004666,17550000000,0.052064,MEDIUM
run_caab72c0,internal,tbound_covertype,2026-02-22T13:45:39.981281+00:00,tabular,covertype,mlp,7,22500,0.5,n_d_lr_grid,65000,0.0001,128,0.0001,adam,10000,0.3,0.370411,8477,50.06,0.003477,17550000000,0.070411,MEDIUM
run_80b4dc47,internal,tbound_covertype,2026-02-22T14:05:39.981281+00:00,tabular,covertype,mlp,7,22500,0.5,n_d_lr_grid,65000,3e-05,128,0.0001,adam,10000,0.3,0.36003,9253,62.9,0.004368,17550000000,0.06003,MEDIUM
run_7d32c5ca,internal,tbound_covertype,2026-02-22T14:25:39.981281+00:00,tabular,covertype,mlp,7,22500,0.5,n_d_lr_grid,260000,0.01,128,0.0001,adam,10000,0.3,0.364934,7439,145.5,0.010104,70200000000,0.064934,MEDIUM
run_c70ace2f,internal,tbound_covertype,2026-02-22T14:45:39.981281+00:00,tabular,covertype,mlp,7,22500,0.5,n_d_lr_grid,260000,0.003,128,0.0001,adam,10000,0.469411,0.534864,7163,116.87,0.008116,70200000000,0.065453,MEDIUM
run_9ae77893,internal,tbound_covertype,2026-02-22T15:05:39.981281+00:00,tabular,covertype,mlp,7,22500,0.5,n_d_lr_grid,260000,0.001,128,0.0001,adam,10000,0.814517,0.867531,7662,108.31,0.007521,70200000000,0.053014,MEDIUM
run_a84fc9c7,internal,tbound_covertype,2026-02-22T15:25:39.981281+00:00,tabular,covertype,mlp,7,22500,0.5,n_d_lr_grid,260000,0.0003,128,0.0001,adam,10000,0.361044,0.371122,9746,80.48,0.005589,70200000000,0.010078,LOW
run_677dd8c0,internal,tbound_covertype,2026-02-22T15:45:39.981281+00:00,tabular,covertype,mlp,7,22500,0.5,n_d_lr_grid,260000,0.0001,128,0.0001,adam,10000,0.3,0.3747,8778,85.32,0.005925,70200000000,0.0747,MEDIUM
run_c8a9d0b6,internal,tbound_covertype,2026-02-22T16:05:39.981281+00:00,tabular,covertype,mlp,7,22500,0.5,n_d_lr_grid,260000,3e-05,128,0.0001,adam,10000,0.3,0.351542,7709,57.46,0.00399,70200000000,0.051542,MEDIUM
run_349e2695,internal,tbound_covertype,2026-02-22T16:25:39.981281+00:00,tabular,covertype,mlp,7,22500,0.5,n_d_lr_grid,1050000,0.01,128,0.0001,adam,10000,0.3,0.357924,9364,216.24,0.015017,283500000000,0.057924,MEDIUM
run_a7aab483,internal,tbound_covertype,2026-02-22T16:45:39.981281+00:00,tabular,covertype,mlp,7,22500,0.5,n_d_lr_grid,1050000,0.003,128,0.0001,adam,10000,0.3,0.333991,8579,147.11,0.010216,283500000000,0.033991,LOW
run_e803f2bc,internal,tbound_covertype,2026-02-22T17:05:39.981281+00:00,tabular,covertype,mlp,7,22500,0.5,n_d_lr_grid,1050000,0.001,128,0.0001,adam,10000,0.795923,0.87062,7555,176.46,0.012254,283500000000,0.074698,MEDIUM
run_b51f5892,internal,tbound_covertype,2026-02-22T17:25:39.981281+00:00,tabular,covertype,mlp,7,22500,0.5,n_d_lr_grid,1050000,0.0003,128,0.0001,adam,10000,0.523953,0.579438,7371,144.31,0.010021,283500000000,0.055485,MEDIUM
run_a25c11cb,internal,tbound_covertype,2026-02-22T17:45:39.981281+00:00,tabular,covertype,mlp,7,22500,0.5,n_d_lr_grid,1050000,0.0001,128,0.0001,adam,10000,0.3,0.355143,9253,160.94,0.011177,283500000000,0.055143,MEDIUM
run_97ab81e2,internal,tbound_covertype,2026-02-22T18:05:39.981281+00:00,tabular,covertype,mlp,7,22500,0.5,n_d_lr_grid,1050000,3e-05,128,0.0001,adam,10000,0.3,0.318275,8378,135.0,0.009375,283500000000,0.018275,LOW
run_7c485403,internal,tbound_covertype,2026-02-22T18:25:39.981281+00:00,tabular,covertype,mlp,7,22500,0.5,n_d_lr_grid,4200000,0.01,128,0.0001,adam,10000,0.3,0.334962,9237,472.9,0.032841,1134000000000,0.034962,LOW
run_374c1b2f,internal,tbound_covertype,2026-02-22T18:45:39.981281+00:00,tabular,covertype,mlp,7,22500,0.5,n_d_lr_grid,4200000,0.003,128,0.0001,adam,10000,0.3,0.347821,9298,526.6,0.03657,1134000000000,0.047821,LOW
run_20002e73,internal,tbound_covertype,2026-02-22T19:05:39.981281+00:00,tabular,covertype,mlp,7,22500,0.5,n_d_lr_grid,4200000,0.001,128,0.0001,adam,10000,0.74686,0.814513,7325,530.89,0.036867,1134000000000,0.067652,MEDIUM
run_1df72ef3,internal,tbound_covertype,2026-02-22T19:25:39.981281+00:00,tabular,covertype,mlp,7,22500,0.5,n_d_lr_grid,4200000,0.0003,128,0.0001,adam,10000,0.655149,0.722007,8985,484.56,0.03365,1134000000000,0.066858,MEDIUM
run_770f86a1,internal,tbound_covertype,2026-02-22T19:45:39.981281+00:00,tabular,covertype,mlp,7,22500,0.5,n_d_lr_grid,4200000,0.0001,128,0.0001,adam,10000,0.3,0.352499,9119,484.99,0.03368,1134000000000,0.052499,MEDIUM
run_ede3db15,internal,tbound_covertype,2026-02-22T20:05:39.981281+00:00,tabular,covertype,mlp,7,22500,0.5,n_d_lr_grid,4200000,3e-05,128,0.0001,adam,10000,0.3,0.316648,8878,478.34,0.033218,1134000000000,0.016648,LOW
run_b02dc5b8,internal,tbound_covertype,2026-02-22T20:25:39.981281+00:00,tabular,covertype,mlp,7,33750,0.75,n_d_lr_grid,4000,0.01,128,0.0001,adam,10000,0.3,0.315673,7565,105.08,0.007297,1080000000,0.015673,LOW
run_ac539dd4,internal,tbound_covertype,2026-02-22T20:45:39.981281+00:00,tabular,covertype,mlp,7,33750,0.75,n_d_lr_grid,4000,0.003,128,0.0001,adam,10000,0.825021,0.866108,8753,78.27,0.005435,1080000000,0.041087,LOW
run_d09e8d72,internal,tbound_covertype,2026-02-22T21:05:39.981281+00:00,tabular,covertype,mlp,7,33750,0.75,n_d_lr_grid,4000,0.001,128,0.0001,adam,10000,0.674835,0.689442,8986,110.62,0.007682,1080000000,0.014607,LOW
run_39ce22c8,internal,tbound_covertype,2026-02-22T21:25:39.981281+00:00,tabular,covertype,mlp,7,33750,0.75,n_d_lr_grid,4000,0.0003,128,0.0001,adam,10000,0.3,0.366873,7128,59.82,0.004154,1080000000,0.066873,MEDIUM
run_312a3931,internal,tbound_covertype,2026-02-22T21:45:39.981281+00:00,tabular,covertype,mlp,7,33750,0.75,n_d_lr_grid,4000,0.0001,128,0.0001,adam,10000,0.3,0.338189,7007,90.93,0.006314,1080000000,0.038189,LOW
run_c9196a45,internal,tbound_covertype,2026-02-22T22:05:39.981281+00:00,tabular,covertype,mlp,7,33750,0.75,n_d_lr_grid,4000,3e-05,128,0.0001,adam,10000,0.3,0.332067,9178,42.39,0.002944,1080000000,0.032067,LOW
run_02dae239,internal,tbound_covertype,2026-02-22T22:25:39.981281+00:00,tabular,covertype,mlp,7,33750,0.75,n_d_lr_grid,16000,0.01,128,0.0001,adam,10000,0.3,0.361695,9259,91.6,0.006361,4320000000,0.061695,MEDIUM
run_f196b9ff,internal,tbound_covertype,2026-02-22T22:45:39.981281+00:00,tabular,covertype,mlp,7,33750,0.75,n_d_lr_grid,16000,0.003,128,0.0001,adam,10000,0.771614,0.830656,8795,99.41,0.006904,4320000000,0.059043,MEDIUM
run_269f672d,internal,tbound_covertype,2026-02-22T23:05:39.981281+00:00,tabular,covertype,mlp,7,33750,0.75,n_d_lr_grid,16000,0.001,128,0.0001,adam,10000,0.785912,0.825727,9732,121.12,0.008411,4320000000,0.039816,LOW
run_9b811dff,internal,tbound_covertype,2026-02-22T23:25:39.981281+00:00,tabular,covertype,mlp,7,33750,0.75,n_d_lr_grid,16000,0.0003,128,0.0001,adam,10000,0.3,0.364624,8109,92.23,0.006405,4320000000,0.064624,MEDIUM
run_21ca96cf,internal,tbound_covertype,2026-02-22T23:45:39.981281+00:00,tabular,covertype,mlp,7,33750,0.75,n_d_lr_grid,16000,0.0001,128,0.0001,adam,10000,0.3,0.331527,9924,75.88,0.00527,4320000000,0.031527,LOW
run_8d612d6f,internal,tbound_covertype,2026-02-23T00:05:39.981281+00:00,tabular,covertype,mlp,7,33750,0.75,n_d_lr_grid,16000,3e-05,128,0.0001,adam,10000,0.3,0.369497,9035,49.26,0.003421,4320000000,0.069497,MEDIUM
run_2a0cd8d4,internal,tbound_covertype,2026-02-23T00:25:39.981281+00:00,tabular,covertype,mlp,7,33750,0.75,n_d_lr_grid,65000,0.01,128,0.0001,adam,10000,0.3,0.348574,9674,83.62,0.005807,17550000000,0.048574,LOW
run_f23760b1,internal,tbound_covertype,2026-02-23T00:45:39.981281+00:00,tabular,covertype,mlp,7,33750,0.75,n_d_lr_grid,65000,0.003,128,0.0001,adam,10000,0.674092,0.717586,7923,89.2,0.006194,17550000000,0.043494,LOW
run_388f3a3f,internal,tbound_covertype,2026-02-23T01:05:39.981281+00:00,tabular,covertype,mlp,7,33750,0.75,n_d_lr_grid,65000,0.001,128,0.0001,adam,10000,0.854714,0.91872,9799,95.17,0.006609,17550000000,0.064006,MEDIUM
run_ed2b3ff6,internal,tbound_covertype,2026-02-23T01:25:39.981281+00:00,tabular,covertype,mlp,7,33750,0.75,n_d_lr_grid,65000,0.0003,128,0.0001,adam,10000,0.3,0.317384,9486,89.2,0.006195,17550000000,0.017384,LOW
run_1a1fbc67,internal,tbound_covertype,2026-02-23T01:45:39.981281+00:00,tabular,covertype,mlp,7,33750,0.75,n_d_lr_grid,65000,0.0001,128,0.0001,adam,10000,0.3,0.326362,7410,93.9,0.006521,17550000000,0.026362,LOW
run_016e7bde,internal,tbound_covertype,2026-02-23T02:05:39.981281+00:00,tabular,covertype,mlp,7,33750,0.75,n_d_lr_grid,65000,3e-05,128,0.0001,adam,10000,0.3,0.375278,8471,83.59,0.005805,17550000000,0.075278,MEDIUM
run_73a5b7dc,internal,tbound_covertype,2026-02-23T02:25:39.981281+00:00,tabular,covertype,mlp,7,33750,0.75,n_d_lr_grid,260000,0.01,128,0.0001,adam,10000,0.3,0.337942,8392,109.87,0.00763,70200000000,0.037942,LOW
run_418fad4c,internal,tbound_covertype,2026-02-23T02:45:39.981281+00:00,tabular,covertype,mlp,7,33750,0.75,n_d_lr_grid,260000,0.003,128,0.0001,adam,10000,0.556326,0.609281,8255,136.81,0.009501,70200000000,0.052955,MEDIUM
run_ace6f2f6,internal,tbound_covertype,2026-02-23T03:05:39.981281+00:00,tabular,covertype,mlp,7,33750,0.75,n_d_lr_grid,260000,0.001,128,0.0001,adam,10000,0.901432,0.949566,8966,68.21,0.004737,70200000000,0.048134,LOW
run_77dd2700,internal,tbound_covertype,2026-02-23T03:25:39.981281+00:00,tabular,covertype,mlp,7,33750,0.75,n_d_lr_grid,260000,0.0003,128,0.0001,adam,10000,0.44796,0.483497,8944,113.69,0.007895,70200000000,0.035538,LOW
run_d900f38e,internal,tbound_covertype,2026-02-23T03:45:39.981281+00:00,tabular,covertype,mlp,7,33750,0.75,n_d_lr_grid,260000,0.0001,128,0.0001,adam,10000,0.3,0.35903,9699,125.34,0.008704,70200000000,0.05903,MEDIUM
run_457f41e1,internal,tbound_covertype,2026-02-23T04:05:39.981281+00:00,tabular,covertype,mlp,7,33750,0.75,n_d_lr_grid,260000,3e-05,128,0.0001,adam,10000,0.3,0.335104,7045,138.02,0.009585,70200000000,0.035104,LOW
run_78c73e31,internal,tbound_covertype,2026-02-23T04:25:39.981281+00:00,tabular,covertype,mlp,7,33750,0.75,n_d_lr_grid,1050000,0.01,128,0.0001,adam,10000,0.3,0.361267,8292,218.17,0.015151,283500000000,0.061267,MEDIUM
run_1049e59e,internal,tbound_covertype,2026-02-23T04:45:39.981281+00:00,tabular,covertype,mlp,7,33750,0.75,n_d_lr_grid,1050000,0.003,128,0.0001,adam,10000,0.371735,0.435392,9163,198.19,0.013763,283500000000,0.063657,MEDIUM
run_ce1ab037,internal,tbound_covertype,2026-02-23T05:05:39.981281+00:00,tabular,covertype,mlp,7,33750,0.75,n_d_lr_grid,1050000,0.001,128,0.0001,adam,10000,0.882461,0.939757,9352,170.63,0.01185,283500000000,0.057296,MEDIUM
run_b06eb57e,internal,tbound_covertype,2026-02-23T05:25:39.981281+00:00,tabular,covertype,mlp,7,33750,0.75,n_d_lr_grid,1050000,0.0003,128,0.0001,adam,10000,0.610491,0.667818,8461,162.65,0.011295,283500000000,0.057327,MEDIUM
run_69b49c09,internal,tbound_covertype,2026-02-23T05:45:39.981281+00:00,tabular,covertype,mlp,7,33750,0.75,n_d_lr_grid,1050000,0.0001,128,0.0001,adam,10000,0.3,0.348533,7746,206.1,0.014313,283500000000,0.048533,LOW
run_f14da290,internal,tbound_covertype,2026-02-23T06:05:39.981281+00:00,tabular,covertype,mlp,7,33750,0.75,n_d_lr_grid,1050000,3e-05,128,0.0001,adam,10000,0.3,0.377853,8077,169.01,0.011736,283500000000,0.077853,MEDIUM
run_745b5c7a,internal,tbound_covertype,2026-02-23T06:25:39.981281+00:00,tabular,covertype,mlp,7,33750,0.75,n_d_lr_grid,4200000,0.01,128,0.0001,adam,10000,0.3,0.342671,9829,456.91,0.03173,1134000000000,0.042671,LOW
run_257cb02b,internal,tbound_covertype,2026-02-23T06:45:39.981281+00:00,tabular,covertype,mlp,7,33750,0.75,n_d_lr_grid,4200000,0.003,128,0.0001,adam,10000,0.3,0.321335,7272,509.23,0.035363,1134000000000,0.021335,LOW
run_b3acc4f1,internal,tbound_covertype,2026-02-23T07:05:39.981281+00:00,tabular,covertype,mlp,7,33750,0.75,n_d_lr_grid,4200000,0.001,128,0.0001,adam,10000,0.833759,0.851202,9547,460.27,0.031963,1134000000000,0.017444,LOW
run_dcfe589b,internal,tbound_covertype,2026-02-23T07:25:39.981281+00:00,tabular,covertype,mlp,7,33750,0.75,n_d_lr_grid,4200000,0.0003,128,0.0001,adam,10000,0.742048,0.780097,9039,460.36,0.03197,1134000000000,0.038049,LOW
run_191b6e2d,internal,tbound_covertype,2026-02-23T07:45:39.981281+00:00,tabular,covertype,mlp,7,33750,0.75,n_d_lr_grid,4200000,0.0001,128,0.0001,adam,10000,0.3,0.379006,7506,450.02,0.031251,1134000000000,0.079006,MEDIUM
run_1a1cefa7,internal,tbound_covertype,2026-02-23T08:05:39.981281+00:00,tabular,covertype,mlp,7,33750,0.75,n_d_lr_grid,4200000,3e-05,128,0.0001,adam,10000,0.3,0.356178,7243,489.78,0.034013,1134000000000,0.056178,MEDIUM
run_999b5419,internal,tbound_covertype,2026-02-23T08:25:39.981281+00:00,tabular,covertype,mlp,7,45000,1.0,n_d_lr_grid,4000,0.01,128,0.0001,adam,10000,0.3,0.337786,9264,71.38,0.004957,1080000000,0.037786,LOW
run_12554329,internal,tbound_covertype,2026-02-23T08:45:39.981281+00:00,tabular,covertype,mlp,7,45000,1.0,n_d_lr_grid,4000,0.003,128,0.0001,adam,10000,0.888854,0.96469,8192,88.79,0.006166,1080000000,0.075835,MEDIUM
run_1d4ed2b3,internal,tbound_covertype,2026-02-23T09:05:39.981281+00:00,tabular,covertype,mlp,7,45000,1.0,n_d_lr_grid,4000,0.001,128,0.0001,adam,10000,0.738669,0.761305,8519,54.02,0.003752,1080000000,0.022636,LOW
run_65c4e01a,internal,tbound_covertype,2026-02-23T09:25:39.981281+00:00,tabular,covertype,mlp,7,45000,1.0,n_d_lr_grid,4000,0.0003,128,0.0001,adam,10000,0.3,0.350722,7819,66.53,0.00462,1080000000,0.050722,MEDIUM
run_0fd8efbc,internal,tbound_covertype,2026-02-23T09:45:39.981281+00:00,tabular,covertype,mlp,7,45000,1.0,n_d_lr_grid,4000,0.0001,128,0.0001,adam,10000,0.3,0.330815,8211,45.03,0.003127,1080000000,0.030815,LOW
run_6db2f3f4,internal,tbound_covertype,2026-02-23T10:05:39.981281+00:00,tabular,covertype,mlp,7,45000,1.0,n_d_lr_grid,4000,3e-05,128,0.0001,adam,10000,0.3,0.321386,7426,96.49,0.006701,1080000000,0.021386,LOW
run_75a47c9d,internal,tbound_covertype,2026-02-23T10:25:39.981281+00:00,tabular,covertype,mlp,7,45000,1.0,n_d_lr_grid,16000,0.01,128,0.0001,adam,10000,0.3,0.358874,9118,50.94,0.003538,4320000000,0.058874,MEDIUM
run_5584084a,internal,tbound_covertype,2026-02-23T10:45:39.981281+00:00,tabular,covertype,mlp,7,45000,1.0,n_d_lr_grid,16000,0.003,128,0.0001,adam,10000,0.836447,0.888113,7290,110.07,0.007644,4320000000,0.051666,MEDIUM
run_8e736179,internal,tbound_covertype,2026-02-23T11:05:39.981281+00:00,tabular,covertype,mlp,7,45000,1.0,n_d_lr_grid,16000,0.001,128,0.0001,adam,10000,0.850745,0.868898,9339,54.48,0.003784,4320000000,0.018153,LOW
run_657674b6,internal,tbound_covertype,2026-02-23T11:25:39.981281+00:00,tabular,covertype,mlp,7,45000,1.0,n_d_lr_grid,16000,0.0003,128,0.0001,adam,10000,0.3,0.34782,8306,38.74,0.00269,4320000000,0.04782,LOW
run_f18e6dc5,internal,tbound_covertype,2026-02-23T11:45:39.981281+00:00,tabular,covertype,mlp,7,45000,1.0,n_d_lr_grid,16000,0.0001,128,0.0001,adam,10000,0.3,0.351494,8179,44.95,0.003122,4320000000,0.051494,MEDIUM
run_fddc0278,internal,tbound_covertype,2026-02-23T12:05:39.981281+00:00,tabular,covertype,mlp,7,45000,1.0,n_d_lr_grid,16000,3e-05,128,0.0001,adam,10000,0.3,0.330743,7558,44.51,0.003091,4320000000,0.030743,LOW
run_b2045c35,internal,tbound_covertype,2026-02-23T12:25:39.981281+00:00,tabular,covertype,mlp,7,45000,1.0,n_d_lr_grid,65000,0.01,128,0.0001,adam,10000,0.3,0.370896,7420,69.94,0.004857,17550000000,0.070896,MEDIUM
run_2af7d49a,internal,tbound_covertype,2026-02-23T12:45:39.981281+00:00,tabular,covertype,mlp,7,45000,1.0,n_d_lr_grid,65000,0.003,128,0.0001,adam,10000,0.739523,0.755167,9589,121.06,0.008407,17550000000,0.015643,LOW
run_bb8ecada,internal,tbound_covertype,2026-02-23T13:05:39.981281+00:00,tabular,covertype,mlp,7,45000,1.0,n_d_lr_grid,65000,0.001,128,0.0001,adam,10000,0.920145,0.935758,9155,79.42,0.005515,17550000000,0.015613,LOW
run_754e5475,internal,tbound_covertype,2026-02-23T13:25:39.981281+00:00,tabular,covertype,mlp,7,45000,1.0,n_d_lr_grid,65000,0.0003,128,0.0001,adam,10000,0.3,0.374105,7692,68.88,0.004783,17550000000,0.074105,MEDIUM
run_a57584c9,internal,tbound_covertype,2026-02-23T13:45:39.981281+00:00,tabular,covertype,mlp,7,45000,1.0,n_d_lr_grid,65000,0.0001,128,0.0001,adam,10000,0.3,0.323664,9430,97.56,0.006775,17550000000,0.023664,LOW
run_15bd84ab,internal,tbound_covertype,2026-02-23T14:05:39.981281+00:00,tabular,covertype,mlp,7,45000,1.0,n_d_lr_grid,65000,3e-05,128,0.0001,adam,10000,0.3,0.371259,9437,123.88,0.008603,17550000000,0.071259,MEDIUM
run_b1b5e18f,internal,tbound_covertype,2026-02-23T14:25:39.981281+00:00,tabular,covertype,mlp,7,45000,1.0,n_d_lr_grid,260000,0.01,128,0.0001,adam,10000,0.3,0.360545,9645,59.63,0.004141,70200000000,0.060545,MEDIUM
run_5c7cd5c7,internal,tbound_covertype,2026-02-23T14:45:39.981281+00:00,tabular,covertype,mlp,7,45000,1.0,n_d_lr_grid,260000,0.003,128,0.0001,adam,10000,0.623561,0.666427,8380,94.04,0.00653,70200000000,0.042866,LOW
run_2ea6c328,internal,tbound_covertype,2026-02-23T15:05:39.981281+00:00,tabular,covertype,mlp,7,45000,1.0,n_d_lr_grid,260000,0.001,128,0.0001,adam,10000,0.968667,0.979401,8993,136.56,0.009483,70200000000,0.010735,LOW
run_77484d0c,internal,tbound_covertype,2026-02-23T15:25:39.981281+00:00,tabular,covertype,mlp,7,45000,1.0,n_d_lr_grid,260000,0.0003,128,0.0001,adam,10000,0.515194,0.581872,7154,141.55,0.00983,70200000000,0.066677,MEDIUM
run_4e7e0941,internal,tbound_covertype,2026-02-23T15:45:39.981281+00:00,tabular,covertype,mlp,7,45000,1.0,n_d_lr_grid,260000,0.0001,128,0.0001,adam,10000,0.3,0.333929,7843,134.65,0.009351,70200000000,0.033929,LOW
run_86d7d8df,internal,tbound_covertype,2026-02-23T16:05:39.981281+00:00,tabular,covertype,mlp,7,45000,1.0,n_d_lr_grid,260000,3e-05,128,0.0001,adam,10000,0.3,0.367007,8725,81.23,0.005641,70200000000,0.067007,MEDIUM
run_d1bc414b,internal,tbound_covertype,2026-02-23T16:25:39.981281+00:00,tabular,covertype,mlp,7,45000,1.0,n_d_lr_grid,1050000,0.01,128,0.0001,adam,10000,0.3,0.334608,8510,189.93,0.01319,283500000000,0.034608,LOW
run_c23bdbdd,internal,tbound_covertype,2026-02-23T16:45:39.981281+00:00,tabular,covertype,mlp,7,45000,1.0,n_d_lr_grid,1050000,0.003,128,0.0001,adam,10000,0.438678,0.475345,9306,139.91,0.009716,283500000000,0.036667,LOW
run_2dbe8e07,internal,tbound_covertype,2026-02-23T17:05:39.981281+00:00,tabular,covertype,mlp,7,45000,1.0,n_d_lr_grid,1050000,0.001,128,0.0001,adam,10000,0.949403,0.972653,7421,176.34,0.012246,283500000000,0.02325,LOW
run_86df77ce,internal,tbound_covertype,2026-02-23T17:25:39.981281+00:00,tabular,covertype,mlp,7,45000,1.0,n_d_lr_grid,1050000,0.0003,128,0.0001,adam,10000,0.677434,0.702577,9425,174.83,0.012141,283500000000,0.025143,LOW
run_23398a64,internal,tbound_covertype,2026-02-23T17:45:39.981281+00:00,tabular,covertype,mlp,7,45000,1.0,n_d_lr_grid,1050000,0.0001,128,0.0001,adam,10000,0.3,0.340881,7880,152.95,0.010621,283500000000,0.040881,LOW
run_2071a3ea,internal,tbound_covertype,2026-02-23T18:05:39.981281+00:00,tabular,covertype,mlp,7,45000,1.0,n_d_lr_grid,1050000,3e-05,128,0.0001,adam,10000,0.3,0.345248,8473,141.13,0.009801,283500000000,0.045248,LOW
run_443e2dd9,internal,tbound_covertype,2026-02-23T18:25:39.981281+00:00,tabular,covertype,mlp,7,45000,1.0,n_d_lr_grid,4200000,0.01,128,0.0001,adam,10000,0.3,0.367815,9550,506.83,0.035197,1134000000000,0.067815,MEDIUM
run_68993cff,internal,tbound_covertype,2026-02-23T18:45:39.981281+00:00,tabular,covertype,mlp,7,45000,1.0,n_d_lr_grid,4200000,0.003,128,0.0001,adam,10000,0.3,0.351899,7143,487.27,0.033838,1134000000000,0.051899,MEDIUM
run_daa24c7d,internal,tbound_covertype,2026-02-23T19:05:39.981281+00:00,tabular,covertype,mlp,7,45000,1.0,n_d_lr_grid,4200000,0.001,128,0.0001,adam,10000,0.90098,0.97162,7223,464.82,0.032279,1134000000000,0.07064,MEDIUM
run_d1bea3dd,internal,tbound_covertype,2026-02-23T19:25:39.981281+00:00,tabular,covertype,mlp,7,45000,1.0,n_d_lr_grid,4200000,0.0003,128,0.0001,adam,10000,0.809269,0.834703,7264,506.31,0.03516,1134000000000,0.025434,LOW
run_d7c226bb,internal,tbound_covertype,2026-02-23T19:45:39.981281+00:00,tabular,covertype,mlp,7,45000,1.0,n_d_lr_grid,4200000,0.0001,128,0.0001,adam,10000,0.3,0.311471,9774,523.76,0.036373,1134000000000,0.011471,LOW
run_f4d9c399,internal,tbound_covertype,2026-02-23T20:05:39.981281+00:00,tabular,covertype,mlp,7,45000,1.0,n_d_lr_grid,4200000,3e-05,128,0.0001,adam,10000,0.3,0.365142,8353,475.5,0.033021,1134000000000,0.065142,MEDIUM
run_69ac2923,internal,tbound_covertype,2026-02-23T20:25:39.981281+00:00,tabular,covertype,mlp,7,11250,0.25,batch_grid,260000,0.001026,32,0.0001,adam,10000,0.906366,0.938086,7924,78.43,0.005446,70200000000,0.03172,LOW
run_1f24560d,internal,tbound_covertype,2026-02-23T20:45:39.981281+00:00,tabular,covertype,mlp,7,11250,0.25,batch_grid,260000,0.001026,64,0.0001,adam,10000,0.946366,0.956859,7777,64.58,0.004485,70200000000,0.010494,LOW
run_4c3bde3e,internal,tbound_covertype,2026-02-23T21:05:39.981281+00:00,tabular,covertype,mlp,7,11250,0.25,batch_grid,260000,0.001026,128,0.0001,adam,10000,0.966366,0.984458,8419,79.2,0.0055,70200000000,0.018092,LOW
run_fc6512f4,internal,tbound_covertype,2026-02-23T21:25:39.981281+00:00,tabular,covertype,mlp,7,11250,0.25,batch_grid,260000,0.001026,256,0.0001,adam,10000,0.966366,0.992278,7903,86.7,0.006021,70200000000,0.025912,LOW
run_a70727dd,internal,tbound_covertype,2026-02-23T21:45:39.981281+00:00,tabular,covertype,mlp,7,11250,0.25,batch_grid,260000,0.001026,512,0.0001,adam,10000,0.946366,0.967191,7174,67.65,0.004698,70200000000,0.020825,LOW
run_e8dc74e6,internal,tbound_covertype,2026-02-23T22:05:39.981281+00:00,tabular,covertype,mlp,7,11250,0.25,batch_grid,260000,0.001026,1024,0.0001,adam,10000,0.906366,0.936594,7556,59.72,0.004147,70200000000,0.030228,LOW
run_75ec0e51,internal,tbound_covertype,2026-02-23T22:25:39.981281+00:00,tabular,covertype,mlp,7,22500,0.5,batch_grid,260000,0.001026,32,0.0001,adam,10000,0.906366,0.938497,9056,87.23,0.006057,70200000000,0.032132,LOW
run_c11144d4,internal,tbound_covertype,2026-02-23T22:45:39.981281+00:00,tabular,covertype,mlp,7,22500,0.5,batch_grid,260000,0.001026,64,0.0001,adam,10000,0.946366,0.978681,8016,113.59,0.007888,70200000000,0.032315,LOW
run_0d423ff7,internal,tbound_covertype,2026-02-23T23:05:39.981281+00:00,tabular,covertype,mlp,7,22500,0.5,batch_grid,260000,0.001026,128,0.0001,adam,10000,0.966366,1.0,7225,102.67,0.00713,70200000000,0.033634,LOW
run_615ccc00,internal,tbound_covertype,2026-02-23T23:25:39.981281+00:00,tabular,covertype,mlp,7,22500,0.5,batch_grid,260000,0.001026,256,0.0001,adam,10000,0.966366,0.983777,9020,88.48,0.006144,70200000000,0.017411,LOW
run_f39ec76d,internal,tbound_covertype,2026-02-23T23:45:39.981281+00:00,tabular,covertype,mlp,7,22500,0.5,batch_grid,260000,0.001026,512,0.0001,adam,10000,0.946366,0.974414,8231,75.82,0.005266,70200000000,0.028048,LOW
run_84ca418e,internal,tbound_covertype,2026-02-24T00:05:39.981281+00:00,tabular,covertype,mlp,7,22500,0.5,batch_grid,260000,0.001026,1024,0.0001,adam,10000,0.906366,0.950052,7305,73.8,0.005125,70200000000,0.043687,LOW
run_cfad15ad,internal,tbound_covertype,2026-02-24T00:25:39.981281+00:00,tabular,covertype,mlp,7,45000,1.0,batch_grid,260000,0.001026,32,0.0001,adam,10000,0.906366,0.923161,8689,63.62,0.004418,70200000000,0.016795,LOW
run_e0fcb24c,internal,tbound_covertype,2026-02-24T00:45:39.981281+00:00,tabular,covertype,mlp,7,45000,1.0,batch_grid,260000,0.001026,64,0.0001,adam,10000,0.946366,0.986636,7419,96.83,0.006725,70200000000,0.04027,LOW
run_5572a3a6,internal,tbound_covertype,2026-02-24T01:05:39.981281+00:00,tabular,covertype,mlp,7,45000,1.0,batch_grid,260000,0.001026,128,0.0001,adam,10000,0.966366,0.990691,9030,115.37,0.008012,70200000000,0.024326,LOW
run_3b40684a,internal,tbound_covertype,2026-02-24T01:25:39.981281+00:00,tabular,covertype,mlp,7,45000,1.0,batch_grid,260000,0.001026,256,0.0001,adam,10000,0.966366,1.0,8164,58.82,0.004085,70200000000,0.033634,LOW
run_18335a2f,internal,tbound_covertype,2026-02-24T01:45:39.981281+00:00,tabular,covertype,mlp,7,45000,1.0,batch_grid,260000,0.001026,512,0.0001,adam,10000,0.946366,0.960011,8342,73.15,0.00508,70200000000,0.013646,LOW
run_c4ef64e2,internal,tbound_covertype,2026-02-24T02:05:39.981281+00:00,tabular,covertype,mlp,7,45000,1.0,batch_grid,260000,0.001026,1024,0.0001,adam,10000,0.906366,0.943183,8178,94.51,0.006563,70200000000,0.036817,LOW
run_8dca53ba,internal,tbound_otto,2026-02-24T02:25:39.981281+00:00,tabular,otto,mlp,9,4500,0.1,n_d_lr_grid,4000,0.01,128,0.0001,adam,10000,0.3,0.338958,9779,89.17,0.006192,1080000000,0.038958,LOW
run_c82b57f0,internal,tbound_otto,2026-02-24T02:45:39.981281+00:00,tabular,otto,mlp,9,4500,0.1,n_d_lr_grid,4000,0.003,128,0.0001,adam,10000,0.338237,0.371713,7993,46.34,0.003218,1080000000,0.033476,LOW
run_815deafe,internal,tbound_otto,2026-02-24T03:05:39.981281+00:00,tabular,otto,mlp,9,4500,0.1,n_d_lr_grid,4000,0.001,128,0.0001,adam,10000,0.3,0.3129,8541,117.5,0.00816,1080000000,0.0129,LOW
run_034610fa,internal,tbound_otto,2026-02-24T03:25:39.981281+00:00,tabular,otto,mlp,9,4500,0.1,n_d_lr_grid,4000,0.0003,128,0.0001,adam,10000,0.3,0.361006,9653,58.78,0.004082,1080000000,0.061006,MEDIUM
run_64efbffd,internal,tbound_otto,2026-02-24T03:45:39.981281+00:00,tabular,otto,mlp,9,4500,0.1,n_d_lr_grid,4000,0.0001,128,0.0001,adam,10000,0.3,0.344329,7147,45.66,0.003171,1080000000,0.044329,LOW
run_7dd546d7,internal,tbound_otto,2026-02-24T04:05:39.981281+00:00,tabular,otto,mlp,9,4500,0.1,n_d_lr_grid,4000,3e-05,128,0.0001,adam,10000,0.3,0.322532,8089,102.18,0.007096,1080000000,0.022532,LOW
run_3bdf1c3c,internal,tbound_otto,2026-02-24T04:25:39.981281+00:00,tabular,otto,mlp,9,4500,0.1,n_d_lr_grid,16000,0.01,128,0.0001,adam,10000,0.3,0.351139,7174,41.71,0.002897,4320000000,0.051139,MEDIUM
run_58669ad1,internal,tbound_otto,2026-02-24T04:45:39.981281+00:00,tabular,otto,mlp,9,4500,0.1,n_d_lr_grid,16000,0.003,128,0.0001,adam,10000,0.301282,0.375853,8137,38.15,0.002649,4320000000,0.07457,MEDIUM
run_92a4c4f0,internal,tbound_otto,2026-02-24T05:05:39.981281+00:00,tabular,otto,mlp,9,4500,0.1,n_d_lr_grid,16000,0.001,128,0.0001,adam,10000,0.31558,0.369523,8170,89.87,0.006241,4320000000,0.053942,MEDIUM
run_050551b9,internal,tbound_otto,2026-02-24T05:25:39.981281+00:00,tabular,otto,mlp,9,4500,0.1,n_d_lr_grid,16000,0.0003,128,0.0001,adam,10000,0.3,0.379476,9797,53.26,0.003699,4320000000,0.079476,MEDIUM
run_81de8559,internal,tbound_otto,2026-02-24T05:45:39.981281+00:00,tabular,otto,mlp,9,4500,0.1,n_d_lr_grid,16000,0.0001,128,0.0001,adam,10000,0.3,0.377313,8751,97.32,0.006758,4320000000,0.077313,MEDIUM
run_f22bbc8b,internal,tbound_otto,2026-02-24T06:05:39.981281+00:00,tabular,otto,mlp,9,4500,0.1,n_d_lr_grid,16000,3e-05,128,0.0001,adam,10000,0.3,0.337953,9934,68.47,0.004755,4320000000,0.037953,LOW
run_019ee2f3,internal,tbound_otto,2026-02-24T06:25:39.981281+00:00,tabular,otto,mlp,9,4500,0.1,n_d_lr_grid,65000,0.01,128,0.0001,adam,10000,0.3,0.352859,8873,38.0,0.002639,17550000000,0.052859,MEDIUM
run_980da3c8,internal,tbound_otto,2026-02-24T06:45:39.981281+00:00,tabular,otto,mlp,9,4500,0.1,n_d_lr_grid,65000,0.003,128,0.0001,adam,10000,0.3,0.366733,8979,61.04,0.004239,17550000000,0.066733,MEDIUM
run_2d6c3cc1,internal,tbound_otto,2026-02-24T07:05:39.981281+00:00,tabular,otto,mlp,9,4500,0.1,n_d_lr_grid,65000,0.001,128,0.0001,adam,10000,0.396828,0.447314,9938,111.44,0.007739,17550000000,0.050485,MEDIUM
run_b9ad6439,internal,tbound_otto,2026-02-24T07:25:39.981281+00:00,tabular,otto,mlp,9,4500,0.1,n_d_lr_grid,65000,0.0003,128,0.0001,adam,10000,0.3,0.314758,9457,52.81,0.003667,17550000000,0.014758,LOW
run_f6e1f14c,internal,tbound_otto,2026-02-24T07:45:39.981281+00:00,tabular,otto,mlp,9,4500,0.1,n_d_lr_grid,65000,0.0001,128,0.0001,adam,10000,0.3,0.37231,8191,95.2,0.006611,17550000000,0.07231,MEDIUM
run_e0899c0a,internal,tbound_otto,2026-02-24T08:05:39.981281+00:00,tabular,otto,mlp,9,4500,0.1,n_d_lr_grid,65000,3e-05,128,0.0001,adam,10000,0.3,0.348401,8366,72.75,0.005052,17550000000,0.048401,LOW
run_3346a153,internal,tbound_otto,2026-02-24T08:25:39.981281+00:00,tabular,otto,mlp,9,4500,0.1,n_d_lr_grid,260000,0.01,128,0.0001,adam,10000,0.3,0.349799,9587,61.33,0.004259,70200000000,0.049799,LOW
run_b07eca07,internal,tbound_otto,2026-02-24T08:45:39.981281+00:00,tabular,otto,mlp,9,4500,0.1,n_d_lr_grid,260000,0.003,128,0.0001,adam,10000,0.3,0.357282,9887,91.64,0.006364,70200000000,0.057282,MEDIUM
run_f4ad2f45,internal,tbound_otto,2026-02-24T09:05:39.981281+00:00,tabular,otto,mlp,9,4500,0.1,n_d_lr_grid,260000,0.001,128,0.0001,adam,10000,0.444932,0.466043,7084,141.43,0.009822,70200000000,0.021112,LOW
run_59c952bb,internal,tbound_otto,2026-02-24T09:25:39.981281+00:00,tabular,otto,mlp,9,4500,0.1,n_d_lr_grid,260000,0.0003,128,0.0001,adam,10000,0.3,0.340384,9112,67.48,0.004686,70200000000,0.040384,LOW
run_fb6f820c,internal,tbound_otto,2026-02-24T09:45:39.981281+00:00,tabular,otto,mlp,9,4500,0.1,n_d_lr_grid,260000,0.0001,128,0.0001,adam,10000,0.3,0.334806,9986,83.25,0.005782,70200000000,0.034806,LOW
run_ccc345aa,internal,tbound_otto,2026-02-24T10:05:39.981281+00:00,tabular,otto,mlp,9,4500,0.1,n_d_lr_grid,260000,3e-05,128,0.0001,adam,10000,0.3,0.359051,8612,109.01,0.00757,70200000000,0.059051,MEDIUM
run_eccd23c3,internal,tbound_otto,2026-02-24T10:25:39.981281+00:00,tabular,otto,mlp,9,4500,0.1,n_d_lr_grid,1050000,0.01,128,0.0001,adam,10000,0.3,0.351565,8940,186.8,0.012972,283500000000,0.051565,MEDIUM
run_daac6488,internal,tbound_otto,2026-02-24T10:45:39.981281+00:00,tabular,otto,mlp,9,4500,0.1,n_d_lr_grid,1050000,0.003,128,0.0001,adam,10000,0.3,0.343022,7812,184.81,0.012834,283500000000,0.043022,LOW
run_8d0f5d67,internal,tbound_otto,2026-02-24T11:05:39.981281+00:00,tabular,otto,mlp,9,4500,0.1,n_d_lr_grid,1050000,0.001,128,0.0001,adam,10000,0.43533,0.461052,8326,141.22,0.009807,283500000000,0.025722,LOW
run_43469f5f,internal,tbound_otto,2026-02-24T11:25:39.981281+00:00,tabular,otto,mlp,9,4500,0.1,n_d_lr_grid,1050000,0.0003,128,0.0001,adam,10000,0.3,0.311764,8073,166.93,0.011593,283500000000,0.011764,LOW
run_5555314a,internal,tbound_otto,2026-02-24T11:45:39.981281+00:00,tabular,otto,mlp,9,4500,0.1,n_d_lr_grid,1050000,0.0001,128,0.0001,adam,10000,0.3,0.313032,8370,197.94,0.013746,283500000000,0.013032,LOW
run_aa8eae27,internal,tbound_otto,2026-02-24T12:05:39.981281+00:00,tabular,otto,mlp,9,4500,0.1,n_d_lr_grid,1050000,3e-05,128,0.0001,adam,10000,0.3,0.358647,9580,186.07,0.012921,283500000000,0.058647,MEDIUM
run_c4a724c3,internal,tbound_otto,2026-02-24T12:25:39.981281+00:00,tabular,otto,mlp,9,4500,0.1,n_d_lr_grid,4200000,0.01,128,0.0001,adam,10000,0.3,0.361452,8612,504.91,0.035063,1134000000000,0.061452,MEDIUM
run_c890f66a,internal,tbound_otto,2026-02-24T12:45:39.981281+00:00,tabular,otto,mlp,9,4500,0.1,n_d_lr_grid,4200000,0.003,128,0.0001,adam,10000,0.3,0.340838,9676,478.56,0.033233,1134000000000,0.040838,LOW
run_aec8a90a,internal,tbound_otto,2026-02-24T13:05:39.981281+00:00,tabular,otto,mlp,9,4500,0.1,n_d_lr_grid,4200000,0.001,128,0.0001,adam,10000,0.390648,0.404913,8985,512.46,0.035588,1134000000000,0.014265,LOW
run_bb3ac18a,internal,tbound_otto,2026-02-24T13:25:39.981281+00:00,tabular,otto,mlp,9,4500,0.1,n_d_lr_grid,4200000,0.0003,128,0.0001,adam,10000,0.3,0.330173,9181,450.58,0.03129,1134000000000,0.030173,LOW
run_75ca2231,internal,tbound_otto,2026-02-24T13:45:39.981281+00:00,tabular,otto,mlp,9,4500,0.1,n_d_lr_grid,4200000,0.0001,128,0.0001,adam,10000,0.3,0.373561,7901,471.83,0.032766,1134000000000,0.073561,MEDIUM
run_7d10d8ec,internal,tbound_otto,2026-02-24T14:05:39.981281+00:00,tabular,otto,mlp,9,4500,0.1,n_d_lr_grid,4200000,3e-05,128,0.0001,adam,10000,0.3,0.311676,8191,502.63,0.034905,1134000000000,0.011676,LOW
run_485e2316,internal,tbound_otto,2026-02-24T14:25:39.981281+00:00,tabular,otto,mlp,9,9000,0.2,n_d_lr_grid,4000,0.01,128,0.0001,adam,10000,0.3,0.319002,8248,82.05,0.005698,1080000000,0.019002,LOW
run_d680a11d,internal,tbound_otto,2026-02-24T14:45:39.981281+00:00,tabular,otto,mlp,9,9000,0.2,n_d_lr_grid,4000,0.003,128,0.0001,adam,10000,0.4081,0.4245,8264,86.71,0.006022,1080000000,0.0164,LOW
run_9f9437bd,internal,tbound_otto,2026-02-24T15:05:39.981281+00:00,tabular,otto,mlp,9,9000,0.2,n_d_lr_grid,4000,0.001,128,0.0001,adam,10000,0.3,0.335315,8058,41.68,0.002895,1080000000,0.035315,LOW
run_4b7a2eda,internal,tbound_otto,2026-02-24T15:25:39.981281+00:00,tabular,otto,mlp,9,9000,0.2,n_d_lr_grid,4000,0.0003,128,0.0001,adam,10000,0.3,0.37276,9476,48.07,0.003338,1080000000,0.07276,MEDIUM
run_977203ce,internal,tbound_otto,2026-02-24T15:45:39.981281+00:00,tabular,otto,mlp,9,9000,0.2,n_d_lr_grid,4000,0.0001,128,0.0001,adam,10000,0.3,0.344616,7344,41.35,0.002872,1080000000,0.044616,LOW
run_9c429bee,internal,tbound_otto,2026-02-24T16:05:39.981281+00:00,tabular,otto,mlp,9,9000,0.2,n_d_lr_grid,4000,3e-05,128,0.0001,adam,10000,0.3,0.332125,8942,86.83,0.00603,1080000000,0.032125,LOW
run_aed66ae9,internal,tbound_otto,2026-02-24T16:25:39.981281+00:00,tabular,otto,mlp,9,9000,0.2,n_d_lr_grid,16000,0.01,128,0.0001,adam,10000,0.3,0.340077,8522,99.09,0.006881,4320000000,0.040077,LOW
run_3472295b,internal,tbound_otto,2026-02-24T16:45:39.981281+00:00,tabular,otto,mlp,9,9000,0.2,n_d_lr_grid,16000,0.003,128,0.0001,adam,10000,0.376794,0.404696,7480,61.07,0.004241,4320000000,0.027902,LOW
run_57b5e6a3,internal,tbound_otto,2026-02-24T17:05:39.981281+00:00,tabular,otto,mlp,9,9000,0.2,n_d_lr_grid,16000,0.001,128,0.0001,adam,10000,0.391092,0.419908,8462,49.48,0.003436,4320000000,0.028816,LOW
run_df06b5c4,internal,tbound_otto,2026-02-24T17:25:39.981281+00:00,tabular,otto,mlp,9,9000,0.2,n_d_lr_grid,16000,0.0003,128,0.0001,adam,10000,0.3,0.336931,7044,70.84,0.004919,4320000000,0.036931,LOW
run_d63960b0,internal,tbound_otto,2026-02-24T17:45:39.981281+00:00,tabular,otto,mlp,9,9000,0.2,n_d_lr_grid,16000,0.0001,128,0.0001,adam,10000,0.3,0.351159,8887,69.98,0.00486,4320000000,0.051159,MEDIUM
run_8a68230a,internal,tbound_otto,2026-02-24T18:05:39.981281+00:00,tabular,otto,mlp,9,9000,0.2,n_d_lr_grid,16000,3e-05,128,0.0001,adam,10000,0.3,0.368208,9334,47.56,0.003303,4320000000,0.068208,MEDIUM
run_f771a227,internal,tbound_otto,2026-02-24T18:25:39.981281+00:00,tabular,otto,mlp,9,9000,0.2,n_d_lr_grid,65000,0.01,128,0.0001,adam,10000,0.3,0.322028,9803,83.13,0.005773,17550000000,0.022028,LOW
run_2910175b,internal,tbound_otto,2026-02-24T18:45:39.981281+00:00,tabular,otto,mlp,9,9000,0.2,n_d_lr_grid,65000,0.003,128,0.0001,adam,10000,0.3,0.350528,7380,37.81,0.002626,17550000000,0.050528,MEDIUM
run_59a4b563,internal,tbound_otto,2026-02-24T19:05:39.981281+00:00,tabular,otto,mlp,9,9000,0.2,n_d_lr_grid,65000,0.001,128,0.0001,adam,10000,0.476213,0.543043,7190,37.75,0.002621,17550000000,0.066831,MEDIUM
run_b73cdf70,internal,tbound_otto,2026-02-24T19:25:39.981281+00:00,tabular,otto,mlp,9,9000,0.2,n_d_lr_grid,65000,0.0003,128,0.0001,adam,10000,0.3,0.370444,9201,64.29,0.004465,17550000000,0.070444,MEDIUM
run_ab8a18c0,internal,tbound_otto,2026-02-24T19:45:39.981281+00:00,tabular,otto,mlp,9,9000,0.2,n_d_lr_grid,65000,0.0001,128,0.0001,adam,10000,0.3,0.375293,8912,38.31,0.002661,17550000000,0.075293,MEDIUM
run_e4240efe,internal,tbound_otto,2026-02-24T20:05:39.981281+00:00,tabular,otto,mlp,9,9000,0.2,n_d_lr_grid,65000,3e-05,128,0.0001,adam,10000,0.3,0.372032,7787,77.77,0.0054,17550000000,0.072032,MEDIUM
run_ef3a6bf4,internal,tbound_otto,2026-02-24T20:25:39.981281+00:00,tabular,otto,mlp,9,9000,0.2,n_d_lr_grid,260000,0.01,128,0.0001,adam,10000,0.3,0.36654,9572,135.73,0.009426,70200000000,0.06654,MEDIUM
run_f2b8601f,internal,tbound_otto,2026-02-24T20:45:39.981281+00:00,tabular,otto,mlp,9,9000,0.2,n_d_lr_grid,260000,0.003,128,0.0001,adam,10000,0.3,0.311326,8118,122.23,0.008488,70200000000,0.011326,LOW
run_adc32c14,internal,tbound_otto,2026-02-24T21:05:39.981281+00:00,tabular,otto,mlp,9,9000,0.2,n_d_lr_grid,260000,0.001,128,0.0001,adam,10000,0.529154,0.548459,7190,113.46,0.007879,70200000000,0.019305,LOW
run_ca4a3f6e,internal,tbound_otto,2026-02-24T21:25:39.981281+00:00,tabular,otto,mlp,9,9000,0.2,n_d_lr_grid,260000,0.0003,128,0.0001,adam,10000,0.3,0.326176,8140,136.76,0.009498,70200000000,0.026176,LOW
run_f9115d04,internal,tbound_otto,2026-02-24T21:45:39.981281+00:00,tabular,otto,mlp,9,9000,0.2,n_d_lr_grid,260000,0.0001,128,0.0001,adam,10000,0.3,0.310065,8187,137.29,0.009534,70200000000,0.010065,LOW
run_798c291e,internal,tbound_otto,2026-02-24T22:05:39.981281+00:00,tabular,otto,mlp,9,9000,0.2,n_d_lr_grid,260000,3e-05,128,0.0001,adam,10000,0.3,0.345004,8097,116.74,0.008107,70200000000,0.045004,LOW
run_e7aae30e,internal,tbound_otto,2026-02-24T22:25:39.981281+00:00,tabular,otto,mlp,9,9000,0.2,n_d_lr_grid,1050000,0.01,128,0.0001,adam,10000,0.3,0.373821,7198,138.63,0.009627,283500000000,0.073821,MEDIUM
run_1d9f03dd,internal,tbound_otto,2026-02-24T22:45:39.981281+00:00,tabular,otto,mlp,9,9000,0.2,n_d_lr_grid,1050000,0.003,128,0.0001,adam,10000,0.3,0.331882,7790,171.96,0.011942,283500000000,0.031882,LOW
run_0f062f86,internal,tbound_otto,2026-02-24T23:05:39.981281+00:00,tabular,otto,mlp,9,9000,0.2,n_d_lr_grid,1050000,0.001,128,0.0001,adam,10000,0.520584,0.57401,8174,207.34,0.014398,283500000000,0.053426,MEDIUM
run_43f05e17,internal,tbound_otto,2026-02-24T23:25:39.981281+00:00,tabular,otto,mlp,9,9000,0.2,n_d_lr_grid,1050000,0.0003,128,0.0001,adam,10000,0.3,0.337016,9244,168.66,0.011712,283500000000,0.037016,LOW
run_fd4b518f,internal,tbound_otto,2026-02-24T23:45:39.981281+00:00,tabular,otto,mlp,9,9000,0.2,n_d_lr_grid,1050000,0.0001,128,0.0001,adam,10000,0.3,0.36361,7787,197.25,0.013698,283500000000,0.06361,MEDIUM
run_a3a4f695,internal,tbound_otto,2026-02-25T00:05:39.981281+00:00,tabular,otto,mlp,9,9000,0.2,n_d_lr_grid,1050000,3e-05,128,0.0001,adam,10000,0.3,0.337549,9712,146.76,0.010192,283500000000,0.037549,LOW
run_d4676054,internal,tbound_otto,2026-02-25T00:25:39.981281+00:00,tabular,otto,mlp,9,9000,0.2,n_d_lr_grid,4200000,0.01,128,0.0001,adam,10000,0.3,0.361052,8129,501.76,0.034844,1134000000000,0.061052,MEDIUM
run_42dd5bc0,internal,tbound_otto,2026-02-25T00:45:39.981281+00:00,tabular,otto,mlp,9,9000,0.2,n_d_lr_grid,4200000,0.003,128,0.0001,adam,10000,0.3,0.360828,7593,483.03,0.033544,1134000000000,0.060828,MEDIUM
run_57138f67,internal,tbound_otto,2026-02-25T01:05:39.981281+00:00,tabular,otto,mlp,9,9000,0.2,n_d_lr_grid,4200000,0.001,128,0.0001,adam,10000,0.47737,0.501831,7324,478.19,0.033208,1134000000000,0.024461,LOW
run_9ba7b316,internal,tbound_otto,2026-02-25T01:25:39.981281+00:00,tabular,otto,mlp,9,9000,0.2,n_d_lr_grid,4200000,0.0003,128,0.0001,adam,10000,0.385659,0.411915,8490,486.48,0.033783,1134000000000,0.026256,LOW
run_b13923f8,internal,tbound_otto,2026-02-25T01:45:39.981281+00:00,tabular,otto,mlp,9,9000,0.2,n_d_lr_grid,4200000,0.0001,128,0.0001,adam,10000,0.3,0.346639,7383,532.94,0.037009,1134000000000,0.046639,LOW
run_9d1ef5e7,internal,tbound_otto,2026-02-25T02:05:39.981281+00:00,tabular,otto,mlp,9,9000,0.2,n_d_lr_grid,4200000,3e-05,128,0.0001,adam,10000,0.3,0.373648,7216,483.32,0.033564,1134000000000,0.073648,MEDIUM
run_30187b3f,internal,tbound_otto,2026-02-25T02:25:39.981281+00:00,tabular,otto,mlp,9,15749,0.35,n_d_lr_grid,4000,0.01,128,0.0001,adam,10000,0.3,0.332661,9317,99.27,0.006894,1080000000,0.032661,LOW
run_7e72bccc,internal,tbound_otto,2026-02-25T02:45:39.981281+00:00,tabular,otto,mlp,9,15749,0.35,n_d_lr_grid,4000,0.003,128,0.0001,adam,10000,0.474037,0.496834,9514,116.47,0.008088,1080000000,0.022797,LOW
run_e9da42cb,internal,tbound_otto,2026-02-25T03:05:39.981281+00:00,tabular,otto,mlp,9,15749,0.35,n_d_lr_grid,4000,0.001,128,0.0001,adam,10000,0.323851,0.389009,8013,111.69,0.007756,1080000000,0.065158,MEDIUM
run_9a0c7f50,internal,tbound_otto,2026-02-25T03:25:39.981281+00:00,tabular,otto,mlp,9,15749,0.35,n_d_lr_grid,4000,0.0003,128,0.0001,adam,10000,0.3,0.317631,8755,52.77,0.003664,1080000000,0.017631,LOW
run_981b27b5,internal,tbound_otto,2026-02-25T03:45:39.981281+00:00,tabular,otto,mlp,9,15749,0.35,n_d_lr_grid,4000,0.0001,128,0.0001,adam,10000,0.3,0.351998,8296,74.11,0.005146,1080000000,0.051998,MEDIUM
run_28d86117,internal,tbound_otto,2026-02-25T04:05:39.981281+00:00,tabular,otto,mlp,9,15749,0.35,n_d_lr_grid,4000,3e-05,128,0.0001,adam,10000,0.3,0.331173,9593,107.68,0.007478,1080000000,0.031173,LOW
run_ab767898,internal,tbound_otto,2026-02-25T04:25:39.981281+00:00,tabular,otto,mlp,9,15749,0.35,n_d_lr_grid,16000,0.01,128,0.0001,adam,10000,0.3,0.329159,7913,113.66,0.007893,4320000000,0.029159,LOW
run_0ca34148,internal,tbound_otto,2026-02-25T04:45:39.981281+00:00,tabular,otto,mlp,9,15749,0.35,n_d_lr_grid,16000,0.003,128,0.0001,adam,10000,0.448062,0.524214,8944,93.03,0.00646,4320000000,0.076152,MEDIUM
run_cb05ea59,internal,tbound_otto,2026-02-25T05:05:39.981281+00:00,tabular,otto,mlp,9,15749,0.35,n_d_lr_grid,16000,0.001,128,0.0001,adam,10000,0.46236,0.476124,9378,91.84,0.006378,4320000000,0.013764,LOW
run_a79f4911,internal,tbound_otto,2026-02-25T05:25:39.981281+00:00,tabular,otto,mlp,9,15749,0.35,n_d_lr_grid,16000,0.0003,128,0.0001,adam,10000,0.3,0.34574,8307,42.4,0.002944,4320000000,0.04574,LOW
run_5b715240,internal,tbound_otto,2026-02-25T05:45:39.981281+00:00,tabular,otto,mlp,9,15749,0.35,n_d_lr_grid,16000,0.0001,128,0.0001,adam,10000,0.3,0.366168,9125,109.13,0.007578,4320000000,0.066168,MEDIUM
run_762489eb,internal,tbound_otto,2026-02-25T06:05:39.981281+00:00,tabular,otto,mlp,9,15749,0.35,n_d_lr_grid,16000,3e-05,128,0.0001,adam,10000,0.3,0.341179,7565,39.18,0.002721,4320000000,0.041179,LOW
run_bf0dd9c8,internal,tbound_otto,2026-02-25T06:25:39.981281+00:00,tabular,otto,mlp,9,15749,0.35,n_d_lr_grid,65000,0.01,128,0.0001,adam,10000,0.3,0.356362,8351,104.16,0.007234,17550000000,0.056362,MEDIUM
run_14ada6c1,internal,tbound_otto,2026-02-25T06:45:39.981281+00:00,tabular,otto,mlp,9,15749,0.35,n_d_lr_grid,65000,0.003,128,0.0001,adam,10000,0.370515,0.441502,8082,62.55,0.004344,17550000000,0.070988,MEDIUM
run_e2a96ef7,internal,tbound_otto,2026-02-25T07:05:39.981281+00:00,tabular,otto,mlp,9,15749,0.35,n_d_lr_grid,65000,0.001,128,0.0001,adam,10000,0.551137,0.617364,9716,125.29,0.008701,17550000000,0.066227,MEDIUM
run_efce5fd5,internal,tbound_otto,2026-02-25T07:25:39.981281+00:00,tabular,otto,mlp,9,15749,0.35,n_d_lr_grid,65000,0.0003,128,0.0001,adam,10000,0.3,0.361938,7707,97.5,0.00677,17550000000,0.061938,MEDIUM
run_71b0eedf,internal,tbound_otto,2026-02-25T07:45:39.981281+00:00,tabular,otto,mlp,9,15749,0.35,n_d_lr_grid,65000,0.0001,128,0.0001,adam,10000,0.3,0.353749,9284,93.95,0.006524,17550000000,0.053749,MEDIUM
run_f8b50002,internal,tbound_otto,2026-02-25T08:05:39.981281+00:00,tabular,otto,mlp,9,15749,0.35,n_d_lr_grid,65000,3e-05,128,0.0001,adam,10000,0.3,0.313754,8754,101.07,0.007019,17550000000,0.013754,LOW
run_4ccb4095,internal,tbound_otto,2026-02-25T08:25:39.981281+00:00,tabular,otto,mlp,9,15749,0.35,n_d_lr_grid,260000,0.01,128,0.0001,adam,10000,0.3,0.32524,8146,63.93,0.00444,70200000000,0.02524,LOW
run_dcda2405,internal,tbound_otto,2026-02-25T08:45:39.981281+00:00,tabular,otto,mlp,9,15749,0.35,n_d_lr_grid,260000,0.003,128,0.0001,adam,10000,0.3,0.368551,7689,105.4,0.00732,70200000000,0.068551,MEDIUM
run_a8486c05,internal,tbound_otto,2026-02-25T09:05:39.981281+00:00,tabular,otto,mlp,9,15749,0.35,n_d_lr_grid,260000,0.001,128,0.0001,adam,10000,0.608643,0.646769,8722,108.0,0.0075,70200000000,0.038126,LOW
run_30c59dc4,internal,tbound_otto,2026-02-25T09:25:39.981281+00:00,tabular,otto,mlp,9,15749,0.35,n_d_lr_grid,260000,0.0003,128,0.0001,adam,10000,0.3,0.352302,8412,97.48,0.00677,70200000000,0.052302,MEDIUM
run_442cb242,internal,tbound_otto,2026-02-25T09:45:39.981281+00:00,tabular,otto,mlp,9,15749,0.35,n_d_lr_grid,260000,0.0001,128,0.0001,adam,10000,0.3,0.378687,8710,139.92,0.009717,70200000000,0.078687,MEDIUM
run_09d59ea2,internal,tbound_otto,2026-02-25T10:05:39.981281+00:00,tabular,otto,mlp,9,15749,0.35,n_d_lr_grid,260000,3e-05,128,0.0001,adam,10000,0.3,0.317378,7446,131.5,0.009132,70200000000,0.017378,LOW
run_b3fb28d1,internal,tbound_otto,2026-02-25T10:25:39.981281+00:00,tabular,otto,mlp,9,15749,0.35,n_d_lr_grid,1050000,0.01,128,0.0001,adam,10000,0.3,0.359394,8808,218.0,0.015139,283500000000,0.059394,MEDIUM
run_9dd696e5,internal,tbound_otto,2026-02-25T10:45:39.981281+00:00,tabular,otto,mlp,9,15749,0.35,n_d_lr_grid,1050000,0.003,128,0.0001,adam,10000,0.3,0.331297,8873,147.53,0.010245,283500000000,0.031297,LOW
run_c4ece158,internal,tbound_otto,2026-02-25T11:05:39.981281+00:00,tabular,otto,mlp,9,15749,0.35,n_d_lr_grid,1050000,0.001,128,0.0001,adam,10000,0.601047,0.639591,8358,214.77,0.014915,283500000000,0.038544,LOW
run_56abb902,internal,tbound_otto,2026-02-25T11:25:39.981281+00:00,tabular,otto,mlp,9,15749,0.35,n_d_lr_grid,1050000,0.0003,128,0.0001,adam,10000,0.329077,0.344042,7561,166.48,0.011561,283500000000,0.014964,LOW
run_06b572a0,internal,tbound_otto,2026-02-25T11:45:39.981281+00:00,tabular,otto,mlp,9,15749,0.35,n_d_lr_grid,1050000,0.0001,128,0.0001,adam,10000,0.3,0.354196,7386,159.35,0.011066,283500000000,0.054196,MEDIUM
run_6135e1a2,internal,tbound_otto,2026-02-25T12:05:39.981281+00:00,tabular,otto,mlp,9,15749,0.35,n_d_lr_grid,1050000,3e-05,128,0.0001,adam,10000,0.3,0.354074,7983,212.71,0.014772,283500000000,0.054074,MEDIUM
run_e263abc8,internal,tbound_otto,2026-02-25T12:25:39.981281+00:00,tabular,otto,mlp,9,15749,0.35,n_d_lr_grid,4200000,0.01,128,0.0001,adam,10000,0.3,0.378431,8279,502.44,0.034891,1134000000000,0.078431,MEDIUM
run_0aa1b6de,internal,tbound_otto,2026-02-25T12:45:39.981281+00:00,tabular,otto,mlp,9,15749,0.35,n_d_lr_grid,4200000,0.003,128,0.0001,adam,10000,0.3,0.31075,8024,498.98,0.034652,1134000000000,0.01075,LOW
run_c9985bf5,internal,tbound_otto,2026-02-25T13:05:39.981281+00:00,tabular,otto,mlp,9,15749,0.35,n_d_lr_grid,4200000,0.001,128,0.0001,adam,10000,0.559219,0.57315,9381,473.01,0.032848,1134000000000,0.013931,LOW
run_7a8eb00e,internal,tbound_otto,2026-02-25T13:25:39.981281+00:00,tabular,otto,mlp,9,15749,0.35,n_d_lr_grid,4200000,0.0003,128,0.0001,adam,10000,0.467508,0.501594,9549,496.85,0.034503,1134000000000,0.034086,LOW
run_55475add,internal,tbound_otto,2026-02-25T13:45:39.981281+00:00,tabular,otto,mlp,9,15749,0.35,n_d_lr_grid,4200000,0.0001,128,0.0001,adam,10000,0.3,0.342382,9812,452.99,0.031458,1134000000000,0.042382,LOW
run_1e97cd6a,internal,tbound_otto,2026-02-25T14:05:39.981281+00:00,tabular,otto,mlp,9,15749,0.35,n_d_lr_grid,4200000,3e-05,128,0.0001,adam,10000,0.3,0.33911,9357,455.68,0.031645,1134000000000,0.03911,LOW
run_94f9c583,internal,tbound_otto,2026-02-25T14:25:39.981281+00:00,tabular,otto,mlp,9,22500,0.5,n_d_lr_grid,4000,0.01,128,0.0001,adam,10000,0.3,0.34318,7339,71.01,0.004932,1080000000,0.04318,LOW
run_59114a33,internal,tbound_otto,2026-02-25T14:45:39.981281+00:00,tabular,otto,mlp,9,22500,0.5,n_d_lr_grid,4000,0.003,128,0.0001,adam,10000,0.52114,0.560693,9338,101.06,0.007018,1080000000,0.039553,LOW
run_877f35c9,internal,tbound_otto,2026-02-25T15:05:39.981281+00:00,tabular,otto,mlp,9,22500,0.5,n_d_lr_grid,4000,0.001,128,0.0001,adam,10000,0.370954,0.443608,9672,107.19,0.007444,1080000000,0.072654,MEDIUM
run_dc4be08b,internal,tbound_otto,2026-02-25T15:25:39.981281+00:00,tabular,otto,mlp,9,22500,0.5,n_d_lr_grid,4000,0.0003,128,0.0001,adam,10000,0.3,0.319615,9550,55.32,0.003842,1080000000,0.019615,LOW
run_521a1895,internal,tbound_otto,2026-02-25T15:45:39.981281+00:00,tabular,otto,mlp,9,22500,0.5,n_d_lr_grid,4000,0.0001,128,0.0001,adam,10000,0.3,0.362648,8505,76.56,0.005317,1080000000,0.062648,MEDIUM
run_b38470cd,internal,tbound_otto,2026-02-25T16:05:39.981281+00:00,tabular,otto,mlp,9,22500,0.5,n_d_lr_grid,4000,3e-05,128,0.0001,adam,10000,0.3,0.362245,9372,58.44,0.004058,1080000000,0.062245,MEDIUM
run_5ddec13a,internal,tbound_otto,2026-02-25T16:25:39.981281+00:00,tabular,otto,mlp,9,22500,0.5,n_d_lr_grid,16000,0.01,128,0.0001,adam,10000,0.3,0.328172,9866,31.75,0.002205,4320000000,0.028172,LOW
run_2582d213,internal,tbound_otto,2026-02-25T16:45:39.981281+00:00,tabular,otto,mlp,9,22500,0.5,n_d_lr_grid,16000,0.003,128,0.0001,adam,10000,0.498973,0.512804,9756,49.98,0.003471,4320000000,0.013831,LOW
run_2754eccd,internal,tbound_otto,2026-02-25T17:05:39.981281+00:00,tabular,otto,mlp,9,22500,0.5,n_d_lr_grid,16000,0.001,128,0.0001,adam,10000,0.513271,0.583616,9659,41.09,0.002853,4320000000,0.070345,MEDIUM
run_47b29ad2,internal,tbound_otto,2026-02-25T17:25:39.981281+00:00,tabular,otto,mlp,9,22500,0.5,n_d_lr_grid,16000,0.0003,128,0.0001,adam,10000,0.3,0.345909,9721,56.93,0.003953,4320000000,0.045909,LOW
run_ebc44547,internal,tbound_otto,2026-02-25T17:45:39.981281+00:00,tabular,otto,mlp,9,22500,0.5,n_d_lr_grid,16000,0.0001,128,0.0001,adam,10000,0.3,0.321747,9925,42.43,0.002947,4320000000,0.021747,LOW
run_21989f37,internal,tbound_otto,2026-02-25T18:05:39.981281+00:00,tabular,otto,mlp,9,22500,0.5,n_d_lr_grid,16000,3e-05,128,0.0001,adam,10000,0.3,0.371333,7894,96.65,0.006712,4320000000,0.071333,MEDIUM
run_3c0b4b77,internal,tbound_otto,2026-02-25T18:25:39.981281+00:00,tabular,otto,mlp,9,22500,0.5,n_d_lr_grid,65000,0.01,128,0.0001,adam,10000,0.3,0.340138,9172,47.22,0.003279,17550000000,0.040138,LOW
run_1410c9b6,internal,tbound_otto,2026-02-25T18:45:39.981281+00:00,tabular,otto,mlp,9,22500,0.5,n_d_lr_grid,65000,0.003,128,0.0001,adam,10000,0.424037,0.458455,8567,70.23,0.004877,17550000000,0.034418,LOW
run_03bd8abe,internal,tbound_otto,2026-02-25T19:05:39.981281+00:00,tabular,otto,mlp,9,22500,0.5,n_d_lr_grid,65000,0.001,128,0.0001,adam,10000,0.604659,0.664429,7227,57.6,0.004,17550000000,0.05977,MEDIUM
run_e160d3e7,internal,tbound_otto,2026-02-25T19:25:39.981281+00:00,tabular,otto,mlp,9,22500,0.5,n_d_lr_grid,65000,0.0003,128,0.0001,adam,10000,0.3,0.374249,7801,46.22,0.00321,17550000000,0.074249,MEDIUM
run_7c8f010d,internal,tbound_otto,2026-02-25T19:45:39.981281+00:00,tabular,otto,mlp,9,22500,0.5,n_d_lr_grid,65000,0.0001,128,0.0001,adam,10000,0.3,0.313768,8079,53.59,0.003721,17550000000,0.013768,LOW
run_da4cdec4,internal,tbound_otto,2026-02-25T20:05:39.981281+00:00,tabular,otto,mlp,9,22500,0.5,n_d_lr_grid,65000,3e-05,128,0.0001,adam,10000,0.3,0.353726,9741,43.8,0.003042,17550000000,0.053726,MEDIUM
run_9c01e3e6,internal,tbound_otto,2026-02-25T20:25:39.981281+00:00,tabular,otto,mlp,9,22500,0.5,n_d_lr_grid,260000,0.01,128,0.0001,adam,10000,0.3,0.333887,7294,95.98,0.006665,70200000000,0.033887,LOW
run_1182c5e1,internal,tbound_otto,2026-02-25T20:45:39.981281+00:00,tabular,otto,mlp,9,22500,0.5,n_d_lr_grid,260000,0.003,128,0.0001,adam,10000,0.320321,0.387376,9705,134.97,0.009373,70200000000,0.067055,MEDIUM
run_0d49a8ea,internal,tbound_otto,2026-02-25T21:05:39.981281+00:00,tabular,otto,mlp,9,22500,0.5,n_d_lr_grid,260000,0.001,128,0.0001,adam,10000,0.665427,0.736049,9809,56.89,0.003951,70200000000,0.070622,MEDIUM
run_3b5bad97,internal,tbound_otto,2026-02-25T21:25:39.981281+00:00,tabular,otto,mlp,9,22500,0.5,n_d_lr_grid,260000,0.0003,128,0.0001,adam,10000,0.3,0.347448,9118,59.39,0.004124,70200000000,0.047448,LOW
run_17afc99f,internal,tbound_otto,2026-02-25T21:45:39.981281+00:00,tabular,otto,mlp,9,22500,0.5,n_d_lr_grid,260000,0.0001,128,0.0001,adam,10000,0.3,0.343826,8319,144.82,0.010057,70200000000,0.043826,LOW
run_ee61fcd0,internal,tbound_otto,2026-02-25T22:05:39.981281+00:00,tabular,otto,mlp,9,22500,0.5,n_d_lr_grid,260000,3e-05,128,0.0001,adam,10000,0.3,0.329561,8091,126.43,0.00878,70200000000,0.029561,LOW
run_e4b64498,internal,tbound_otto,2026-02-25T22:25:39.981281+00:00,tabular,otto,mlp,9,22500,0.5,n_d_lr_grid,1050000,0.01,128,0.0001,adam,10000,0.3,0.379449,9410,212.18,0.014735,283500000000,0.079449,MEDIUM
run_7b89fdc3,internal,tbound_otto,2026-02-25T22:45:39.981281+00:00,tabular,otto,mlp,9,22500,0.5,n_d_lr_grid,1050000,0.003,128,0.0001,adam,10000,0.3,0.328695,9568,183.12,0.012717,283500000000,0.028695,LOW
run_166ff7e1,internal,tbound_otto,2026-02-25T23:05:39.981281+00:00,tabular,otto,mlp,9,22500,0.5,n_d_lr_grid,1050000,0.001,128,0.0001,adam,10000,0.658526,0.669015,9738,171.31,0.011897,283500000000,0.010489,LOW
run_73b65926,internal,tbound_otto,2026-02-25T23:25:39.981281+00:00,tabular,otto,mlp,9,22500,0.5,n_d_lr_grid,1050000,0.0003,128,0.0001,adam,10000,0.386557,0.397836,8434,216.37,0.015026,283500000000,0.011279,LOW
run_499a320b,internal,tbound_otto,2026-02-25T23:45:39.981281+00:00,tabular,otto,mlp,9,22500,0.5,n_d_lr_grid,1050000,0.0001,128,0.0001,adam,10000,0.3,0.310042,7240,162.7,0.011299,283500000000,0.010042,LOW
run_54423369,internal,tbound_otto,2026-02-26T00:05:39.981281+00:00,tabular,otto,mlp,9,22500,0.5,n_d_lr_grid,1050000,3e-05,128,0.0001,adam,10000,0.3,0.319591,7082,183.38,0.012735,283500000000,0.019591,LOW
run_91284f59,internal,tbound_otto,2026-02-26T00:25:39.981281+00:00,tabular,otto,mlp,9,22500,0.5,n_d_lr_grid,4200000,0.01,128,0.0001,adam,10000,0.3,0.339971,7610,455.53,0.031634,1134000000000,0.039971,LOW
run_abce46ec,internal,tbound_otto,2026-02-26T00:45:39.981281+00:00,tabular,otto,mlp,9,22500,0.5,n_d_lr_grid,4200000,0.003,128,0.0001,adam,10000,0.3,0.335429,7458,489.48,0.033992,1134000000000,0.035429,LOW
run_b82da5b8,internal,tbound_otto,2026-02-26T01:05:39.981281+00:00,tabular,otto,mlp,9,22500,0.5,n_d_lr_grid,4200000,0.001,128,0.0001,adam,10000,0.617688,0.691059,9472,494.37,0.034331,1134000000000,0.073371,MEDIUM
run_a5be9fee,internal,tbound_otto,2026-02-26T01:25:39.981281+00:00,tabular,otto,mlp,9,22500,0.5,n_d_lr_grid,4200000,0.0003,128,0.0001,adam,10000,0.525977,0.57357,9159,525.6,0.0365,1134000000000,0.047593,LOW
run_8fd3d692,internal,tbound_otto,2026-02-26T01:45:39.981281+00:00,tabular,otto,mlp,9,22500,0.5,n_d_lr_grid,4200000,0.0001,128,0.0001,adam,10000,0.3,0.359623,8317,539.44,0.037461,1134000000000,0.059623,MEDIUM
run_98b19232,internal,tbound_otto,2026-02-26T02:05:39.981281+00:00,tabular,otto,mlp,9,22500,0.5,n_d_lr_grid,4200000,3e-05,128,0.0001,adam,10000,0.3,0.332428,8133,464.79,0.032277,1134000000000,0.032428,LOW
run_c9e289fa,internal,tbound_otto,2026-02-26T02:25:39.981281+00:00,tabular,otto,mlp,9,33750,0.75,n_d_lr_grid,4000,0.01,128,0.0001,adam,10000,0.3,0.374107,8910,95.01,0.006598,1080000000,0.074107,MEDIUM
run_ad1c0fcc,internal,tbound_otto,2026-02-26T02:45:39.981281+00:00,tabular,otto,mlp,9,33750,0.75,n_d_lr_grid,4000,0.003,128,0.0001,adam,10000,0.580043,0.598712,8916,36.75,0.002552,1080000000,0.018669,LOW
run_be130484,internal,tbound_otto,2026-02-26T03:05:39.981281+00:00,tabular,otto,mlp,9,33750,0.75,n_d_lr_grid,4000,0.001,128,0.0001,adam,10000,0.429857,0.442849,9757,108.22,0.007515,1080000000,0.012992,LOW
run_4337c8eb,internal,tbound_otto,2026-02-26T03:25:39.981281+00:00,tabular,otto,mlp,9,33750,0.75,n_d_lr_grid,4000,0.0003,128,0.0001,adam,10000,0.3,0.31545,9266,116.39,0.008083,1080000000,0.01545,LOW
run_c8ebbfb2,internal,tbound_otto,2026-02-26T03:45:39.981281+00:00,tabular,otto,mlp,9,33750,0.75,n_d_lr_grid,4000,0.0001,128,0.0001,adam,10000,0.3,0.361652,7060,42.91,0.00298,1080000000,0.061652,MEDIUM
run_7c420699,internal,tbound_otto,2026-02-26T04:05:39.981281+00:00,tabular,otto,mlp,9,33750,0.75,n_d_lr_grid,4000,3e-05,128,0.0001,adam,10000,0.3,0.3438,7064,49.51,0.003438,1080000000,0.0438,LOW
run_31db8863,internal,tbound_otto,2026-02-26T04:25:39.981281+00:00,tabular,otto,mlp,9,33750,0.75,n_d_lr_grid,16000,0.01,128,0.0001,adam,10000,0.3,0.368549,7534,76.82,0.005335,4320000000,0.068549,MEDIUM
run_729805b4,internal,tbound_otto,2026-02-26T04:45:39.981281+00:00,tabular,otto,mlp,9,33750,0.75,n_d_lr_grid,16000,0.003,128,0.0001,adam,10000,0.562639,0.641295,9155,86.13,0.005981,4320000000,0.078656,MEDIUM
run_f3cb3330,internal,tbound_otto,2026-02-26T05:05:39.981281+00:00,tabular,otto,mlp,9,33750,0.75,n_d_lr_grid,16000,0.001,128,0.0001,adam,10000,0.576937,0.607165,9499,65.53,0.004551,4320000000,0.030228,LOW
run_06f6ad67,internal,tbound_otto,2026-02-26T05:25:39.981281+00:00,tabular,otto,mlp,9,33750,0.75,n_d_lr_grid,16000,0.0003,128,0.0001,adam,10000,0.3,0.362818,7607,71.69,0.004979,4320000000,0.062818,MEDIUM
run_051ddca6,internal,tbound_otto,2026-02-26T05:45:39.981281+00:00,tabular,otto,mlp,9,33750,0.75,n_d_lr_grid,16000,0.0001,128,0.0001,adam,10000,0.3,0.358387,7124,46.68,0.003242,4320000000,0.058387,MEDIUM
run_c1b37d67,internal,tbound_otto,2026-02-26T06:05:39.981281+00:00,tabular,otto,mlp,9,33750,0.75,n_d_lr_grid,16000,3e-05,128,0.0001,adam,10000,0.3,0.341304,8173,106.28,0.007381,4320000000,0.041304,LOW
run_a04ffe83,internal,tbound_otto,2026-02-26T06:25:39.981281+00:00,tabular,otto,mlp,9,33750,0.75,n_d_lr_grid,65000,0.01,128,0.0001,adam,10000,0.3,0.361763,7437,94.6,0.006569,17550000000,0.061763,MEDIUM
run_0ac7bdc3,internal,tbound_otto,2026-02-26T06:45:39.981281+00:00,tabular,otto,mlp,9,33750,0.75,n_d_lr_grid,65000,0.003,128,0.0001,adam,10000,0.490969,0.509244,9258,72.63,0.005044,17550000000,0.018276,LOW
run_d3562672,internal,tbound_otto,2026-02-26T07:05:39.981281+00:00,tabular,otto,mlp,9,33750,0.75,n_d_lr_grid,65000,0.001,128,0.0001,adam,10000,0.671591,0.708006,8302,73.72,0.005119,17550000000,0.036415,LOW
run_1f7fdc57,internal,tbound_otto,2026-02-26T07:25:39.981281+00:00,tabular,otto,mlp,9,33750,0.75,n_d_lr_grid,65000,0.0003,128,0.0001,adam,10000,0.3,0.376557,8067,55.39,0.003847,17550000000,0.076557,MEDIUM
run_ccab9386,internal,tbound_otto,2026-02-26T07:45:39.981281+00:00,tabular,otto,mlp,9,33750,0.75,n_d_lr_grid,65000,0.0001,128,0.0001,adam,10000,0.3,0.377873,7547,102.62,0.007127,17550000000,0.077873,MEDIUM
run_f657e804,internal,tbound_otto,2026-02-26T08:05:39.981281+00:00,tabular,otto,mlp,9,33750,0.75,n_d_lr_grid,65000,3e-05,128,0.0001,adam,10000,0.3,0.322537,7184,71.8,0.004986,17550000000,0.022537,LOW
run_d8cb7e11,internal,tbound_otto,2026-02-26T08:25:39.981281+00:00,tabular,otto,mlp,9,33750,0.75,n_d_lr_grid,260000,0.01,128,0.0001,adam,10000,0.3,0.359417,8913,101.33,0.007037,70200000000,0.059417,MEDIUM
run_4100ef32,internal,tbound_otto,2026-02-26T08:45:39.981281+00:00,tabular,otto,mlp,9,33750,0.75,n_d_lr_grid,260000,0.003,128,0.0001,adam,10000,0.391331,0.408939,8357,144.31,0.010022,70200000000,0.017608,LOW
run_d95c37ec,internal,tbound_otto,2026-02-26T09:05:39.981281+00:00,tabular,otto,mlp,9,33750,0.75,n_d_lr_grid,260000,0.001,128,0.0001,adam,10000,0.736437,0.779908,9626,125.12,0.008689,70200000000,0.043471,LOW
run_8295cda1,internal,tbound_otto,2026-02-26T09:25:39.981281+00:00,tabular,otto,mlp,9,33750,0.75,n_d_lr_grid,260000,0.0003,128,0.0001,adam,10000,0.3,0.323441,9216,69.14,0.004802,70200000000,0.023441,LOW
run_ed07dc90,internal,tbound_otto,2026-02-26T09:45:39.981281+00:00,tabular,otto,mlp,9,33750,0.75,n_d_lr_grid,260000,0.0001,128,0.0001,adam,10000,0.3,0.347178,9079,123.11,0.00855,70200000000,0.047178,LOW
run_f3b1c855,internal,tbound_otto,2026-02-26T10:05:39.981281+00:00,tabular,otto,mlp,9,33750,0.75,n_d_lr_grid,260000,3e-05,128,0.0001,adam,10000,0.3,0.358759,7616,139.17,0.009664,70200000000,0.058759,MEDIUM
run_4a31f46c,internal,tbound_otto,2026-02-26T10:25:39.981281+00:00,tabular,otto,mlp,9,33750,0.75,n_d_lr_grid,1050000,0.01,128,0.0001,adam,10000,0.3,0.333435,8759,163.23,0.011336,283500000000,0.033435,LOW
run_08afd2a9,internal,tbound_otto,2026-02-26T10:45:39.981281+00:00,tabular,otto,mlp,9,33750,0.75,n_d_lr_grid,1050000,0.003,128,0.0001,adam,10000,0.3,0.374842,7225,190.73,0.013245,283500000000,0.074842,MEDIUM
run_9d58003e,internal,tbound_otto,2026-02-26T11:05:39.981281+00:00,tabular,otto,mlp,9,33750,0.75,n_d_lr_grid,1050000,0.001,128,0.0001,adam,10000,0.730407,0.788623,9121,184.67,0.012825,283500000000,0.058217,MEDIUM
run_7b1aaa53,internal,tbound_otto,2026-02-26T11:25:39.981281+00:00,tabular,otto,mlp,9,33750,0.75,n_d_lr_grid,1050000,0.0003,128,0.0001,adam,10000,0.458437,0.536179,8842,194.2,0.013486,283500000000,0.077742,MEDIUM
run_d4e09a21,internal,tbound_otto,2026-02-26T11:45:39.981281+00:00,tabular,otto,mlp,9,33750,0.75,n_d_lr_grid,1050000,0.0001,128,0.0001,adam,10000,0.3,0.354996,9600,189.09,0.013131,283500000000,0.054996,MEDIUM
run_13349caf,internal,tbound_otto,2026-02-26T12:05:39.981281+00:00,tabular,otto,mlp,9,33750,0.75,n_d_lr_grid,1050000,3e-05,128,0.0001,adam,10000,0.3,0.346826,7283,203.34,0.014121,283500000000,0.046826,LOW
run_c55ff645,internal,tbound_otto,2026-02-26T12:25:39.981281+00:00,tabular,otto,mlp,9,33750,0.75,n_d_lr_grid,4200000,0.01,128,0.0001,adam,10000,0.3,0.324286,7497,492.21,0.034182,1134000000000,0.024286,LOW
run_4c279df3,internal,tbound_otto,2026-02-26T12:45:39.981281+00:00,tabular,otto,mlp,9,33750,0.75,n_d_lr_grid,4200000,0.003,128,0.0001,adam,10000,0.3,0.343076,9161,484.04,0.033614,1134000000000,0.043076,LOW
run_334c61a2,internal,tbound_otto,2026-02-26T13:05:39.981281+00:00,tabular,otto,mlp,9,33750,0.75,n_d_lr_grid,4200000,0.001,128,0.0001,adam,10000,0.690806,0.762664,9491,480.86,0.033393,1134000000000,0.071858,MEDIUM
run_b138260d,internal,tbound_otto,2026-02-26T13:25:39.981281+00:00,tabular,otto,mlp,9,33750,0.75,n_d_lr_grid,4200000,0.0003,128,0.0001,adam,10000,0.599095,0.61087,7992,512.1,0.035563,1134000000000,0.011774,LOW
run_6c0a13b5,internal,tbound_otto,2026-02-26T13:45:39.981281+00:00,tabular,otto,mlp,9,33750,0.75,n_d_lr_grid,4200000,0.0001,128,0.0001,adam,10000,0.3,0.369756,9223,515.28,0.035783,1134000000000,0.069756,MEDIUM
run_2a13a68e,internal,tbound_otto,2026-02-26T14:05:39.981281+00:00,tabular,otto,mlp,9,33750,0.75,n_d_lr_grid,4200000,3e-05,128,0.0001,adam,10000,0.3,0.326856,7428,484.81,0.033668,1134000000000,0.026856,LOW
run_8eca4ae1,internal,tbound_otto,2026-02-26T14:25:39.981281+00:00,tabular,otto,mlp,9,45000,1.0,n_d_lr_grid,4000,0.01,128,0.0001,adam,10000,0.3,0.348184,7608,49.04,0.003405,1080000000,0.048184,LOW
run_9957c2d8,internal,tbound_otto,2026-02-26T14:45:39.981281+00:00,tabular,otto,mlp,9,45000,1.0,n_d_lr_grid,4000,0.003,128,0.0001,adam,10000,0.625609,0.641892,8375,112.37,0.007804,1080000000,0.016283,LOW
run_51008c63,internal,tbound_otto,2026-02-26T15:05:39.981281+00:00,tabular,otto,mlp,9,45000,1.0,n_d_lr_grid,4000,0.001,128,0.0001,adam,10000,0.475423,0.519293,9883,41.49,0.002881,1080000000,0.04387,LOW
run_c57eb9cb,internal,tbound_otto,2026-02-26T15:25:39.981281+00:00,tabular,otto,mlp,9,45000,1.0,n_d_lr_grid,4000,0.0003,128,0.0001,adam,10000,0.3,0.374824,9415,44.95,0.003122,1080000000,0.074824,MEDIUM
run_3e3e45fc,internal,tbound_otto,2026-02-26T15:45:39.981281+00:00,tabular,otto,mlp,9,45000,1.0,n_d_lr_grid,4000,0.0001,128,0.0001,adam,10000,0.3,0.350709,8364,94.72,0.006578,1080000000,0.050709,MEDIUM
run_6ef0e0b6,internal,tbound_otto,2026-02-26T16:05:39.981281+00:00,tabular,otto,mlp,9,45000,1.0,n_d_lr_grid,4000,3e-05,128,0.0001,adam,10000,0.3,0.348267,7151,110.0,0.007639,1080000000,0.048267,LOW
run_0ffaa63a,internal,tbound_otto,2026-02-26T16:25:39.981281+00:00,tabular,otto,mlp,9,45000,1.0,n_d_lr_grid,16000,0.01,128,0.0001,adam,10000,0.3,0.315667,8577,110.5,0.007673,4320000000,0.015667,LOW
run_faff49ea,internal,tbound_otto,2026-02-26T16:45:39.981281+00:00,tabular,otto,mlp,9,45000,1.0,n_d_lr_grid,16000,0.003,128,0.0001,adam,10000,0.611889,0.633525,8105,114.08,0.007923,4320000000,0.021636,LOW
run_b48521f9,internal,tbound_otto,2026-02-26T17:05:39.981281+00:00,tabular,otto,mlp,9,45000,1.0,n_d_lr_grid,16000,0.001,128,0.0001,adam,10000,0.626187,0.650275,7156,111.72,0.007758,4320000000,0.024088,LOW
run_334b95a3,internal,tbound_otto,2026-02-26T17:25:39.981281+00:00,tabular,otto,mlp,9,45000,1.0,n_d_lr_grid,16000,0.0003,128,0.0001,adam,10000,0.3,0.333718,8427,117.29,0.008145,4320000000,0.033718,LOW
run_b60eea63,internal,tbound_otto,2026-02-26T17:45:39.981281+00:00,tabular,otto,mlp,9,45000,1.0,n_d_lr_grid,16000,0.0001,128,0.0001,adam,10000,0.3,0.350819,9312,83.71,0.005813,4320000000,0.050819,MEDIUM
run_40d748a0,internal,tbound_otto,2026-02-26T18:05:39.981281+00:00,tabular,otto,mlp,9,45000,1.0,n_d_lr_grid,16000,3e-05,128,0.0001,adam,10000,0.3,0.331983,7996,76.53,0.005314,4320000000,0.031983,LOW
run_89072dfd,internal,tbound_otto,2026-02-26T18:25:39.981281+00:00,tabular,otto,mlp,9,45000,1.0,n_d_lr_grid,65000,0.01,128,0.0001,adam,10000,0.3,0.371084,9585,44.34,0.003079,17550000000,0.071084,MEDIUM
run_5255db29,internal,tbound_otto,2026-02-26T18:45:39.981281+00:00,tabular,otto,mlp,9,45000,1.0,n_d_lr_grid,65000,0.003,128,0.0001,adam,10000,0.542745,0.582409,7091,67.29,0.004673,17550000000,0.039664,LOW
run_7bf24623,internal,tbound_otto,2026-02-26T19:05:39.981281+00:00,tabular,otto,mlp,9,45000,1.0,n_d_lr_grid,65000,0.001,128,0.0001,adam,10000,0.723366,0.777063,9497,111.14,0.007718,17550000000,0.053697,MEDIUM
run_a0cf3be4,internal,tbound_otto,2026-02-26T19:25:39.981281+00:00,tabular,otto,mlp,9,45000,1.0,n_d_lr_grid,65000,0.0003,128,0.0001,adam,10000,0.3,0.374205,9027,86.32,0.005994,17550000000,0.074205,MEDIUM
run_82ffb65d,internal,tbound_otto,2026-02-26T19:45:39.981281+00:00,tabular,otto,mlp,9,45000,1.0,n_d_lr_grid,65000,0.0001,128,0.0001,adam,10000,0.3,0.363352,9878,109.56,0.007609,17550000000,0.063352,MEDIUM
run_58d4c2ad,internal,tbound_otto,2026-02-26T20:05:39.981281+00:00,tabular,otto,mlp,9,45000,1.0,n_d_lr_grid,65000,3e-05,128,0.0001,adam,10000,0.3,0.360758,7665,108.17,0.007512,17550000000,0.060758,MEDIUM
run_98dac06d,internal,tbound_otto,2026-02-26T20:25:39.981281+00:00,tabular,otto,mlp,9,45000,1.0,n_d_lr_grid,260000,0.01,128,0.0001,adam,10000,0.3,0.335428,8798,127.45,0.008851,70200000000,0.035428,LOW
run_87113585,internal,tbound_otto,2026-02-26T20:45:39.981281+00:00,tabular,otto,mlp,9,45000,1.0,n_d_lr_grid,260000,0.003,128,0.0001,adam,10000,0.446262,0.480008,7407,105.01,0.007293,70200000000,0.033745,LOW
run_6f7eb011,internal,tbound_otto,2026-02-26T21:05:39.981281+00:00,tabular,otto,mlp,9,45000,1.0,n_d_lr_grid,260000,0.001,128,0.0001,adam,10000,0.791368,0.860521,9608,91.55,0.006358,70200000000,0.069153,MEDIUM
run_827322f7,internal,tbound_otto,2026-02-26T21:25:39.981281+00:00,tabular,otto,mlp,9,45000,1.0,n_d_lr_grid,260000,0.0003,128,0.0001,adam,10000,0.337896,0.349297,7143,61.63,0.00428,70200000000,0.011402,LOW
run_c3c353af,internal,tbound_otto,2026-02-26T21:45:39.981281+00:00,tabular,otto,mlp,9,45000,1.0,n_d_lr_grid,260000,0.0001,128,0.0001,adam,10000,0.3,0.341525,7859,123.41,0.00857,70200000000,0.041525,LOW
run_8fb3a03b,internal,tbound_otto,2026-02-26T22:05:39.981281+00:00,tabular,otto,mlp,9,45000,1.0,n_d_lr_grid,260000,3e-05,128,0.0001,adam,10000,0.3,0.353344,8357,99.23,0.006891,70200000000,0.053344,MEDIUM
run_8061650b,internal,tbound_otto,2026-02-26T22:25:39.981281+00:00,tabular,otto,mlp,9,45000,1.0,n_d_lr_grid,1050000,0.01,128,0.0001,adam,10000,0.3,0.348199,7198,153.37,0.01065,283500000000,0.048199,LOW
run_824c12e2,internal,tbound_otto,2026-02-26T22:45:39.981281+00:00,tabular,otto,mlp,9,45000,1.0,n_d_lr_grid,1050000,0.003,128,0.0001,adam,10000,0.3,0.343928,7723,137.42,0.009543,283500000000,0.043928,LOW
run_bc50b952,internal,tbound_otto,2026-02-26T23:05:39.981281+00:00,tabular,otto,mlp,9,45000,1.0,n_d_lr_grid,1050000,0.001,128,0.0001,adam,10000,0.786011,0.811133,9506,222.05,0.01542,283500000000,0.025122,LOW
run_7d329a36,internal,tbound_otto,2026-02-26T23:25:39.981281+00:00,tabular,otto,mlp,9,45000,1.0,n_d_lr_grid,1050000,0.0003,128,0.0001,adam,10000,0.514041,0.566962,8584,207.5,0.01441,283500000000,0.052921,MEDIUM
run_456aff8f,internal,tbound_otto,2026-02-26T23:45:39.981281+00:00,tabular,otto,mlp,9,45000,1.0,n_d_lr_grid,1050000,0.0001,128,0.0001,adam,10000,0.3,0.372857,9828,182.25,0.012657,283500000000,0.072857,MEDIUM
run_3faff1ce,internal,tbound_otto,2026-02-27T00:05:39.981281+00:00,tabular,otto,mlp,9,45000,1.0,n_d_lr_grid,1050000,3e-05,128,0.0001,adam,10000,0.3,0.35328,9795,196.26,0.013629,283500000000,0.05328,MEDIUM
run_4d6c4077,internal,tbound_otto,2026-02-27T00:25:39.981281+00:00,tabular,otto,mlp,9,45000,1.0,n_d_lr_grid,4200000,0.01,128,0.0001,adam,10000,0.3,0.318641,7995,468.54,0.032537,1134000000000,0.018641,LOW
run_aa3c18a3,internal,tbound_otto,2026-02-27T00:45:39.981281+00:00,tabular,otto,mlp,9,45000,1.0,n_d_lr_grid,4200000,0.003,128,0.0001,adam,10000,0.3,0.313765,9134,451.99,0.031388,1134000000000,0.013765,LOW
run_710e7e85,internal,tbound_otto,2026-02-27T01:05:39.981281+00:00,tabular,otto,mlp,9,45000,1.0,n_d_lr_grid,4200000,0.001,128,0.0001,adam,10000,0.747368,0.774332,9351,509.7,0.035396,1134000000000,0.026965,LOW
run_40d4f22b,internal,tbound_otto,2026-02-27T01:25:39.981281+00:00,tabular,otto,mlp,9,45000,1.0,n_d_lr_grid,4200000,0.0003,128,0.0001,adam,10000,0.655657,0.704203,8722,463.78,0.032207,1134000000000,0.048546,LOW
run_12451941,internal,tbound_otto,2026-02-27T01:45:39.981281+00:00,tabular,otto,mlp,9,45000,1.0,n_d_lr_grid,4200000,0.0001,128,0.0001,adam,10000,0.3,0.37571,8535,494.31,0.034327,1134000000000,0.07571,MEDIUM
run_956407f4,internal,tbound_otto,2026-02-27T02:05:39.981281+00:00,tabular,otto,mlp,9,45000,1.0,n_d_lr_grid,4200000,3e-05,128,0.0001,adam,10000,0.3,0.378279,9721,501.62,0.034835,1134000000000,0.078279,MEDIUM
run_a0d75772,internal,tbound_otto,2026-02-27T02:25:39.981281+00:00,tabular,otto,mlp,9,11250,0.25,batch_grid,260000,0.001026,32,0.0001,adam,10000,0.729067,0.776536,8996,86.94,0.006038,70200000000,0.047469,LOW
run_9a1d5f55,internal,tbound_otto,2026-02-27T02:45:39.981281+00:00,tabular,otto,mlp,9,11250,0.25,batch_grid,260000,0.001026,64,0.0001,adam,10000,0.769067,0.814963,7523,63.16,0.004386,70200000000,0.045896,LOW
run_3fabdd04,internal,tbound_otto,2026-02-27T03:05:39.981281+00:00,tabular,otto,mlp,9,11250,0.25,batch_grid,260000,0.001026,128,0.0001,adam,10000,0.789067,0.832751,8094,92.85,0.006448,70200000000,0.043684,LOW
run_5e43312b,internal,tbound_otto,2026-02-27T03:25:39.981281+00:00,tabular,otto,mlp,9,11250,0.25,batch_grid,260000,0.001026,256,0.0001,adam,10000,0.789067,0.821287,9131,91.04,0.006322,70200000000,0.03222,LOW
run_67f04dd9,internal,tbound_otto,2026-02-27T03:45:39.981281+00:00,tabular,otto,mlp,9,11250,0.25,batch_grid,260000,0.001026,512,0.0001,adam,10000,0.769067,0.813853,7815,61.29,0.004256,70200000000,0.044786,LOW
run_5285ad6e,internal,tbound_otto,2026-02-27T04:05:39.981281+00:00,tabular,otto,mlp,9,11250,0.25,batch_grid,260000,0.001026,1024,0.0001,adam,10000,0.729067,0.753311,7142,96.82,0.006724,70200000000,0.024244,LOW
run_1b0d6d3c,internal,tbound_otto,2026-02-27T04:25:39.981281+00:00,tabular,otto,mlp,9,22500,0.5,batch_grid,260000,0.001026,32,0.0001,adam,10000,0.729067,0.756281,7534,65.93,0.004578,70200000000,0.027214,LOW
run_b9783342,internal,tbound_otto,2026-02-27T04:45:39.981281+00:00,tabular,otto,mlp,9,22500,0.5,batch_grid,260000,0.001026,64,0.0001,adam,10000,0.769067,0.810628,8410,63.15,0.004385,70200000000,0.041561,LOW
run_184cc65e,internal,tbound_otto,2026-02-27T05:05:39.981281+00:00,tabular,otto,mlp,9,22500,0.5,batch_grid,260000,0.001026,128,0.0001,adam,10000,0.789067,0.806927,7404,68.7,0.004771,70200000000,0.017859,LOW
run_9cdfc61f,internal,tbound_otto,2026-02-27T05:25:39.981281+00:00,tabular,otto,mlp,9,22500,0.5,batch_grid,260000,0.001026,256,0.0001,adam,10000,0.789067,0.828988,7421,106.19,0.007374,70200000000,0.039921,LOW
run_736b7298,internal,tbound_otto,2026-02-27T05:45:39.981281+00:00,tabular,otto,mlp,9,22500,0.5,batch_grid,260000,0.001026,512,0.0001,adam,10000,0.769067,0.813385,7546,96.02,0.006668,70200000000,0.044317,LOW
run_35c65255,internal,tbound_otto,2026-02-27T06:05:39.981281+00:00,tabular,otto,mlp,9,22500,0.5,batch_grid,260000,0.001026,1024,0.0001,adam,10000,0.729067,0.751318,9825,71.9,0.004993,70200000000,0.022251,LOW
run_3477d0c6,internal,tbound_otto,2026-02-27T06:25:39.981281+00:00,tabular,otto,mlp,9,45000,1.0,batch_grid,260000,0.001026,32,0.0001,adam,10000,0.729067,0.776274,7545,87.66,0.006087,70200000000,0.047207,LOW
run_d475cb6e,internal,tbound_otto,2026-02-27T06:45:39.981281+00:00,tabular,otto,mlp,9,45000,1.0,batch_grid,260000,0.001026,64,0.0001,adam,10000,0.769067,0.78118,8680,99.57,0.006914,70200000000,0.012113,LOW
run_fa6e3d93,internal,tbound_otto,2026-02-27T07:05:39.981281+00:00,tabular,otto,mlp,9,45000,1.0,batch_grid,260000,0.001026,128,0.0001,adam,10000,0.789067,0.830743,9827,104.69,0.00727,70200000000,0.041676,LOW
run_1d490e8b,internal,tbound_otto,2026-02-27T07:25:39.981281+00:00,tabular,otto,mlp,9,45000,1.0,batch_grid,260000,0.001026,256,0.0001,adam,10000,0.789067,0.80136,7865,66.48,0.004616,70200000000,0.012292,LOW
run_1d753e65,internal,tbound_otto,2026-02-27T07:45:39.981281+00:00,tabular,otto,mlp,9,45000,1.0,batch_grid,260000,0.001026,512,0.0001,adam,10000,0.769067,0.794257,9897,93.03,0.006461,70200000000,0.025189,LOW
run_9fd6a7e4,internal,tbound_otto,2026-02-27T08:05:39.981281+00:00,tabular,otto,mlp,9,45000,1.0,batch_grid,260000,0.001026,1024,0.0001,adam,10000,0.729067,0.768172,8104,111.36,0.007733,70200000000,0.039105,LOW
run_8a686317,internal,tbound_higgs,2026-02-27T08:25:39.981281+00:00,tabular,higgs,mlp,2,4500,0.1,n_d_lr_grid,4000,0.01,128,0.0001,adam,10000,0.3,0.322865,9942,59.95,0.004164,1080000000,0.022865,LOW
run_6afafc76,internal,tbound_higgs,2026-02-27T08:45:39.981281+00:00,tabular,higgs,mlp,2,4500,0.1,n_d_lr_grid,4000,0.003,128,0.0001,adam,10000,0.360478,0.387895,8674,67.11,0.00466,1080000000,0.027417,LOW
run_7e28ece8,internal,tbound_higgs,2026-02-27T09:05:39.981281+00:00,tabular,higgs,mlp,2,4500,0.1,n_d_lr_grid,4000,0.001,128,0.0001,adam,10000,0.3,0.319546,7468,95.92,0.006661,1080000000,0.019546,LOW
run_43f64ed1,internal,tbound_higgs,2026-02-27T09:25:39.981281+00:00,tabular,higgs,mlp,2,4500,0.1,n_d_lr_grid,4000,0.0003,128,0.0001,adam,10000,0.3,0.366362,9524,47.12,0.003272,1080000000,0.066362,MEDIUM
run_4d51edb1,internal,tbound_higgs,2026-02-27T09:45:39.981281+00:00,tabular,higgs,mlp,2,4500,0.1,n_d_lr_grid,4000,0.0001,128,0.0001,adam,10000,0.3,0.336989,7751,76.0,0.005278,1080000000,0.036989,LOW
run_eb2097a9,internal,tbound_higgs,2026-02-27T10:05:39.981281+00:00,tabular,higgs,mlp,2,4500,0.1,n_d_lr_grid,4000,3e-05,128,0.0001,adam,10000,0.3,0.34064,9283,55.31,0.003841,1080000000,0.04064,LOW
run_6546402e,internal,tbound_higgs,2026-02-27T10:25:39.981281+00:00,tabular,higgs,mlp,2,4500,0.1,n_d_lr_grid,16000,0.01,128,0.0001,adam,10000,0.3,0.33429,9263,115.56,0.008025,4320000000,0.03429,LOW
run_5e2d33da,internal,tbound_higgs,2026-02-27T10:45:39.981281+00:00,tabular,higgs,mlp,2,4500,0.1,n_d_lr_grid,16000,0.003,128,0.0001,adam,10000,0.313468,0.350617,7409,57.51,0.003994,4320000000,0.037148,LOW
run_6c9c58b8,internal,tbound_higgs,2026-02-27T11:05:39.981281+00:00,tabular,higgs,mlp,2,4500,0.1,n_d_lr_grid,16000,0.001,128,0.0001,adam,10000,0.327767,0.389366,8579,34.9,0.002424,4320000000,0.061599,MEDIUM
run_bc1872cf,internal,tbound_higgs,2026-02-27T11:25:39.981281+00:00,tabular,higgs,mlp,2,4500,0.1,n_d_lr_grid,16000,0.0003,128,0.0001,adam,10000,0.3,0.33212,8469,108.3,0.007521,4320000000,0.03212,LOW
run_460e10bf,internal,tbound_higgs,2026-02-27T11:45:39.981281+00:00,tabular,higgs,mlp,2,4500,0.1,n_d_lr_grid,16000,0.0001,128,0.0001,adam,10000,0.3,0.31084,7241,81.35,0.00565,4320000000,0.01084,LOW
run_44135f10,internal,tbound_higgs,2026-02-27T12:05:39.981281+00:00,tabular,higgs,mlp,2,4500,0.1,n_d_lr_grid,16000,3e-05,128,0.0001,adam,10000,0.3,0.314417,9759,60.81,0.004223,4320000000,0.014417,LOW
run_74d4ce5e,internal,tbound_higgs,2026-02-27T12:25:39.981281+00:00,tabular,higgs,mlp,2,4500,0.1,n_d_lr_grid,65000,0.01,128,0.0001,adam,10000,0.3,0.333609,9104,52.66,0.003657,17550000000,0.033609,LOW
run_c13088bf,internal,tbound_higgs,2026-02-27T12:45:39.981281+00:00,tabular,higgs,mlp,2,4500,0.1,n_d_lr_grid,65000,0.003,128,0.0001,adam,10000,0.3,0.326563,8041,80.01,0.005557,17550000000,0.026563,LOW
run_2ae448f5,internal,tbound_higgs,2026-02-27T13:05:39.981281+00:00,tabular,higgs,mlp,2,4500,0.1,n_d_lr_grid,65000,0.001,128,0.0001,adam,10000,0.400672,0.415915,9399,46.05,0.003198,17550000000,0.015243,LOW
run_c9348ec6,internal,tbound_higgs,2026-02-27T13:25:39.981281+00:00,tabular,higgs,mlp,2,4500,0.1,n_d_lr_grid,65000,0.0003,128,0.0001,adam,10000,0.3,0.369197,8609,46.78,0.003249,17550000000,0.069197,MEDIUM
run_e72e3980,internal,tbound_higgs,2026-02-27T13:45:39.981281+00:00,tabular,higgs,mlp,2,4500,0.1,n_d_lr_grid,65000,0.0001,128,0.0001,adam,10000,0.3,0.345344,9591,105.69,0.007339,17550000000,0.045344,LOW
run_b1e137df,internal,tbound_higgs,2026-02-27T14:05:39.981281+00:00,tabular,higgs,mlp,2,4500,0.1,n_d_lr_grid,65000,3e-05,128,0.0001,adam,10000,0.3,0.378683,9838,78.46,0.005449,17550000000,0.078683,MEDIUM
run_4da38d4d,internal,tbound_higgs,2026-02-27T14:25:39.981281+00:00,tabular,higgs,mlp,2,4500,0.1,n_d_lr_grid,260000,0.01,128,0.0001,adam,10000,0.3,0.312552,8917,60.75,0.004219,70200000000,0.012552,LOW
run_66d4c220,internal,tbound_higgs,2026-02-27T14:45:39.981281+00:00,tabular,higgs,mlp,2,4500,0.1,n_d_lr_grid,260000,0.003,128,0.0001,adam,10000,0.3,0.336802,7454,120.72,0.008383,70200000000,0.036802,LOW
run_8d575c3c,internal,tbound_higgs,2026-02-27T15:05:39.981281+00:00,tabular,higgs,mlp,2,4500,0.1,n_d_lr_grid,260000,0.001,128,0.0001,adam,10000,0.442233,0.482886,7529,131.96,0.009164,70200000000,0.040653,LOW
run_415b8601,internal,tbound_higgs,2026-02-27T15:25:39.981281+00:00,tabular,higgs,mlp,2,4500,0.1,n_d_lr_grid,260000,0.0003,128,0.0001,adam,10000,0.3,0.317039,7595,91.39,0.006347,70200000000,0.017039,LOW
run_3cb50a86,internal,tbound_higgs,2026-02-27T15:45:39.981281+00:00,tabular,higgs,mlp,2,4500,0.1,n_d_lr_grid,260000,0.0001,128,0.0001,adam,10000,0.3,0.341435,8781,107.99,0.007499,70200000000,0.041435,LOW
run_bd7b87bf,internal,tbound_higgs,2026-02-27T16:05:39.981281+00:00,tabular,higgs,mlp,2,4500,0.1,n_d_lr_grid,260000,3e-05,128,0.0001,adam,10000,0.3,0.355765,9631,87.52,0.006078,70200000000,0.055765,MEDIUM
run_45cbc4aa,internal,tbound_higgs,2026-02-27T16:25:39.981281+00:00,tabular,higgs,mlp,2,4500,0.1,n_d_lr_grid,1050000,0.01,128,0.0001,adam,10000,0.3,0.317464,9953,168.01,0.011667,283500000000,0.017464,LOW
run_303a91a8,internal,tbound_higgs,2026-02-27T16:45:39.981281+00:00,tabular,higgs,mlp,2,4500,0.1,n_d_lr_grid,1050000,0.003,128,0.0001,adam,10000,0.3,0.338297,7193,224.39,0.015583,283500000000,0.038297,LOW
run_bc037dfc,internal,tbound_higgs,2026-02-27T17:05:39.981281+00:00,tabular,higgs,mlp,2,4500,0.1,n_d_lr_grid,1050000,0.001,128,0.0001,adam,10000,0.427526,0.505431,7942,212.86,0.014782,283500000000,0.077905,MEDIUM
run_8daac746,internal,tbound_higgs,2026-02-27T17:25:39.981281+00:00,tabular,higgs,mlp,2,4500,0.1,n_d_lr_grid,1050000,0.0003,128,0.0001,adam,10000,0.3,0.329922,9962,181.55,0.012608,283500000000,0.029922,LOW
run_36b78336,internal,tbound_higgs,2026-02-27T17:45:39.981281+00:00,tabular,higgs,mlp,2,4500,0.1,n_d_lr_grid,1050000,0.0001,128,0.0001,adam,10000,0.3,0.357962,7953,161.1,0.011188,283500000000,0.057962,MEDIUM
run_6864e578,internal,tbound_higgs,2026-02-27T18:05:39.981281+00:00,tabular,higgs,mlp,2,4500,0.1,n_d_lr_grid,1050000,3e-05,128,0.0001,adam,10000,0.3,0.363044,9880,160.37,0.011137,283500000000,0.063044,MEDIUM
run_c0b18776,internal,tbound_higgs,2026-02-27T18:25:39.981281+00:00,tabular,higgs,mlp,2,4500,0.1,n_d_lr_grid,4200000,0.01,128,0.0001,adam,10000,0.3,0.316695,8016,487.72,0.03387,1134000000000,0.016695,LOW
run_ee35a5cb,internal,tbound_higgs,2026-02-27T18:45:39.981281+00:00,tabular,higgs,mlp,2,4500,0.1,n_d_lr_grid,4200000,0.003,128,0.0001,adam,10000,0.3,0.343994,7004,532.15,0.036955,1134000000000,0.043994,LOW
run_7f7b5350,internal,tbound_higgs,2026-02-27T19:05:39.981281+00:00,tabular,higgs,mlp,2,4500,0.1,n_d_lr_grid,4200000,0.001,128,0.0001,adam,10000,0.378984,0.400506,8362,455.75,0.031649,1134000000000,0.021522,LOW
run_0c59eaa7,internal,tbound_higgs,2026-02-27T19:25:39.981281+00:00,tabular,higgs,mlp,2,4500,0.1,n_d_lr_grid,4200000,0.0003,128,0.0001,adam,10000,0.3,0.334029,9938,526.68,0.036575,1134000000000,0.034029,LOW
run_0ed214b8,internal,tbound_higgs,2026-02-27T19:45:39.981281+00:00,tabular,higgs,mlp,2,4500,0.1,n_d_lr_grid,4200000,0.0001,128,0.0001,adam,10000,0.3,0.317166,9945,517.66,0.035949,1134000000000,0.017166,LOW
run_22099593,internal,tbound_higgs,2026-02-27T20:05:39.981281+00:00,tabular,higgs,mlp,2,4500,0.1,n_d_lr_grid,4200000,3e-05,128,0.0001,adam,10000,0.3,0.311122,9636,536.73,0.037273,1134000000000,0.011122,LOW
run_520ade7c,internal,tbound_higgs,2026-02-27T20:25:39.981281+00:00,tabular,higgs,mlp,2,9000,0.2,n_d_lr_grid,4000,0.01,128,0.0001,adam,10000,0.3,0.370247,9686,92.94,0.006454,1080000000,0.070247,MEDIUM
run_884eee68,internal,tbound_higgs,2026-02-27T20:45:39.981281+00:00,tabular,higgs,mlp,2,9000,0.2,n_d_lr_grid,4000,0.003,128,0.0001,adam,10000,0.434549,0.492367,8227,114.33,0.00794,1080000000,0.057818,MEDIUM
run_851eee6c,internal,tbound_higgs,2026-02-27T21:05:39.981281+00:00,tabular,higgs,mlp,2,9000,0.2,n_d_lr_grid,4000,0.001,128,0.0001,adam,10000,0.3,0.318828,8211,82.75,0.005747,1080000000,0.018828,LOW
run_5ef2f901,internal,tbound_higgs,2026-02-27T21:25:39.981281+00:00,tabular,higgs,mlp,2,9000,0.2,n_d_lr_grid,4000,0.0003,128,0.0001,adam,10000,0.3,0.366143,8420,44.85,0.003115,1080000000,0.066143,MEDIUM
run_80b11e75,internal,tbound_higgs,2026-02-27T21:45:39.981281+00:00,tabular,higgs,mlp,2,9000,0.2,n_d_lr_grid,4000,0.0001,128,0.0001,adam,10000,0.3,0.355408,9892,111.33,0.007731,1080000000,0.055408,MEDIUM
run_b6ab9781,internal,tbound_higgs,2026-02-27T22:05:39.981281+00:00,tabular,higgs,mlp,2,9000,0.2,n_d_lr_grid,4000,3e-05,128,0.0001,adam,10000,0.3,0.329009,7654,58.86,0.004087,1080000000,0.029009,LOW
run_afe32455,internal,tbound_higgs,2026-02-27T22:25:39.981281+00:00,tabular,higgs,mlp,2,9000,0.2,n_d_lr_grid,16000,0.01,128,0.0001,adam,10000,0.3,0.324126,8063,113.39,0.007875,4320000000,0.024126,LOW
run_cb694e6e,internal,tbound_higgs,2026-02-27T22:45:39.981281+00:00,tabular,higgs,mlp,2,9000,0.2,n_d_lr_grid,16000,0.003,128,0.0001,adam,10000,0.391285,0.429451,8166,58.42,0.004057,4320000000,0.038166,LOW
run_70dfe787,internal,tbound_higgs,2026-02-27T23:05:39.981281+00:00,tabular,higgs,mlp,2,9000,0.2,n_d_lr_grid,16000,0.001,128,0.0001,adam,10000,0.405584,0.428467,9624,99.68,0.006922,4320000000,0.022883,LOW
run_93be4231,internal,tbound_higgs,2026-02-27T23:25:39.981281+00:00,tabular,higgs,mlp,2,9000,0.2,n_d_lr_grid,16000,0.0003,128,0.0001,adam,10000,0.3,0.324633,7420,94.22,0.006543,4320000000,0.024633,LOW
run_ecec30a2,internal,tbound_higgs,2026-02-27T23:45:39.981281+00:00,tabular,higgs,mlp,2,9000,0.2,n_d_lr_grid,16000,0.0001,128,0.0001,adam,10000,0.3,0.379686,8260,72.12,0.005009,4320000000,0.079686,MEDIUM
run_849fc399,internal,tbound_higgs,2026-02-28T00:05:39.981281+00:00,tabular,higgs,mlp,2,9000,0.2,n_d_lr_grid,16000,3e-05,128,0.0001,adam,10000,0.3,0.320357,8959,120.22,0.008349,4320000000,0.020357,LOW
run_10670a18,internal,tbound_higgs,2026-02-28T00:25:39.981281+00:00,tabular,higgs,mlp,2,9000,0.2,n_d_lr_grid,65000,0.01,128,0.0001,adam,10000,0.3,0.32442,7989,122.19,0.008485,17550000000,0.02442,LOW
run_782b159c,internal,tbound_higgs,2026-02-28T00:45:39.981281+00:00,tabular,higgs,mlp,2,9000,0.2,n_d_lr_grid,65000,0.003,128,0.0001,adam,10000,0.300162,0.363997,9383,74.8,0.005194,17550000000,0.063834,MEDIUM
run_5b0a6d7f,internal,tbound_higgs,2026-02-28T01:05:39.981281+00:00,tabular,higgs,mlp,2,9000,0.2,n_d_lr_grid,65000,0.001,128,0.0001,adam,10000,0.480784,0.547384,9347,65.11,0.004522,17550000000,0.0666,MEDIUM
run_d5a9909f,internal,tbound_higgs,2026-02-28T01:25:39.981281+00:00,tabular,higgs,mlp,2,9000,0.2,n_d_lr_grid,65000,0.0003,128,0.0001,adam,10000,0.3,0.341208,8007,110.0,0.007639,17550000000,0.041208,LOW
run_da391a05,internal,tbound_higgs,2026-02-28T01:45:39.981281+00:00,tabular,higgs,mlp,2,9000,0.2,n_d_lr_grid,65000,0.0001,128,0.0001,adam,10000,0.3,0.312618,9997,81.98,0.005693,17550000000,0.012618,LOW
run_b0ded482,internal,tbound_higgs,2026-02-28T02:05:39.981281+00:00,tabular,higgs,mlp,2,9000,0.2,n_d_lr_grid,65000,3e-05,128,0.0001,adam,10000,0.3,0.354419,7098,92.41,0.006417,17550000000,0.054419,MEDIUM
run_4f94398c,internal,tbound_higgs,2026-02-28T02:25:39.981281+00:00,tabular,higgs,mlp,2,9000,0.2,n_d_lr_grid,260000,0.01,128,0.0001,adam,10000,0.3,0.319359,8868,140.19,0.009735,70200000000,0.019359,LOW
run_9b7f9410,internal,tbound_higgs,2026-02-28T02:45:39.981281+00:00,tabular,higgs,mlp,2,9000,0.2,n_d_lr_grid,260000,0.003,128,0.0001,adam,10000,0.3,0.341169,7569,99.93,0.00694,70200000000,0.041169,LOW
run_828bf7b7,internal,tbound_higgs,2026-02-28T03:05:39.981281+00:00,tabular,higgs,mlp,2,9000,0.2,n_d_lr_grid,260000,0.001,128,0.0001,adam,10000,0.525944,0.561382,9883,140.44,0.009753,70200000000,0.035438,LOW
run_fb315d21,internal,tbound_higgs,2026-02-28T03:25:39.981281+00:00,tabular,higgs,mlp,2,9000,0.2,n_d_lr_grid,260000,0.0003,128,0.0001,adam,10000,0.3,0.353995,8223,75.36,0.005234,70200000000,0.053995,MEDIUM
run_85efee41,internal,tbound_higgs,2026-02-28T03:45:39.981281+00:00,tabular,higgs,mlp,2,9000,0.2,n_d_lr_grid,260000,0.0001,128,0.0001,adam,10000,0.3,0.374657,8706,145.78,0.010123,70200000000,0.074657,MEDIUM
run_fed04a02,internal,tbound_higgs,2026-02-28T04:05:39.981281+00:00,tabular,higgs,mlp,2,9000,0.2,n_d_lr_grid,260000,3e-05,128,0.0001,adam,10000,0.3,0.36586,8796,122.47,0.008505,70200000000,0.06586,MEDIUM
run_60024898,internal,tbound_higgs,2026-02-28T04:25:39.981281+00:00,tabular,higgs,mlp,2,9000,0.2,n_d_lr_grid,1050000,0.01,128,0.0001,adam,10000,0.3,0.337939,9569,156.8,0.010889,283500000000,0.037939,LOW
run_393f04c0,internal,tbound_higgs,2026-02-28T04:45:39.981281+00:00,tabular,higgs,mlp,2,9000,0.2,n_d_lr_grid,1050000,0.003,128,0.0001,adam,10000,0.3,0.331314,7847,223.47,0.015518,283500000000,0.031314,LOW
run_aefa5984,internal,tbound_higgs,2026-02-28T05:05:39.981281+00:00,tabular,higgs,mlp,2,9000,0.2,n_d_lr_grid,1050000,0.001,128,0.0001,adam,10000,0.511303,0.57154,8443,222.9,0.015479,283500000000,0.060237,MEDIUM
run_e02603f9,internal,tbound_higgs,2026-02-28T05:25:39.981281+00:00,tabular,higgs,mlp,2,9000,0.2,n_d_lr_grid,1050000,0.0003,128,0.0001,adam,10000,0.3,0.354021,8332,192.63,0.013377,283500000000,0.054021,MEDIUM
run_b6edd58d,internal,tbound_higgs,2026-02-28T05:45:39.981281+00:00,tabular,higgs,mlp,2,9000,0.2,n_d_lr_grid,1050000,0.0001,128,0.0001,adam,10000,0.3,0.322646,8656,220.29,0.015298,283500000000,0.022646,LOW
run_289b94cc,internal,tbound_higgs,2026-02-28T06:05:39.981281+00:00,tabular,higgs,mlp,2,9000,0.2,n_d_lr_grid,1050000,3e-05,128,0.0001,adam,10000,0.3,0.332835,7771,203.06,0.014101,283500000000,0.032835,LOW
run_5574ac94,internal,tbound_higgs,2026-02-28T06:25:39.981281+00:00,tabular,higgs,mlp,2,9000,0.2,n_d_lr_grid,4200000,0.01,128,0.0001,adam,10000,0.3,0.344246,7433,462.0,0.032083,1134000000000,0.044246,LOW
run_384c7bae,internal,tbound_higgs,2026-02-28T06:45:39.981281+00:00,tabular,higgs,mlp,2,9000,0.2,n_d_lr_grid,4200000,0.003,128,0.0001,adam,10000,0.3,0.361966,9635,470.55,0.032677,1134000000000,0.061966,MEDIUM
run_8af15996,internal,tbound_higgs,2026-02-28T07:05:39.981281+00:00,tabular,higgs,mlp,2,9000,0.2,n_d_lr_grid,4200000,0.001,128,0.0001,adam,10000,0.463499,0.489626,9911,476.03,0.033058,1134000000000,0.026127,LOW
run_9403b755,internal,tbound_higgs,2026-02-28T07:25:39.981281+00:00,tabular,higgs,mlp,2,9000,0.2,n_d_lr_grid,4200000,0.0003,128,0.0001,adam,10000,0.371788,0.406624,9906,486.0,0.03375,1134000000000,0.034836,LOW
run_90779fa7,internal,tbound_higgs,2026-02-28T07:45:39.981281+00:00,tabular,higgs,mlp,2,9000,0.2,n_d_lr_grid,4200000,0.0001,128,0.0001,adam,10000,0.3,0.37059,7560,501.95,0.034858,1134000000000,0.07059,MEDIUM
run_7aba0d5c,internal,tbound_higgs,2026-02-28T08:05:39.981281+00:00,tabular,higgs,mlp,2,9000,0.2,n_d_lr_grid,4200000,3e-05,128,0.0001,adam,10000,0.3,0.333726,7432,521.61,0.036223,1134000000000,0.033726,LOW
run_9f1f754c,internal,tbound_higgs,2026-02-28T08:25:39.981281+00:00,tabular,higgs,mlp,2,15749,0.35,n_d_lr_grid,4000,0.01,128,0.0001,adam,10000,0.3,0.329762,9262,83.08,0.005769,1080000000,0.029762,LOW
run_a50687ff,internal,tbound_higgs,2026-02-28T08:45:39.981281+00:00,tabular,higgs,mlp,2,15749,0.35,n_d_lr_grid,4000,0.003,128,0.0001,adam,10000,0.504457,0.514972,7246,92.65,0.006434,1080000000,0.010515,LOW
run_d9d19dd1,internal,tbound_higgs,2026-02-28T09:05:39.981281+00:00,tabular,higgs,mlp,2,15749,0.35,n_d_lr_grid,4000,0.001,128,0.0001,adam,10000,0.354272,0.420089,8191,76.12,0.005286,1080000000,0.065818,MEDIUM
run_902ba510,internal,tbound_higgs,2026-02-28T09:25:39.981281+00:00,tabular,higgs,mlp,2,15749,0.35,n_d_lr_grid,4000,0.0003,128,0.0001,adam,10000,0.3,0.33175,7688,76.7,0.005327,1080000000,0.03175,LOW
run_b0bfdd69,internal,tbound_higgs,2026-02-28T09:45:39.981281+00:00,tabular,higgs,mlp,2,15749,0.35,n_d_lr_grid,4000,0.0001,128,0.0001,adam,10000,0.3,0.360208,8484,82.79,0.005749,1080000000,0.060208,MEDIUM
run_a4f0aaa2,internal,tbound_higgs,2026-02-28T10:05:39.981281+00:00,tabular,higgs,mlp,2,15749,0.35,n_d_lr_grid,4000,3e-05,128,0.0001,adam,10000,0.3,0.370506,7959,71.52,0.004967,1080000000,0.070506,MEDIUM
run_c5c3be12,internal,tbound_higgs,2026-02-28T10:25:39.981281+00:00,tabular,higgs,mlp,2,15749,0.35,n_d_lr_grid,16000,0.01,128,0.0001,adam,10000,0.3,0.330646,7706,74.39,0.005166,4320000000,0.030646,LOW
run_bd1ec3f1,internal,tbound_higgs,2026-02-28T10:45:39.981281+00:00,tabular,higgs,mlp,2,15749,0.35,n_d_lr_grid,16000,0.003,128,0.0001,adam,10000,0.46473,0.523531,7753,39.09,0.002715,4320000000,0.058802,MEDIUM
run_2c59f260,internal,tbound_higgs,2026-02-28T11:05:39.981281+00:00,tabular,higgs,mlp,2,15749,0.35,n_d_lr_grid,16000,0.001,128,0.0001,adam,10000,0.479028,0.522667,8334,37.79,0.002624,4320000000,0.043639,LOW
run_8844b682,internal,tbound_higgs,2026-02-28T11:25:39.981281+00:00,tabular,higgs,mlp,2,15749,0.35,n_d_lr_grid,16000,0.0003,128,0.0001,adam,10000,0.3,0.312129,7206,97.02,0.006737,4320000000,0.012129,LOW
run_8d753a14,internal,tbound_higgs,2026-02-28T11:45:39.981281+00:00,tabular,higgs,mlp,2,15749,0.35,n_d_lr_grid,16000,0.0001,128,0.0001,adam,10000,0.3,0.367589,9964,59.62,0.004141,4320000000,0.067589,MEDIUM
run_b62fa579,internal,tbound_higgs,2026-02-28T12:05:39.981281+00:00,tabular,higgs,mlp,2,15749,0.35,n_d_lr_grid,16000,3e-05,128,0.0001,adam,10000,0.3,0.330361,7332,73.85,0.005128,4320000000,0.030361,LOW
run_40b2a80a,internal,tbound_higgs,2026-02-28T12:25:39.981281+00:00,tabular,higgs,mlp,2,15749,0.35,n_d_lr_grid,65000,0.01,128,0.0001,adam,10000,0.3,0.355558,9253,91.86,0.006379,17550000000,0.055558,MEDIUM
run_787dc547,internal,tbound_higgs,2026-02-28T12:45:39.981281+00:00,tabular,higgs,mlp,2,15749,0.35,n_d_lr_grid,65000,0.003,128,0.0001,adam,10000,0.375772,0.394807,9867,63.31,0.004396,17550000000,0.019035,LOW
run_0c5fbf9b,internal,tbound_higgs,2026-02-28T13:05:39.981281+00:00,tabular,higgs,mlp,2,15749,0.35,n_d_lr_grid,65000,0.001,128,0.0001,adam,10000,0.556394,0.634522,9475,54.63,0.003794,17550000000,0.078128,MEDIUM
run_e25c0735,internal,tbound_higgs,2026-02-28T13:25:39.981281+00:00,tabular,higgs,mlp,2,15749,0.35,n_d_lr_grid,65000,0.0003,128,0.0001,adam,10000,0.3,0.315271,8729,70.33,0.004884,17550000000,0.015271,LOW
run_5162500f,internal,tbound_higgs,2026-02-28T13:45:39.981281+00:00,tabular,higgs,mlp,2,15749,0.35,n_d_lr_grid,65000,0.0001,128,0.0001,adam,10000,0.3,0.334012,7041,125.43,0.00871,17550000000,0.034012,LOW
run_29412be1,internal,tbound_higgs,2026-02-28T14:05:39.981281+00:00,tabular,higgs,mlp,2,15749,0.35,n_d_lr_grid,65000,3e-05,128,0.0001,adam,10000,0.3,0.333046,9441,41.22,0.002863,17550000000,0.033046,LOW
run_0b49a643,internal,tbound_higgs,2026-02-28T14:25:39.981281+00:00,tabular,higgs,mlp,2,15749,0.35,n_d_lr_grid,260000,0.01,128,0.0001,adam,10000,0.3,0.327832,8151,87.67,0.006088,70200000000,0.027832,LOW
run_b3fccf2b,internal,tbound_higgs,2026-02-28T14:45:39.981281+00:00,tabular,higgs,mlp,2,15749,0.35,n_d_lr_grid,260000,0.003,128,0.0001,adam,10000,0.3,0.313512,9651,64.7,0.004493,70200000000,0.013512,LOW
run_ce6797ad,internal,tbound_higgs,2026-02-28T15:05:39.981281+00:00,tabular,higgs,mlp,2,15749,0.35,n_d_lr_grid,260000,0.001,128,0.0001,adam,10000,0.604951,0.68225,8053,113.23,0.007863,70200000000,0.077299,MEDIUM
run_79475478,internal,tbound_higgs,2026-02-28T15:25:39.981281+00:00,tabular,higgs,mlp,2,15749,0.35,n_d_lr_grid,260000,0.0003,128,0.0001,adam,10000,0.3,0.312755,7068,57.97,0.004025,70200000000,0.012755,LOW
run_c7c2569e,internal,tbound_higgs,2026-02-28T15:45:39.981281+00:00,tabular,higgs,mlp,2,15749,0.35,n_d_lr_grid,260000,0.0001,128,0.0001,adam,10000,0.3,0.311361,9867,72.99,0.005069,70200000000,0.011361,LOW
run_8682e568,internal,tbound_higgs,2026-02-28T16:05:39.981281+00:00,tabular,higgs,mlp,2,15749,0.35,n_d_lr_grid,260000,3e-05,128,0.0001,adam,10000,0.3,0.352413,8598,94.55,0.006566,70200000000,0.052413,MEDIUM
run_64ba671d,internal,tbound_higgs,2026-02-28T16:25:39.981281+00:00,tabular,higgs,mlp,2,15749,0.35,n_d_lr_grid,1050000,0.01,128,0.0001,adam,10000,0.3,0.330318,8869,185.57,0.012887,283500000000,0.030318,LOW
run_75c0382f,internal,tbound_higgs,2026-02-28T16:45:39.981281+00:00,tabular,higgs,mlp,2,15749,0.35,n_d_lr_grid,1050000,0.003,128,0.0001,adam,10000,0.3,0.352665,8401,186.16,0.012928,283500000000,0.052665,MEDIUM
run_5a6176fa,internal,tbound_higgs,2026-02-28T17:05:39.981281+00:00,tabular,higgs,mlp,2,15749,0.35,n_d_lr_grid,1050000,0.001,128,0.0001,adam,10000,0.590373,0.617934,8848,180.87,0.01256,283500000000,0.027561,LOW
run_3f4b43a5,internal,tbound_higgs,2026-02-28T17:25:39.981281+00:00,tabular,higgs,mlp,2,15749,0.35,n_d_lr_grid,1050000,0.0003,128,0.0001,adam,10000,0.318403,0.390978,8556,165.22,0.011474,283500000000,0.072575,MEDIUM
run_d363f707,internal,tbound_higgs,2026-02-28T17:45:39.981281+00:00,tabular,higgs,mlp,2,15749,0.35,n_d_lr_grid,1050000,0.0001,128,0.0001,adam,10000,0.3,0.376176,7982,140.15,0.009733,283500000000,0.076176,MEDIUM
run_2d612234,internal,tbound_higgs,2026-02-28T18:05:39.981281+00:00,tabular,higgs,mlp,2,15749,0.35,n_d_lr_grid,1050000,3e-05,128,0.0001,adam,10000,0.3,0.313536,7024,184.26,0.012796,283500000000,0.013536,LOW
run_61e2bef2,internal,tbound_higgs,2026-02-28T18:25:39.981281+00:00,tabular,higgs,mlp,2,15749,0.35,n_d_lr_grid,4200000,0.01,128,0.0001,adam,10000,0.3,0.377121,8553,462.85,0.032143,1134000000000,0.077121,MEDIUM
run_74a108c7,internal,tbound_higgs,2026-02-28T18:45:39.981281+00:00,tabular,higgs,mlp,2,15749,0.35,n_d_lr_grid,4200000,0.003,128,0.0001,adam,10000,0.3,0.332703,7018,535.69,0.037201,1134000000000,0.032703,LOW
run_3b926db2,internal,tbound_higgs,2026-02-28T19:05:39.981281+00:00,tabular,higgs,mlp,2,15749,0.35,n_d_lr_grid,4200000,0.001,128,0.0001,adam,10000,0.543265,0.581613,8410,539.89,0.037492,1134000000000,0.038348,LOW
run_46966696,internal,tbound_higgs,2026-02-28T19:25:39.981281+00:00,tabular,higgs,mlp,2,15749,0.35,n_d_lr_grid,4200000,0.0003,128,0.0001,adam,10000,0.451554,0.518996,7551,485.3,0.033702,1134000000000,0.067441,MEDIUM
run_b2a2479f,internal,tbound_higgs,2026-02-28T19:45:39.981281+00:00,tabular,higgs,mlp,2,15749,0.35,n_d_lr_grid,4200000,0.0001,128,0.0001,adam,10000,0.3,0.320816,7997,489.56,0.033997,1134000000000,0.020816,LOW
run_5e387e88,internal,tbound_higgs,2026-02-28T20:05:39.981281+00:00,tabular,higgs,mlp,2,15749,0.35,n_d_lr_grid,4200000,3e-05,128,0.0001,adam,10000,0.3,0.314473,9731,456.69,0.031715,1134000000000,0.014473,LOW
run_975da23c,internal,tbound_higgs,2026-02-28T20:25:39.981281+00:00,tabular,higgs,mlp,2,22500,0.5,n_d_lr_grid,4000,0.01,128,0.0001,adam,10000,0.3,0.316088,8391,57.69,0.004006,1080000000,0.016088,LOW
run_6224fcb0,internal,tbound_higgs,2026-02-28T20:45:39.981281+00:00,tabular,higgs,mlp,2,22500,0.5,n_d_lr_grid,4000,0.003,128,0.0001,adam,10000,0.554397,0.630527,8520,60.54,0.004204,1080000000,0.07613,MEDIUM
run_70432d7b,internal,tbound_higgs,2026-02-28T21:05:39.981281+00:00,tabular,higgs,mlp,2,22500,0.5,n_d_lr_grid,4000,0.001,128,0.0001,adam,10000,0.404211,0.477883,8345,30.96,0.00215,1080000000,0.073672,MEDIUM
run_73027da0,internal,tbound_higgs,2026-02-28T21:25:39.981281+00:00,tabular,higgs,mlp,2,22500,0.5,n_d_lr_grid,4000,0.0003,128,0.0001,adam,10000,0.3,0.375635,7702,91.57,0.006359,1080000000,0.075635,MEDIUM
run_85c68925,internal,tbound_higgs,2026-02-28T21:45:39.981281+00:00,tabular,higgs,mlp,2,22500,0.5,n_d_lr_grid,4000,0.0001,128,0.0001,adam,10000,0.3,0.352714,9376,115.21,0.008001,1080000000,0.052714,MEDIUM
run_75a4e6fc,internal,tbound_higgs,2026-02-28T22:05:39.981281+00:00,tabular,higgs,mlp,2,22500,0.5,n_d_lr_grid,4000,3e-05,128,0.0001,adam,10000,0.3,0.310994,7574,53.59,0.003721,1080000000,0.010994,LOW
run_221e4683,internal,tbound_higgs,2026-02-28T22:25:39.981281+00:00,tabular,higgs,mlp,2,22500,0.5,n_d_lr_grid,16000,0.01,128,0.0001,adam,10000,0.3,0.358184,9884,98.98,0.006874,4320000000,0.058184,MEDIUM
run_356fd64a,internal,tbound_higgs,2026-02-28T22:45:39.981281+00:00,tabular,higgs,mlp,2,22500,0.5,n_d_lr_grid,16000,0.003,128,0.0001,adam,10000,0.517195,0.596875,9810,57.48,0.003991,4320000000,0.07968,MEDIUM
run_b5ae17c4,internal,tbound_higgs,2026-02-28T23:05:39.981281+00:00,tabular,higgs,mlp,2,22500,0.5,n_d_lr_grid,16000,0.001,128,0.0001,adam,10000,0.531493,0.558063,9471,111.04,0.007711,4320000000,0.02657,LOW
run_67938000,internal,tbound_higgs,2026-02-28T23:25:39.981281+00:00,tabular,higgs,mlp,2,22500,0.5,n_d_lr_grid,16000,0.0003,128,0.0001,adam,10000,0.3,0.321841,7203,119.57,0.008304,4320000000,0.021841,LOW
run_dcd441a7,internal,tbound_higgs,2026-02-28T23:45:39.981281+00:00,tabular,higgs,mlp,2,22500,0.5,n_d_lr_grid,16000,0.0001,128,0.0001,adam,10000,0.3,0.369151,9243,36.91,0.002564,4320000000,0.069151,MEDIUM
run_ce135d6b,internal,tbound_higgs,2026-03-01T00:05:39.981281+00:00,tabular,higgs,mlp,2,22500,0.5,n_d_lr_grid,16000,3e-05,128,0.0001,adam,10000,0.3,0.348065,8961,94.15,0.006538,4320000000,0.048065,LOW
run_4c8c7be4,internal,tbound_higgs,2026-03-01T00:25:39.981281+00:00,tabular,higgs,mlp,2,22500,0.5,n_d_lr_grid,65000,0.01,128,0.0001,adam,10000,0.3,0.37932,7528,91.52,0.006356,17550000000,0.07932,MEDIUM
run_479788fc,internal,tbound_higgs,2026-03-01T00:45:39.981281+00:00,tabular,higgs,mlp,2,22500,0.5,n_d_lr_grid,65000,0.003,128,0.0001,adam,10000,0.429785,0.499414,8302,110.05,0.007642,17550000000,0.069629,MEDIUM
run_5f944baa,internal,tbound_higgs,2026-03-01T01:05:39.981281+00:00,tabular,higgs,mlp,2,22500,0.5,n_d_lr_grid,65000,0.001,128,0.0001,adam,10000,0.610407,0.647323,9299,67.73,0.004703,17550000000,0.036916,LOW
run_fd180d82,internal,tbound_higgs,2026-03-01T01:25:39.981281+00:00,tabular,higgs,mlp,2,22500,0.5,n_d_lr_grid,65000,0.0003,128,0.0001,adam,10000,0.3,0.326775,8723,39.42,0.002737,17550000000,0.026775,LOW
run_034892c1,internal,tbound_higgs,2026-03-01T01:45:39.981281+00:00,tabular,higgs,mlp,2,22500,0.5,n_d_lr_grid,65000,0.0001,128,0.0001,adam,10000,0.3,0.365581,8388,88.38,0.006138,17550000000,0.065581,MEDIUM
run_0669ca5b,internal,tbound_higgs,2026-03-01T02:05:39.981281+00:00,tabular,higgs,mlp,2,22500,0.5,n_d_lr_grid,65000,3e-05,128,0.0001,adam,10000,0.3,0.366699,9480,57.95,0.004024,17550000000,0.066699,MEDIUM
run_61e012dd,internal,tbound_higgs,2026-03-01T02:25:39.981281+00:00,tabular,higgs,mlp,2,22500,0.5,n_d_lr_grid,260000,0.01,128,0.0001,adam,10000,0.3,0.362542,9426,77.24,0.005364,70200000000,0.062542,MEDIUM
run_abca4c03,internal,tbound_higgs,2026-03-01T02:45:39.981281+00:00,tabular,higgs,mlp,2,22500,0.5,n_d_lr_grid,260000,0.003,128,0.0001,adam,10000,0.316285,0.326921,9939,114.35,0.007941,70200000000,0.010636,LOW
run_adb4945d,internal,tbound_higgs,2026-03-01T03:05:39.981281+00:00,tabular,higgs,mlp,2,22500,0.5,n_d_lr_grid,260000,0.001,128,0.0001,adam,10000,0.661391,0.707291,8755,132.03,0.009169,70200000000,0.0459,LOW
run_ea8884db,internal,tbound_higgs,2026-03-01T03:25:39.981281+00:00,tabular,higgs,mlp,2,22500,0.5,n_d_lr_grid,260000,0.0003,128,0.0001,adam,10000,0.3,0.37044,7988,68.55,0.00476,70200000000,0.07044,MEDIUM
run_0363020e,internal,tbound_higgs,2026-03-01T03:45:39.981281+00:00,tabular,higgs,mlp,2,22500,0.5,n_d_lr_grid,260000,0.0001,128,0.0001,adam,10000,0.3,0.32709,8502,96.51,0.006702,70200000000,0.02709,LOW
run_41d62829,internal,tbound_higgs,2026-03-01T04:05:39.981281+00:00,tabular,higgs,mlp,2,22500,0.5,n_d_lr_grid,260000,3e-05,128,0.0001,adam,10000,0.3,0.360261,8425,89.48,0.006214,70200000000,0.060261,MEDIUM
run_58ff961f,internal,tbound_higgs,2026-03-01T04:25:39.981281+00:00,tabular,higgs,mlp,2,22500,0.5,n_d_lr_grid,1050000,0.01,128,0.0001,adam,10000,0.3,0.319199,9440,158.62,0.011016,283500000000,0.019199,LOW
run_d83da0b7,internal,tbound_higgs,2026-03-01T04:45:39.981281+00:00,tabular,higgs,mlp,2,22500,0.5,n_d_lr_grid,1050000,0.003,128,0.0001,adam,10000,0.3,0.370694,8278,156.96,0.0109,283500000000,0.070694,MEDIUM
run_a1d7481e,internal,tbound_higgs,2026-03-01T05:05:39.981281+00:00,tabular,higgs,mlp,2,22500,0.5,n_d_lr_grid,1050000,0.001,128,0.0001,adam,10000,0.646856,0.698828,8421,184.53,0.012815,283500000000,0.051972,MEDIUM
run_475cc6d2,internal,tbound_higgs,2026-03-01T05:25:39.981281+00:00,tabular,higgs,mlp,2,22500,0.5,n_d_lr_grid,1050000,0.0003,128,0.0001,adam,10000,0.374887,0.409251,7959,215.6,0.014972,283500000000,0.034364,LOW
run_b64ca7ac,internal,tbound_higgs,2026-03-01T05:45:39.981281+00:00,tabular,higgs,mlp,2,22500,0.5,n_d_lr_grid,1050000,0.0001,128,0.0001,adam,10000,0.3,0.341041,9282,163.89,0.011381,283500000000,0.041041,LOW
run_d935752e,internal,tbound_higgs,2026-03-01T06:05:39.981281+00:00,tabular,higgs,mlp,2,22500,0.5,n_d_lr_grid,1050000,3e-05,128,0.0001,adam,10000,0.3,0.322112,7815,159.01,0.011042,283500000000,0.022112,LOW
run_71298761,internal,tbound_higgs,2026-03-01T06:25:39.981281+00:00,tabular,higgs,mlp,2,22500,0.5,n_d_lr_grid,4200000,0.01,128,0.0001,adam,10000,0.3,0.361553,7067,454.65,0.031573,1134000000000,0.061553,MEDIUM
run_c230b838,internal,tbound_higgs,2026-03-01T06:45:39.981281+00:00,tabular,higgs,mlp,2,22500,0.5,n_d_lr_grid,4200000,0.003,128,0.0001,adam,10000,0.3,0.367523,8158,462.51,0.032119,1134000000000,0.067523,MEDIUM
run_ba3f6348,internal,tbound_higgs,2026-03-01T07:05:39.981281+00:00,tabular,higgs,mlp,2,22500,0.5,n_d_lr_grid,4200000,0.001,128,0.0001,adam,10000,0.600247,0.632341,9180,494.19,0.034319,1134000000000,0.032094,LOW
run_acb77012,internal,tbound_higgs,2026-03-01T07:25:39.981281+00:00,tabular,higgs,mlp,2,22500,0.5,n_d_lr_grid,4200000,0.0003,128,0.0001,adam,10000,0.508536,0.568317,9427,450.61,0.031292,1134000000000,0.059781,MEDIUM
run_f801f91a,internal,tbound_higgs,2026-03-01T07:45:39.981281+00:00,tabular,higgs,mlp,2,22500,0.5,n_d_lr_grid,4200000,0.0001,128,0.0001,adam,10000,0.3,0.378243,7585,487.0,0.033819,1134000000000,0.078243,MEDIUM
run_093641b0,internal,tbound_higgs,2026-03-01T08:05:39.981281+00:00,tabular,higgs,mlp,2,22500,0.5,n_d_lr_grid,4200000,3e-05,128,0.0001,adam,10000,0.3,0.346575,9064,507.69,0.035256,1134000000000,0.046575,LOW
run_9fa05e9b,internal,tbound_higgs,2026-03-01T08:25:39.981281+00:00,tabular,higgs,mlp,2,33750,0.75,n_d_lr_grid,4000,0.01,128,0.0001,adam,10000,0.3,0.326912,8502,91.72,0.006369,1080000000,0.026912,LOW
run_9b2fb4e1,internal,tbound_higgs,2026-03-01T08:45:39.981281+00:00,tabular,higgs,mlp,2,33750,0.75,n_d_lr_grid,4000,0.003,128,0.0001,adam,10000,0.616848,0.686345,9022,64.68,0.004492,1080000000,0.069496,MEDIUM
run_61ab0296,internal,tbound_higgs,2026-03-01T09:05:39.981281+00:00,tabular,higgs,mlp,2,33750,0.75,n_d_lr_grid,4000,0.001,128,0.0001,adam,10000,0.466663,0.524044,7044,36.17,0.002512,1080000000,0.057381,MEDIUM
run_38037f01,internal,tbound_higgs,2026-03-01T09:25:39.981281+00:00,tabular,higgs,mlp,2,33750,0.75,n_d_lr_grid,4000,0.0003,128,0.0001,adam,10000,0.3,0.361771,9603,49.39,0.00343,1080000000,0.061771,MEDIUM
run_34dac675,internal,tbound_higgs,2026-03-01T09:45:39.981281+00:00,tabular,higgs,mlp,2,33750,0.75,n_d_lr_grid,4000,0.0001,128,0.0001,adam,10000,0.3,0.358103,8439,103.73,0.007204,1080000000,0.058103,MEDIUM
run_914feee5,internal,tbound_higgs,2026-03-01T10:05:39.981281+00:00,tabular,higgs,mlp,2,33750,0.75,n_d_lr_grid,4000,3e-05,128,0.0001,adam,10000,0.3,0.325231,7073,42.44,0.002947,1080000000,0.025231,LOW
run_758385a3,internal,tbound_higgs,2026-03-01T10:25:39.981281+00:00,tabular,higgs,mlp,2,33750,0.75,n_d_lr_grid,16000,0.01,128,0.0001,adam,10000,0.3,0.318331,7687,37.8,0.002625,4320000000,0.018331,LOW
run_aa10e1f1,internal,tbound_higgs,2026-03-01T10:45:39.981281+00:00,tabular,higgs,mlp,2,33750,0.75,n_d_lr_grid,16000,0.003,128,0.0001,adam,10000,0.582805,0.608212,9647,54.46,0.003782,4320000000,0.025406,LOW
run_5f00a4cb,internal,tbound_higgs,2026-03-01T11:05:39.981281+00:00,tabular,higgs,mlp,2,33750,0.75,n_d_lr_grid,16000,0.001,128,0.0001,adam,10000,0.597104,0.623816,7324,50.82,0.003529,4320000000,0.026713,LOW
run_a1fc6023,internal,tbound_higgs,2026-03-01T11:25:39.981281+00:00,tabular,higgs,mlp,2,33750,0.75,n_d_lr_grid,16000,0.0003,128,0.0001,adam,10000,0.3,0.360569,7716,32.27,0.002241,4320000000,0.060569,MEDIUM
run_b10977ef,internal,tbound_higgs,2026-03-01T11:45:39.981281+00:00,tabular,higgs,mlp,2,33750,0.75,n_d_lr_grid,16000,0.0001,128,0.0001,adam,10000,0.3,0.335668,7151,66.78,0.004638,4320000000,0.035668,LOW
run_e2f243db,internal,tbound_higgs,2026-03-01T12:05:39.981281+00:00,tabular,higgs,mlp,2,33750,0.75,n_d_lr_grid,16000,3e-05,128,0.0001,adam,10000,0.3,0.376827,7868,103.61,0.007195,4320000000,0.076827,MEDIUM
run_89ca717f,internal,tbound_higgs,2026-03-01T12:25:39.981281+00:00,tabular,higgs,mlp,2,33750,0.75,n_d_lr_grid,65000,0.01,128,0.0001,adam,10000,0.3,0.314763,8502,65.02,0.004515,17550000000,0.014763,LOW
run_9d043fda,internal,tbound_higgs,2026-03-01T12:45:39.981281+00:00,tabular,higgs,mlp,2,33750,0.75,n_d_lr_grid,65000,0.003,128,0.0001,adam,10000,0.49733,0.526075,9508,75.4,0.005236,17550000000,0.028745,LOW
run_3da12c27,internal,tbound_higgs,2026-03-01T13:05:39.981281+00:00,tabular,higgs,mlp,2,33750,0.75,n_d_lr_grid,65000,0.001,128,0.0001,adam,10000,0.677952,0.748034,7666,112.54,0.007815,17550000000,0.070083,MEDIUM
run_8a3b5b71,internal,tbound_higgs,2026-03-01T13:25:39.981281+00:00,tabular,higgs,mlp,2,33750,0.75,n_d_lr_grid,65000,0.0003,128,0.0001,adam,10000,0.3,0.355114,8264,52.96,0.003678,17550000000,0.055114,MEDIUM
run_ace71223,internal,tbound_higgs,2026-03-01T13:45:39.981281+00:00,tabular,higgs,mlp,2,33750,0.75,n_d_lr_grid,65000,0.0001,128,0.0001,adam,10000,0.3,0.314263,7179,99.64,0.00692,17550000000,0.014263,LOW
run_87aaf5e4,internal,tbound_higgs,2026-03-01T14:05:39.981281+00:00,tabular,higgs,mlp,2,33750,0.75,n_d_lr_grid,65000,3e-05,128,0.0001,adam,10000,0.3,0.325809,9521,52.34,0.003635,17550000000,0.025809,LOW
run_d945e82f,internal,tbound_higgs,2026-03-01T14:25:39.981281+00:00,tabular,higgs,mlp,2,33750,0.75,n_d_lr_grid,260000,0.01,128,0.0001,adam,10000,0.3,0.341093,7834,68.33,0.004745,70200000000,0.041093,LOW
run_e280ced6,internal,tbound_higgs,2026-03-01T14:45:39.981281+00:00,tabular,higgs,mlp,2,33750,0.75,n_d_lr_grid,260000,0.003,128,0.0001,adam,10000,0.386865,0.417439,7727,96.17,0.006678,70200000000,0.030574,LOW
run_b6abade3,internal,tbound_higgs,2026-03-01T15:05:39.981281+00:00,tabular,higgs,mlp,2,33750,0.75,n_d_lr_grid,260000,0.001,128,0.0001,adam,10000,0.73197,0.805652,8036,132.66,0.009213,70200000000,0.073682,MEDIUM
run_3cb2616b,internal,tbound_higgs,2026-03-01T15:25:39.981281+00:00,tabular,higgs,mlp,2,33750,0.75,n_d_lr_grid,260000,0.0003,128,0.0001,adam,10000,0.3,0.325761,8548,115.61,0.008028,70200000000,0.025761,LOW
run_fd9ee60c,internal,tbound_higgs,2026-03-01T15:45:39.981281+00:00,tabular,higgs,mlp,2,33750,0.75,n_d_lr_grid,260000,0.0001,128,0.0001,adam,10000,0.3,0.374057,9087,70.07,0.004866,70200000000,0.074057,MEDIUM
run_3fa9da10,internal,tbound_higgs,2026-03-01T16:05:39.981281+00:00,tabular,higgs,mlp,2,33750,0.75,n_d_lr_grid,260000,3e-05,128,0.0001,adam,10000,0.3,0.340185,8570,107.24,0.007447,70200000000,0.040185,LOW
run_b08559df,internal,tbound_higgs,2026-03-01T16:25:39.981281+00:00,tabular,higgs,mlp,2,33750,0.75,n_d_lr_grid,1050000,0.01,128,0.0001,adam,10000,0.3,0.34321,7522,165.04,0.011461,283500000000,0.04321,LOW
run_a0bad7cd,internal,tbound_higgs,2026-03-01T16:45:39.981281+00:00,tabular,higgs,mlp,2,33750,0.75,n_d_lr_grid,1050000,0.003,128,0.0001,adam,10000,0.3,0.360555,8929,150.67,0.010463,283500000000,0.060555,MEDIUM
run_71e726e1,internal,tbound_higgs,2026-03-01T17:05:39.981281+00:00,tabular,higgs,mlp,2,33750,0.75,n_d_lr_grid,1050000,0.001,128,0.0001,adam,10000,0.717492,0.771712,9590,181.69,0.012617,283500000000,0.054221,MEDIUM
run_67dfb0b7,internal,tbound_higgs,2026-03-01T17:25:39.981281+00:00,tabular,higgs,mlp,2,33750,0.75,n_d_lr_grid,1050000,0.0003,128,0.0001,adam,10000,0.445522,0.471822,8089,179.28,0.01245,283500000000,0.0263,LOW
run_7287167c,internal,tbound_higgs,2026-03-01T17:45:39.981281+00:00,tabular,higgs,mlp,2,33750,0.75,n_d_lr_grid,1050000,0.0001,128,0.0001,adam,10000,0.3,0.375075,9579,146.22,0.010154,283500000000,0.075075,MEDIUM
run_5a3b47e2,internal,tbound_higgs,2026-03-01T18:05:39.981281+00:00,tabular,higgs,mlp,2,33750,0.75,n_d_lr_grid,1050000,3e-05,128,0.0001,adam,10000,0.3,0.332597,9443,158.23,0.010988,283500000000,0.032597,LOW
run_a19ecf66,internal,tbound_higgs,2026-03-01T18:25:39.981281+00:00,tabular,higgs,mlp,2,33750,0.75,n_d_lr_grid,4200000,0.01,128,0.0001,adam,10000,0.3,0.31933,9442,533.5,0.037048,1134000000000,0.01933,LOW
run_e85bce6c,internal,tbound_higgs,2026-03-01T18:45:39.981281+00:00,tabular,higgs,mlp,2,33750,0.75,n_d_lr_grid,4200000,0.003,128,0.0001,adam,10000,0.3,0.321449,7749,477.37,0.033151,1134000000000,0.021449,LOW
run_44817088,internal,tbound_higgs,2026-03-01T19:05:39.981281+00:00,tabular,higgs,mlp,2,33750,0.75,n_d_lr_grid,4200000,0.001,128,0.0001,adam,10000,0.671504,0.735816,9261,522.72,0.0363,1134000000000,0.064311,MEDIUM
run_4ac7ed73,internal,tbound_higgs,2026-03-01T19:25:39.981281+00:00,tabular,higgs,mlp,2,33750,0.75,n_d_lr_grid,4200000,0.0003,128,0.0001,adam,10000,0.579793,0.633782,9416,489.48,0.033992,1134000000000,0.053988,MEDIUM
run_6bf981e9,internal,tbound_higgs,2026-03-01T19:45:39.981281+00:00,tabular,higgs,mlp,2,33750,0.75,n_d_lr_grid,4200000,0.0001,128,0.0001,adam,10000,0.3,0.368403,8075,501.96,0.034858,1134000000000,0.068403,MEDIUM
run_316920e3,internal,tbound_higgs,2026-03-01T20:05:39.981281+00:00,tabular,higgs,mlp,2,33750,0.75,n_d_lr_grid,4200000,3e-05,128,0.0001,adam,10000,0.3,0.328589,9180,522.61,0.036292,1134000000000,0.028589,LOW
run_62a6556e,internal,tbound_higgs,2026-03-01T20:25:39.981281+00:00,tabular,higgs,mlp,2,45000,1.0,n_d_lr_grid,4000,0.01,128,0.0001,adam,10000,0.3,0.312406,9420,87.91,0.006105,1080000000,0.012406,LOW
run_82af6308,internal,tbound_higgs,2026-03-01T20:45:39.981281+00:00,tabular,higgs,mlp,2,45000,1.0,n_d_lr_grid,4000,0.003,128,0.0001,adam,10000,0.665159,0.735791,7831,75.33,0.005231,1080000000,0.070633,MEDIUM
run_a7579bb8,internal,tbound_higgs,2026-03-01T21:05:39.981281+00:00,tabular,higgs,mlp,2,45000,1.0,n_d_lr_grid,4000,0.001,128,0.0001,adam,10000,0.514973,0.563153,9735,42.41,0.002945,1080000000,0.04818,LOW
run_7a73bbe1,internal,tbound_higgs,2026-03-01T21:25:39.981281+00:00,tabular,higgs,mlp,2,45000,1.0,n_d_lr_grid,4000,0.0003,128,0.0001,adam,10000,0.3,0.379933,9063,50.23,0.003488,1080000000,0.079933,MEDIUM
run_9241730a,internal,tbound_higgs,2026-03-01T21:45:39.981281+00:00,tabular,higgs,mlp,2,45000,1.0,n_d_lr_grid,4000,0.0001,128,0.0001,adam,10000,0.3,0.317302,9561,43.5,0.003021,1080000000,0.017302,LOW
run_c093858a,internal,tbound_higgs,2026-03-01T22:05:39.981281+00:00,tabular,higgs,mlp,2,45000,1.0,n_d_lr_grid,4000,3e-05,128,0.0001,adam,10000,0.3,0.346973,8850,72.45,0.005031,1080000000,0.046973,LOW
run_d284042e,internal,tbound_higgs,2026-03-01T22:25:39.981281+00:00,tabular,higgs,mlp,2,45000,1.0,n_d_lr_grid,16000,0.01,128,0.0001,adam,10000,0.3,0.373747,9790,70.81,0.004917,4320000000,0.073747,MEDIUM
run_e3d16267,internal,tbound_higgs,2026-03-01T22:45:39.981281+00:00,tabular,higgs,mlp,2,45000,1.0,n_d_lr_grid,16000,0.003,128,0.0001,adam,10000,0.633559,0.701532,8882,87.94,0.006107,4320000000,0.067973,MEDIUM
run_c0b45ecc,internal,tbound_higgs,2026-03-01T23:05:39.981281+00:00,tabular,higgs,mlp,2,45000,1.0,n_d_lr_grid,16000,0.001,128,0.0001,adam,10000,0.647857,0.679959,9175,87.54,0.006079,4320000000,0.032102,LOW
run_d3d7ead6,internal,tbound_higgs,2026-03-01T23:25:39.981281+00:00,tabular,higgs,mlp,2,45000,1.0,n_d_lr_grid,16000,0.0003,128,0.0001,adam,10000,0.3,0.341139,9597,112.55,0.007816,4320000000,0.041139,LOW
run_d8c3aa7e,internal,tbound_higgs,2026-03-01T23:45:39.981281+00:00,tabular,higgs,mlp,2,45000,1.0,n_d_lr_grid,16000,0.0001,128,0.0001,adam,10000,0.3,0.337069,8934,105.5,0.007327,4320000000,0.037069,LOW
run_1c9354be,internal,tbound_higgs,2026-03-02T00:05:39.981281+00:00,tabular,higgs,mlp,2,45000,1.0,n_d_lr_grid,16000,3e-05,128,0.0001,adam,10000,0.3,0.341775,8928,77.23,0.005363,4320000000,0.041775,LOW
run_a5a1debf,internal,tbound_higgs,2026-03-02T00:25:39.981281+00:00,tabular,higgs,mlp,2,45000,1.0,n_d_lr_grid,65000,0.01,128,0.0001,adam,10000,0.3,0.375264,8017,113.74,0.007899,17550000000,0.075264,MEDIUM
run_1374e55b,internal,tbound_higgs,2026-03-02T00:45:39.981281+00:00,tabular,higgs,mlp,2,45000,1.0,n_d_lr_grid,65000,0.003,128,0.0001,adam,10000,0.54958,0.583447,8015,126.29,0.00877,17550000000,0.033867,LOW
run_64e33052,internal,tbound_higgs,2026-03-02T01:05:39.981281+00:00,tabular,higgs,mlp,2,45000,1.0,n_d_lr_grid,65000,0.001,128,0.0001,adam,10000,0.730202,0.759741,9144,120.26,0.008351,17550000000,0.029539,LOW
run_6ed0ca88,internal,tbound_higgs,2026-03-02T01:25:39.981281+00:00,tabular,higgs,mlp,2,45000,1.0,n_d_lr_grid,65000,0.0003,128,0.0001,adam,10000,0.3,0.379874,9068,43.25,0.003003,17550000000,0.079874,MEDIUM
run_1dd021a0,internal,tbound_higgs,2026-03-02T01:45:39.981281+00:00,tabular,higgs,mlp,2,45000,1.0,n_d_lr_grid,65000,0.0001,128,0.0001,adam,10000,0.3,0.338553,7065,67.8,0.004708,17550000000,0.038553,LOW
run_80db9e25,internal,tbound_higgs,2026-03-02T02:05:39.981281+00:00,tabular,higgs,mlp,2,45000,1.0,n_d_lr_grid,65000,3e-05,128,0.0001,adam,10000,0.3,0.314569,7337,110.47,0.007671,17550000000,0.014569,LOW
run_d10b10da,internal,tbound_higgs,2026-03-02T02:25:39.981281+00:00,tabular,higgs,mlp,2,45000,1.0,n_d_lr_grid,260000,0.01,128,0.0001,adam,10000,0.3,0.371553,9718,102.28,0.007103,70200000000,0.071553,MEDIUM
run_585f87bb,internal,tbound_higgs,2026-03-02T02:45:39.981281+00:00,tabular,higgs,mlp,2,45000,1.0,n_d_lr_grid,260000,0.003,128,0.0001,adam,10000,0.441462,0.469319,7595,125.11,0.008688,70200000000,0.027857,LOW
run_82d43895,internal,tbound_higgs,2026-03-02T03:05:39.981281+00:00,tabular,higgs,mlp,2,45000,1.0,n_d_lr_grid,260000,0.001,128,0.0001,adam,10000,0.786568,0.799364,7209,88.61,0.006153,70200000000,0.012796,LOW
run_ac8c6417,internal,tbound_higgs,2026-03-02T03:25:39.981281+00:00,tabular,higgs,mlp,2,45000,1.0,n_d_lr_grid,260000,0.0003,128,0.0001,adam,10000,0.333096,0.347592,7969,109.34,0.007593,70200000000,0.014497,LOW
run_970d9add,internal,tbound_higgs,2026-03-02T03:45:39.981281+00:00,tabular,higgs,mlp,2,45000,1.0,n_d_lr_grid,260000,0.0001,128,0.0001,adam,10000,0.3,0.313857,8211,94.42,0.006557,70200000000,0.013857,LOW
run_0d700bf0,internal,tbound_higgs,2026-03-02T04:05:39.981281+00:00,tabular,higgs,mlp,2,45000,1.0,n_d_lr_grid,260000,3e-05,128,0.0001,adam,10000,0.3,0.364899,9723,141.22,0.009807,70200000000,0.064899,MEDIUM
run_2c722869,internal,tbound_higgs,2026-03-02T04:25:39.981281+00:00,tabular,higgs,mlp,2,45000,1.0,n_d_lr_grid,1050000,0.01,128,0.0001,adam,10000,0.3,0.346772,9885,140.94,0.009788,283500000000,0.046772,LOW
run_b1ff329b,internal,tbound_higgs,2026-03-02T04:45:39.981281+00:00,tabular,higgs,mlp,2,45000,1.0,n_d_lr_grid,1050000,0.003,128,0.0001,adam,10000,0.3,0.373971,8005,223.29,0.015507,283500000000,0.073971,MEDIUM
run_18ad050d,internal,tbound_higgs,2026-03-02T05:05:39.981281+00:00,tabular,higgs,mlp,2,45000,1.0,n_d_lr_grid,1050000,0.001,128,0.0001,adam,10000,0.772133,0.839315,9302,202.46,0.01406,283500000000,0.067182,MEDIUM
run_eb5e6a7c,internal,tbound_higgs,2026-03-02T05:25:39.981281+00:00,tabular,higgs,mlp,2,45000,1.0,n_d_lr_grid,1050000,0.0003,128,0.0001,adam,10000,0.500163,0.528933,8789,163.41,0.011348,283500000000,0.02877,LOW
run_222163fc,internal,tbound_higgs,2026-03-02T05:45:39.981281+00:00,tabular,higgs,mlp,2,45000,1.0,n_d_lr_grid,1050000,0.0001,128,0.0001,adam,10000,0.3,0.356686,8444,144.23,0.010016,283500000000,0.056686,MEDIUM
run_4c771344,internal,tbound_higgs,2026-03-02T06:05:39.981281+00:00,tabular,higgs,mlp,2,45000,1.0,n_d_lr_grid,1050000,3e-05,128,0.0001,adam,10000,0.3,0.319778,7524,199.42,0.013848,283500000000,0.019778,LOW
run_591490c0,internal,tbound_higgs,2026-03-02T06:25:39.981281+00:00,tabular,higgs,mlp,2,45000,1.0,n_d_lr_grid,4200000,0.01,128,0.0001,adam,10000,0.3,0.341433,7148,491.34,0.034121,1134000000000,0.041433,LOW
run_62997ab2,internal,tbound_higgs,2026-03-02T06:45:39.981281+00:00,tabular,higgs,mlp,2,45000,1.0,n_d_lr_grid,4200000,0.003,128,0.0001,adam,10000,0.3,0.370855,8721,516.31,0.035855,1134000000000,0.070855,MEDIUM
run_8f0caca5,internal,tbound_higgs,2026-03-02T07:05:39.981281+00:00,tabular,higgs,mlp,2,45000,1.0,n_d_lr_grid,4200000,0.001,128,0.0001,adam,10000,0.726626,0.77672,8240,462.35,0.032108,1134000000000,0.050093,MEDIUM
run_154ecdc7,internal,tbound_higgs,2026-03-02T07:25:39.981281+00:00,tabular,higgs,mlp,2,45000,1.0,n_d_lr_grid,4200000,0.0003,128,0.0001,adam,10000,0.634915,0.706314,7628,471.89,0.03277,1134000000000,0.071398,MEDIUM
run_432a7c93,internal,tbound_higgs,2026-03-02T07:45:39.981281+00:00,tabular,higgs,mlp,2,45000,1.0,n_d_lr_grid,4200000,0.0001,128,0.0001,adam,10000,0.3,0.357016,7199,480.05,0.033337,1134000000000,0.057016,MEDIUM
run_92cb6927,internal,tbound_higgs,2026-03-02T08:05:39.981281+00:00,tabular,higgs,mlp,2,45000,1.0,n_d_lr_grid,4200000,3e-05,128,0.0001,adam,10000,0.3,0.373778,8471,523.85,0.036378,1134000000000,0.073778,MEDIUM
run_b75d00b4,internal,tbound_higgs,2026-03-02T08:25:39.981281+00:00,tabular,higgs,mlp,2,11250,0.25,batch_grid,260000,0.001026,32,0.0001,adam,10000,0.724267,0.763096,9078,86.84,0.006031,70200000000,0.038829,LOW
run_893fd707,internal,tbound_higgs,2026-03-02T08:45:39.981281+00:00,tabular,higgs,mlp,2,11250,0.25,batch_grid,260000,0.001026,64,0.0001,adam,10000,0.764267,0.799542,8689,87.62,0.006085,70200000000,0.035275,LOW
run_30207ecc,internal,tbound_higgs,2026-03-02T09:05:39.981281+00:00,tabular,higgs,mlp,2,11250,0.25,batch_grid,260000,0.001026,128,0.0001,adam,10000,0.784267,0.824392,9933,99.65,0.00692,70200000000,0.040125,LOW
run_acf9bd60,internal,tbound_higgs,2026-03-02T09:25:39.981281+00:00,tabular,higgs,mlp,2,11250,0.25,batch_grid,260000,0.001026,256,0.0001,adam,10000,0.784267,0.810313,8448,112.87,0.007838,70200000000,0.026046,LOW
run_3f0a77be,internal,tbound_higgs,2026-03-02T09:45:39.981281+00:00,tabular,higgs,mlp,2,11250,0.25,batch_grid,260000,0.001026,512,0.0001,adam,10000,0.764267,0.807881,7411,57.05,0.003962,70200000000,0.043614,LOW
run_371892b2,internal,tbound_higgs,2026-03-02T10:05:39.981281+00:00,tabular,higgs,mlp,2,11250,0.25,batch_grid,260000,0.001026,1024,0.0001,adam,10000,0.724267,0.738647,7372,68.17,0.004734,70200000000,0.01438,LOW
run_494c8237,internal,tbound_higgs,2026-03-02T10:25:39.981281+00:00,tabular,higgs,mlp,2,22500,0.5,batch_grid,260000,0.001026,32,0.0001,adam,10000,0.724267,0.747337,9558,76.98,0.005346,70200000000,0.02307,LOW
run_5e55a517,internal,tbound_higgs,2026-03-02T10:45:39.981281+00:00,tabular,higgs,mlp,2,22500,0.5,batch_grid,260000,0.001026,64,0.0001,adam,10000,0.764267,0.814058,8564,113.99,0.007916,70200000000,0.049791,LOW
run_a29a0f89,internal,tbound_higgs,2026-03-02T11:05:39.981281+00:00,tabular,higgs,mlp,2,22500,0.5,batch_grid,260000,0.001026,128,0.0001,adam,10000,0.784267,0.823676,9887,93.54,0.006496,70200000000,0.039409,LOW
run_61f87704,internal,tbound_higgs,2026-03-02T11:25:39.981281+00:00,tabular,higgs,mlp,2,22500,0.5,batch_grid,260000,0.001026,256,0.0001,adam,10000,0.784267,0.823935,8065,96.51,0.006702,70200000000,0.039667,LOW
run_ec4f03f6,internal,tbound_higgs,2026-03-02T11:45:39.981281+00:00,tabular,higgs,mlp,2,22500,0.5,batch_grid,260000,0.001026,512,0.0001,adam,10000,0.764267,0.788366,9881,63.57,0.004414,70200000000,0.024099,LOW
run_cbd12c1d,internal,tbound_higgs,2026-03-02T12:05:39.981281+00:00,tabular,higgs,mlp,2,22500,0.5,batch_grid,260000,0.001026,1024,0.0001,adam,10000,0.724267,0.761315,8152,107.52,0.007466,70200000000,0.037048,LOW
run_71306554,internal,tbound_higgs,2026-03-02T12:25:39.981281+00:00,tabular,higgs,mlp,2,45000,1.0,batch_grid,260000,0.001026,32,0.0001,adam,10000,0.724267,0.737364,7664,86.77,0.006026,70200000000,0.013096,LOW
run_1d63b33f,internal,tbound_higgs,2026-03-02T12:45:39.981281+00:00,tabular,higgs,mlp,2,45000,1.0,batch_grid,260000,0.001026,64,0.0001,adam,10000,0.764267,0.778493,7636,104.77,0.007276,70200000000,0.014226,LOW
run_ec8a2eb3,internal,tbound_higgs,2026-03-02T13:05:39.981281+00:00,tabular,higgs,mlp,2,45000,1.0,batch_grid,260000,0.001026,128,0.0001,adam,10000,0.784267,0.80716,7825,102.61,0.007126,70200000000,0.022893,LOW
run_f545d307,internal,tbound_higgs,2026-03-02T13:25:39.981281+00:00,tabular,higgs,mlp,2,45000,1.0,batch_grid,260000,0.001026,256,0.0001,adam,10000,0.784267,0.822398,9251,106.07,0.007366,70200000000,0.038131,LOW
run_92f7b020,internal,tbound_higgs,2026-03-02T13:45:39.981281+00:00,tabular,higgs,mlp,2,45000,1.0,batch_grid,260000,0.001026,512,0.0001,adam,10000,0.764267,0.80118,7535,85.83,0.005961,70200000000,0.036913,LOW
run_3bda973d,internal,tbound_higgs,2026-03-02T14:05:39.981281+00:00,tabular,higgs,mlp,2,45000,1.0,batch_grid,260000,0.001026,1024,0.0001,adam,10000,0.724267,0.745713,9810,94.43,0.006557,70200000000,0.021445,LOW
