run_id,source,project_id,timestamp,domain,dataset,architecture,num_classes,dataset_size,dataset_fraction,full_dataset_size,label_entropy,class_imbalance,input_resolution,sweep_type,params,learning_rate,batch_size,weight_decay,optimizer,num_steps,val_accuracy,train_accuracy,best_step,train_time_seconds,energy_kwh,compute_flops,generalization_gap,gen_warning,extrapolation_ratio
run_342f8297,internal,vision_cifar10,2026-03-01T08:47:58.016267+00:00,vision,cifar10,cnn,10,4500,0.1,,2.3026,1.0,1024.0,n_d_lr_grid,72954,0.01,128,0.0001,adam,10000,0.7358,0.737444,9900,576.23,0.040016,11207296,0.001644,LOW,
run_4a0be431,internal,vision_cifar10,2026-03-01T09:00:26.109907+00:00,vision,cifar10,cnn,10,4500,0.1,,2.3026,1.0,1024.0,n_d_lr_grid,72954,0.01,128,0.0001,adam,10000,0.7384,0.739397,9828,290.82,0.020196,11207296,0.000997,LOW,
run_c03836df,internal,vision_cifar10,2026-03-01T09:05:42.744041+00:00,vision,cifar10,cnn,10,4500,0.1,,2.3026,1.0,1024.0,n_d_lr_grid,72954,0.003,128,0.0001,adam,10000,0.7476,0.779576,9108,316.11,0.021952,11207296,0.031976,LOW,
run_48dd9761,internal,vision_cifar10,2026-03-01T09:11:11.278069+00:00,vision,cifar10,cnn,10,4500,0.1,,2.3026,1.0,1024.0,n_d_lr_grid,72954,0.001,128,0.0001,adam,10000,0.7112,0.738002,9864,328.33,0.022801,11207296,0.026802,LOW,
run_9f74009b,internal,vision_cifar10,2026-03-01T09:17:38.681837+00:00,vision,cifar10,cnn,10,4500,0.1,,2.3026,1.0,1024.0,n_d_lr_grid,72954,0.0003,128,0.0001,adam,10000,0.6502,0.646205,9792,387.09,0.026881,11207296,-0.003995,LOW,
run_1057443c,internal,vision_cifar10,2026-03-01T09:23:48.046307+00:00,vision,cifar10,cnn,10,4500,0.1,,2.3026,1.0,1024.0,n_d_lr_grid,72954,0.0001,128,0.0001,adam,10000,0.5534,0.521763,9864,368.94,0.025621,11207296,-0.031637,LOW,
run_28bdd1cb,internal,vision_cifar10,2026-03-01T09:29:11.910180+00:00,vision,cifar10,cnn,10,4500,0.1,,2.3026,1.0,1024.0,n_d_lr_grid,72954,3e-05,128,0.0001,adam,10000,0.437,0.37779,9864,323.46,0.022463,11207296,-0.05921,LOW,
run_7b9e4756,internal,vision_cifar10,2026-03-01T09:35:20.802833+00:00,vision,cifar10,cnn,10,4500,0.1,,2.3026,1.0,1024.0,n_d_lr_grid,288746,0.01,128,0.0001,adam,10000,0.7632,0.844029,9792,368.64,0.0256,41288960,0.080829,MEDIUM,
run_acc87c6b,internal,vision_cifar10,2026-03-01T09:41:11.910163+00:00,vision,cifar10,cnn,10,4500,0.1,,2.3026,1.0,1024.0,n_d_lr_grid,288746,0.003,128,0.0001,adam,10000,0.7828,0.917411,9828,350.83,0.024363,41288960,0.134611,MEDIUM,
run_03b2b59c,internal,vision_cifar10,2026-03-01T09:47:20.844094+00:00,vision,cifar10,cnn,10,4500,0.1,,2.3026,1.0,1024.0,n_d_lr_grid,288746,0.001,128,0.0001,adam,10000,0.7782,0.929129,9180,368.64,0.0256,41288960,0.150929,HIGH,
run_6fd7b8ea,internal,vision_cifar10,2026-03-01T09:52:20.478692+00:00,vision,cifar10,cnn,10,4500,0.1,,2.3026,1.0,1024.0,n_d_lr_grid,288746,0.0003,128,0.0001,adam,10000,0.742,0.85519,9828,299.45,0.020795,41288960,0.11319,MEDIUM,
run_b398bcdf,internal,vision_cifar10,2026-03-01T09:57:23.830032+00:00,vision,cifar10,cnn,10,4500,0.1,,2.3026,1.0,1024.0,n_d_lr_grid,288746,0.0001,128,0.0001,adam,10000,0.6716,0.703962,9900,303.15,0.021052,41288960,0.032362,LOW,
run_5661f2d6,internal,vision_cifar10,2026-03-01T10:03:07.311962+00:00,vision,cifar10,cnn,10,4500,0.1,,2.3026,1.0,1024.0,n_d_lr_grid,288746,3e-05,128,0.0001,adam,10000,0.548,0.533203,10000,343.23,0.023835,41288960,-0.014797,LOW,
run_428b95a6,internal,vision_cifar10,2026-03-01T10:11:35.984745+00:00,vision,cifar10,cnn,10,4500,0.1,,2.3026,1.0,1024.0,n_d_lr_grid,647386,0.01,128,0.0001,adam,10000,0.7624,0.864676,7128,508.4,0.035306,90244992,0.102276,MEDIUM,
run_07ba57ab,internal,vision_cifar10,2026-03-01T10:19:26.787341+00:00,vision,cifar10,cnn,10,4500,0.1,,2.3026,1.0,1024.0,n_d_lr_grid,647386,0.003,128,0.0001,adam,10000,0.7878,0.938058,9720,470.62,0.032682,90244992,0.150258,HIGH,
run_5b53deb5,internal,vision_cifar10,2026-03-01T10:25:30.969107+00:00,vision,cifar10,cnn,10,4500,0.1,,2.3026,1.0,1024.0,n_d_lr_grid,647386,0.001,128,0.0001,adam,10000,0.7884,0.968192,9504,363.85,0.025267,90244992,0.179792,HIGH,
run_768ae25f,internal,vision_cifar10,2026-03-01T10:31:40.069913+00:00,vision,cifar10,cnn,10,4500,0.1,,2.3026,1.0,1024.0,n_d_lr_grid,647386,0.0003,128,0.0001,adam,10000,0.7674,0.938058,8424,368.89,0.025617,90244992,0.170658,HIGH,
run_7bb3c79b,internal,vision_cifar10,2026-03-01T10:39:36.570093+00:00,vision,cifar10,cnn,10,4500,0.1,,2.3026,1.0,1024.0,n_d_lr_grid,647386,0.0001,128,0.0001,adam,10000,0.7258,0.820592,9432,476.28,0.033075,90244992,0.094792,MEDIUM,
run_75c28f52,internal,vision_cifar10,2026-03-01T10:47:23.135684+00:00,vision,cifar10,cnn,10,4500,0.1,,2.3026,1.0,1024.0,n_d_lr_grid,647386,3e-05,128,0.0001,adam,10000,0.6192,0.620536,10000,466.32,0.032383,90244992,0.001336,LOW,
run_5db7ed87,internal,vision_cifar10,2026-03-01T10:55:06.652080+00:00,vision,cifar10,cnn,10,4500,0.1,,2.3026,1.0,1024.0,n_d_lr_grid,1148874,0.01,128,0.0001,adam,10000,0.7598,0.856027,9432,463.32,0.032175,158075392,0.096227,MEDIUM,
run_28964858,internal,vision_cifar10,2026-03-01T11:01:00.064939+00:00,vision,cifar10,cnn,10,4500,0.1,,2.3026,1.0,1024.0,n_d_lr_grid,1148874,0.003,128,0.0001,adam,10000,0.791,0.952567,5796,353.18,0.024526,158075392,0.161567,HIGH,
run_af3adabb,internal,vision_cifar10,2026-03-01T11:06:51.109921+00:00,vision,cifar10,cnn,10,4500,0.1,,2.3026,1.0,1024.0,n_d_lr_grid,1148874,0.001,128,0.0001,adam,10000,0.7894,0.982143,8100,350.85,0.024364,158075392,0.192743,HIGH,
run_539fbabf,internal,vision_cifar10,2026-03-01T11:12:41.714392+00:00,vision,cifar10,cnn,10,4500,0.1,,2.3026,1.0,1024.0,n_d_lr_grid,1148874,0.0003,128,0.0001,adam,10000,0.7862,0.971819,9720,350.39,0.024333,158075392,0.185619,HIGH,
run_b724a8b3,internal,vision_cifar10,2026-03-01T11:18:25.895804+00:00,vision,cifar10,cnn,10,4500,0.1,,2.3026,1.0,1024.0,n_d_lr_grid,1148874,0.0001,128,0.0001,adam,10000,0.7608,0.890067,10000,343.99,0.023888,158075392,0.129267,MEDIUM,
run_54d08fa7,internal,vision_cifar10,2026-03-01T11:24:13.709508+00:00,vision,cifar10,cnn,10,4500,0.1,,2.3026,1.0,1024.0,n_d_lr_grid,1148874,3e-05,128,0.0001,adam,10000,0.6672,0.688895,9720,347.61,0.02414,158075392,0.021695,LOW,
run_17a25379,internal,vision_cifar10,2026-03-01T11:34:24.271125+00:00,vision,cifar10,cnn,10,4500,0.1,,2.3026,1.0,1024.0,n_d_lr_grid,2580394,0.01,128,0.0001,adam,10000,0.7616,0.866071,8424,610.33,0.042384,350359296,0.104471,MEDIUM,
run_48e8fde2,internal,vision_cifar10,2026-03-01T11:44:41.211624+00:00,vision,cifar10,cnn,10,4500,0.1,,2.3026,1.0,1024.0,n_d_lr_grid,2580394,0.003,128,0.0001,adam,10000,0.7848,0.959542,6912,616.73,0.042828,350359296,0.174742,HIGH,
run_c2db4dfa,internal,vision_cifar10,2026-03-01T11:55:01.344942+00:00,vision,cifar10,cnn,10,4500,0.1,,2.3026,1.0,1024.0,n_d_lr_grid,2580394,0.001,128,0.0001,adam,10000,0.8024,0.984654,9180,619.91,0.04305,350359296,0.182254,HIGH,
run_98b3a3fc,internal,vision_cifar10,2026-03-01T12:05:20.327887+00:00,vision,cifar10,cnn,10,4500,0.1,,2.3026,1.0,1024.0,n_d_lr_grid,2580394,0.0003,128,0.0001,adam,10000,0.7956,0.987723,9432,618.76,0.042969,350359296,0.192123,HIGH,
run_6e91f89d,internal,vision_cifar10,2026-03-01T12:14:51.436148+00:00,vision,cifar10,cnn,10,4500,0.1,,2.3026,1.0,1024.0,n_d_lr_grid,2580394,0.0001,128,0.0001,adam,10000,0.7664,0.96317,8784,570.91,0.039646,350359296,0.19677,HIGH,
run_2f9d05a0,internal,vision_cifar10,2026-03-01T12:23:02.771617+00:00,vision,cifar10,cnn,10,4500,0.1,,2.3026,1.0,1024.0,n_d_lr_grid,2580394,3e-05,128,0.0001,adam,10000,0.7078,0.790737,9900,491.12,0.034106,350359296,0.082937,MEDIUM,
run_92387b13,internal,vision_cifar10,2026-03-01T12:34:56.402322+00:00,vision,cifar10,cnn,10,4500,0.1,,2.3026,1.0,1024.0,n_d_lr_grid,4583306,0.01,128,0.0001,adam,10000,0.764,0.847098,8748,713.37,0.04954,618140672,0.083098,MEDIUM,
run_58903723,internal,vision_cifar10,2026-03-01T12:47:02.768635+00:00,vision,cifar10,cnn,10,4500,0.1,,2.3026,1.0,1024.0,n_d_lr_grid,4583306,0.003,128,0.0001,adam,10000,0.792,0.959263,8064,726.13,0.050426,618140672,0.167263,HIGH,
run_d821ebf3,internal,vision_cifar10,2026-03-01T12:59:15.545607+00:00,vision,cifar10,cnn,10,4500,0.1,,2.3026,1.0,1024.0,n_d_lr_grid,4583306,0.001,128,0.0001,adam,10000,0.808,0.982701,9036,732.51,0.050869,618140672,0.174701,HIGH,
run_9ed50e60,internal,vision_cifar10,2026-03-01T13:11:33.212213+00:00,vision,cifar10,cnn,10,4500,0.1,,2.3026,1.0,1024.0,n_d_lr_grid,4583306,0.0003,128,0.0001,adam,10000,0.8074,0.987165,9936,737.38,0.051207,618140672,0.179765,HIGH,
run_c35aa1be,internal,vision_cifar10,2026-03-01T13:27:01.127936+00:00,vision,cifar10,cnn,10,4500,0.1,,2.3026,1.0,1024.0,n_d_lr_grid,4583306,0.0001,128,0.0001,adam,10000,0.779,0.9774,9936,927.52,0.064411,618140672,0.1984,HIGH,
run_8f0a4d7d,internal,vision_cifar10,2026-03-01T13:42:04.622967+00:00,vision,cifar10,cnn,10,4500,0.1,,2.3026,1.0,1024.0,n_d_lr_grid,4583306,3e-05,128,0.0001,adam,10000,0.7372,0.854353,9684,903.26,0.062726,618140672,0.117153,MEDIUM,
run_cb34a199,internal,vision_cifar10,2026-03-01T13:45:27.561163+00:00,vision,cifar10,cnn,10,9000,0.2,,2.3026,1.0,1024.0,n_d_lr_grid,72954,0.01,128,0.0001,adam,10000,0.7528,0.703646,10000,202.75,0.01408,11207296,-0.049154,LOW,
run_1424ff66,internal,vision_cifar10,2026-03-01T13:48:49.940786+00:00,vision,cifar10,cnn,10,9000,0.2,,2.3026,1.0,1024.0,n_d_lr_grid,72954,0.003,128,0.0001,adam,10000,0.774,0.742839,9727,202.15,0.014038,11207296,-0.031161,LOW,
run_e53a89f0,internal,vision_cifar10,2026-03-01T13:52:11.397133+00:00,vision,cifar10,cnn,10,9000,0.2,,2.3026,1.0,1024.0,n_d_lr_grid,72954,0.001,128,0.0001,adam,10000,0.75,0.716406,9869,201.22,0.013974,11207296,-0.033594,LOW,
run_599acac6,internal,vision_cifar10,2026-03-01T13:55:44.543545+00:00,vision,cifar10,cnn,10,9000,0.2,,2.3026,1.0,1024.0,n_d_lr_grid,72954,0.0003,128,0.0001,adam,10000,0.6728,0.619792,9798,212.93,0.014787,11207296,-0.053008,LOW,
run_47d6fc37,internal,vision_cifar10,2026-03-01T13:59:13.561628+00:00,vision,cifar10,cnn,10,9000,0.2,,2.3026,1.0,1024.0,n_d_lr_grid,72954,0.0001,128,0.0001,adam,10000,0.5622,0.50638,9443,208.78,0.014498,11207296,-0.05582,LOW,
run_638cdf44,internal,vision_cifar10,2026-03-01T14:02:40.047970+00:00,vision,cifar10,cnn,10,9000,0.2,,2.3026,1.0,1024.0,n_d_lr_grid,72954,3e-05,128,0.0001,adam,10000,0.4432,0.383724,9940,206.29,0.014326,11207296,-0.059476,LOW,
run_f54c6c76,internal,vision_cifar10,2026-03-01T14:06:14.010852+00:00,vision,cifar10,cnn,10,9000,0.2,,2.3026,1.0,1024.0,n_d_lr_grid,288746,0.01,128,0.0001,adam,10000,0.7904,0.774479,8449,213.77,0.014845,41288960,-0.015921,LOW,
run_2fec72f4,internal,vision_cifar10,2026-03-01T14:09:49.145595+00:00,vision,cifar10,cnn,10,9000,0.2,,2.3026,1.0,1024.0,n_d_lr_grid,288746,0.003,128,0.0001,adam,10000,0.8168,0.866146,10000,214.93,0.014925,41288960,0.049346,LOW,
run_fc191670,internal,vision_cifar10,2026-03-01T14:13:23.899230+00:00,vision,cifar10,cnn,10,9000,0.2,,2.3026,1.0,1024.0,n_d_lr_grid,288746,0.001,128,0.0001,adam,10000,0.8154,0.871354,9656,214.46,0.014893,41288960,0.055954,MEDIUM,
run_0c0bcd75,internal,vision_cifar10,2026-03-01T14:16:57.564098+00:00,vision,cifar10,cnn,10,9000,0.2,,2.3026,1.0,1024.0,n_d_lr_grid,288746,0.0003,128,0.0001,adam,10000,0.7842,0.795052,10000,213.4,0.01482,41288960,0.010852,LOW,
run_1abb206d,internal,vision_cifar10,2026-03-01T14:20:31.221745+00:00,vision,cifar10,cnn,10,9000,0.2,,2.3026,1.0,1024.0,n_d_lr_grid,288746,0.0001,128,0.0001,adam,10000,0.6922,0.666667,10000,213.44,0.014822,41288960,-0.025533,LOW,
run_85a665ad,internal,vision_cifar10,2026-03-01T14:24:00.603713+00:00,vision,cifar10,cnn,10,9000,0.2,,2.3026,1.0,1024.0,n_d_lr_grid,288746,3e-05,128,0.0001,adam,10000,0.5576,0.504687,10000,209.12,0.014522,41288960,-0.052913,LOW,
run_29f4a2ea,internal,vision_cifar10,2026-03-01T14:27:46.813133+00:00,vision,cifar10,cnn,10,9000,0.2,,2.3026,1.0,1024.0,n_d_lr_grid,647386,0.01,128,0.0001,adam,10000,0.7864,0.791797,8875,225.94,0.01569,90244992,0.005397,LOW,
run_c6e9a315,internal,vision_cifar10,2026-03-01T14:32:32.458717+00:00,vision,cifar10,cnn,10,9000,0.2,,2.3026,1.0,1024.0,n_d_lr_grid,647386,0.003,128,0.0001,adam,10000,0.827,0.901953,9798,285.39,0.019819,90244992,0.074953,MEDIUM,
run_286dd765,internal,vision_cifar10,2026-03-01T14:36:46.538295+00:00,vision,cifar10,cnn,10,9000,0.2,,2.3026,1.0,1024.0,n_d_lr_grid,647386,0.001,128,0.0001,adam,10000,0.8296,0.932422,7952,253.86,0.017629,90244992,0.102822,MEDIUM,
run_5da430b8,internal,vision_cifar10,2026-03-01T14:40:48.470753+00:00,vision,cifar10,cnn,10,9000,0.2,,2.3026,1.0,1024.0,n_d_lr_grid,647386,0.0003,128,0.0001,adam,10000,0.8166,0.881901,9940,241.61,0.016778,90244992,0.065301,MEDIUM,
run_2ba3fc26,internal,vision_cifar10,2026-03-01T14:44:46.378989+00:00,vision,cifar10,cnn,10,9000,0.2,,2.3026,1.0,1024.0,n_d_lr_grid,647386,0.0001,128,0.0001,adam,10000,0.7554,0.766536,9301,237.67,0.016505,90244992,0.011136,LOW,
run_82f3cdaf,internal,vision_cifar10,2026-03-01T14:48:38.641108+00:00,vision,cifar10,cnn,10,9000,0.2,,2.3026,1.0,1024.0,n_d_lr_grid,647386,3e-05,128,0.0001,adam,10000,0.6282,0.603906,10000,232.0,0.016111,90244992,-0.024294,LOW,
run_c2f5d902,internal,vision_cifar10,2026-03-01T14:53:13.309643+00:00,vision,cifar10,cnn,10,9000,0.2,,2.3026,1.0,1024.0,n_d_lr_grid,1148874,0.01,128,0.0001,adam,10000,0.7864,0.789062,8804,274.43,0.019058,158075392,0.002663,LOW,
run_a5c99d52,internal,vision_cifar10,2026-03-01T14:57:43.779151+00:00,vision,cifar10,cnn,10,9000,0.2,,2.3026,1.0,1024.0,n_d_lr_grid,1148874,0.003,128,0.0001,adam,10000,0.8304,0.914974,7526,270.23,0.018766,158075392,0.084574,MEDIUM,
run_ef14ab74,internal,vision_cifar10,2026-03-01T15:02:08.352787+00:00,vision,cifar10,cnn,10,9000,0.2,,2.3026,1.0,1024.0,n_d_lr_grid,1148874,0.001,128,0.0001,adam,10000,0.8388,0.95625,9798,264.32,0.018355,158075392,0.11745,MEDIUM,
run_58675a26,internal,vision_cifar10,2026-03-01T15:07:44.211783+00:00,vision,cifar10,cnn,10,9000,0.2,,2.3026,1.0,1024.0,n_d_lr_grid,1148874,0.0003,128,0.0001,adam,10000,0.8346,0.934635,8236,335.61,0.023306,158075392,0.100035,MEDIUM,
run_10ffa7d6,internal,vision_cifar10,2026-03-01T15:12:52.908855+00:00,vision,cifar10,cnn,10,9000,0.2,,2.3026,1.0,1024.0,n_d_lr_grid,1148874,0.0001,128,0.0001,adam,10000,0.7946,0.838672,9798,308.46,0.021421,158075392,0.044072,LOW,
run_76e0d48b,internal,vision_cifar10,2026-03-01T15:17:16.487330+00:00,vision,cifar10,cnn,10,9000,0.2,,2.3026,1.0,1024.0,n_d_lr_grid,1148874,3e-05,128,0.0001,adam,10000,0.6798,0.675781,9798,263.34,0.018288,158075392,-0.004019,LOW,
run_5c5e1358,internal,vision_cifar10,2026-03-01T15:45:15.905123+00:00,vision,cifar10,cnn,10,9000,0.2,,2.3026,1.0,1024.0,n_d_lr_grid,2580394,0.01,128,0.0001,adam,10000,0.7828,0.804036,7739,558.23,0.038766,350359296,0.021236,LOW,
run_9950be45,internal,vision_cifar10,2026-03-01T15:54:20.326579+00:00,vision,cifar10,cnn,10,9000,0.2,,2.3026,1.0,1024.0,n_d_lr_grid,2580394,0.003,128,0.0001,adam,10000,0.8316,0.927474,7810,544.32,0.0378,350359296,0.095874,MEDIUM,
run_ef89604c,internal,vision_cifar10,2026-03-01T16:03:16.717194+00:00,vision,cifar10,cnn,10,9000,0.2,,2.3026,1.0,1024.0,n_d_lr_grid,2580394,0.001,128,0.0001,adam,10000,0.8448,0.964844,9372,536.27,0.037241,350359296,0.120044,MEDIUM,
run_5675d5b4,internal,vision_cifar10,2026-03-01T16:12:08.623185+00:00,vision,cifar10,cnn,10,9000,0.2,,2.3026,1.0,1024.0,n_d_lr_grid,2580394,0.0003,128,0.0001,adam,10000,0.847,0.96862,9869,531.81,0.036931,350359296,0.12162,MEDIUM,
run_c37ff99b,internal,vision_cifar10,2026-03-01T16:20:57.767444+00:00,vision,cifar10,cnn,10,9000,0.2,,2.3026,1.0,1024.0,n_d_lr_grid,2580394,0.0001,128,0.0001,adam,10000,0.8186,0.900521,9372,529.05,0.036739,350359296,0.081921,MEDIUM,
run_9a9d7aa4,internal,vision_cifar10,2026-03-01T16:29:43.753041+00:00,vision,cifar10,cnn,10,9000,0.2,,2.3026,1.0,1024.0,n_d_lr_grid,2580394,3e-05,128,0.0001,adam,10000,0.7398,0.750911,9940,525.89,0.03652,350359296,0.011111,LOW,
run_80f439d5,internal,vision_cifar10,2026-03-01T16:41:39.298137+00:00,vision,cifar10,cnn,10,9000,0.2,,2.3026,1.0,1024.0,n_d_lr_grid,4583306,0.01,128,0.0001,adam,10000,0.7804,0.805729,9656,715.39,0.04968,618140672,0.025329,LOW,
run_75cefbf9,internal,vision_cifar10,2026-03-01T16:53:43.084636+00:00,vision,cifar10,cnn,10,9000,0.2,,2.3026,1.0,1024.0,n_d_lr_grid,4583306,0.003,128,0.0001,adam,10000,0.828,0.925391,9585,723.64,0.050253,618140672,0.097391,MEDIUM,
run_e859d665,internal,vision_cifar10,2026-03-01T17:05:51.052860+00:00,vision,cifar10,cnn,10,9000,0.2,,2.3026,1.0,1024.0,n_d_lr_grid,4583306,0.001,128,0.0001,adam,10000,0.8454,0.969271,9940,727.82,0.050543,618140672,0.123871,MEDIUM,
run_3af6fae1,internal,vision_cifar10,2026-03-01T17:17:58.727450+00:00,vision,cifar10,cnn,10,9000,0.2,,2.3026,1.0,1024.0,n_d_lr_grid,4583306,0.0003,128,0.0001,adam,10000,0.8528,0.974479,7810,727.49,0.05052,618140672,0.121679,MEDIUM,
run_26ca7da7,internal,vision_cifar10,2026-03-01T17:30:05.733546+00:00,vision,cifar10,cnn,10,9000,0.2,,2.3026,1.0,1024.0,n_d_lr_grid,4583306,0.0001,128,0.0001,adam,10000,0.8278,0.938542,9443,726.86,0.050476,618140672,0.110742,MEDIUM,
run_1f4aed75,internal,vision_cifar10,2026-03-01T17:42:09.806321+00:00,vision,cifar10,cnn,10,9000,0.2,,2.3026,1.0,1024.0,n_d_lr_grid,4583306,3e-05,128,0.0001,adam,10000,0.7648,0.799479,9514,723.92,0.050272,618140672,0.034679,LOW,
run_5ae72c0b,internal,vision_cifar10,2026-03-01T17:47:59.425914+00:00,vision,cifar10,cnn,10,15749,0.35,,2.3026,1.0,1024.0,n_d_lr_grid,72954,0.01,128,0.0001,adam,10000,0.769,0.697754,8680,349.54,0.024274,11207296,-0.071246,LOW,
run_9a5d05fd,internal,vision_cifar10,2026-03-01T17:53:48.635004+00:00,vision,cifar10,cnn,10,15749,0.35,,2.3026,1.0,1024.0,n_d_lr_grid,72954,0.003,128,0.0001,adam,10000,0.7768,0.728418,9424,349.12,0.024245,11207296,-0.048382,LOW,
run_92770e98,internal,vision_cifar10,2026-03-01T17:59:36.618254+00:00,vision,cifar10,cnn,10,15749,0.35,,2.3026,1.0,1024.0,n_d_lr_grid,72954,0.001,128,0.0001,adam,10000,0.7602,0.707324,9672,347.9,0.02416,11207296,-0.052876,LOW,
run_3144c9c5,internal,vision_cifar10,2026-03-01T18:05:24.950863+00:00,vision,cifar10,cnn,10,15749,0.35,,2.3026,1.0,1024.0,n_d_lr_grid,72954,0.0003,128,0.0001,adam,10000,0.6716,0.617578,10000,348.24,0.024184,11207296,-0.054022,LOW,
run_1c332c01,internal,vision_cifar10,2026-03-01T18:11:13.663379+00:00,vision,cifar10,cnn,10,15749,0.35,,2.3026,1.0,1024.0,n_d_lr_grid,72954,0.0001,128,0.0001,adam,10000,0.5616,0.503711,9920,348.63,0.024211,11207296,-0.057889,LOW,
run_6dbe7801,internal,vision_cifar10,2026-03-01T18:17:03.957460+00:00,vision,cifar10,cnn,10,15749,0.35,,2.3026,1.0,1024.0,n_d_lr_grid,72954,3e-05,128,0.0001,adam,10000,0.4468,0.379688,9920,350.23,0.024322,11207296,-0.067112,LOW,
run_db3a44a9,internal,vision_cifar10,2026-03-01T18:22:56.129247+00:00,vision,cifar10,cnn,10,15749,0.35,,2.3026,1.0,1024.0,n_d_lr_grid,288746,0.01,128,0.0001,adam,10000,0.785,0.749609,7068,352.08,0.02445,41288960,-0.035391,LOW,
run_7dd20f85,internal,vision_cifar10,2026-03-01T18:28:44.643234+00:00,vision,cifar10,cnn,10,15749,0.35,,2.3026,1.0,1024.0,n_d_lr_grid,288746,0.003,128,0.0001,adam,10000,0.8354,0.836523,8432,348.42,0.024196,41288960,0.001123,LOW,
run_caf777c6,internal,vision_cifar10,2026-03-01T18:34:35.436792+00:00,vision,cifar10,cnn,10,15749,0.35,,2.3026,1.0,1024.0,n_d_lr_grid,288746,0.001,128,0.0001,adam,10000,0.8366,0.845313,9176,350.7,0.024354,41288960,0.008713,LOW,
run_1b4eee5e,internal,vision_cifar10,2026-03-01T18:40:25.790020+00:00,vision,cifar10,cnn,10,15749,0.35,,2.3026,1.0,1024.0,n_d_lr_grid,288746,0.0003,128,0.0001,adam,10000,0.7946,0.775,10000,350.26,0.024324,41288960,-0.0196,LOW,
run_9a2c0a7b,internal,vision_cifar10,2026-03-01T18:46:16.253224+00:00,vision,cifar10,cnn,10,15749,0.35,,2.3026,1.0,1024.0,n_d_lr_grid,288746,0.0001,128,0.0001,adam,10000,0.7056,0.66123,10000,350.38,0.024332,41288960,-0.04437,LOW,
run_05aa3eb1,internal,vision_cifar10,2026-03-01T18:52:06.290312+00:00,vision,cifar10,cnn,10,15749,0.35,,2.3026,1.0,1024.0,n_d_lr_grid,288746,3e-05,128,0.0001,adam,10000,0.5718,0.505176,10000,349.95,0.024302,41288960,-0.066624,LOW,
run_50bd46ba,internal,vision_cifar10,2026-03-01T18:57:56.363608+00:00,vision,cifar10,cnn,10,15749,0.35,,2.3026,1.0,1024.0,n_d_lr_grid,647386,0.01,128,0.0001,adam,10000,0.7994,0.765332,9424,349.98,0.024304,90244992,-0.034068,LOW,
run_bad6cc3b,internal,vision_cifar10,2026-03-01T19:03:50.382680+00:00,vision,cifar10,cnn,10,15749,0.35,,2.3026,1.0,1024.0,n_d_lr_grid,647386,0.003,128,0.0001,adam,10000,0.8498,0.872461,9052,353.95,0.02458,90244992,0.022661,LOW,
run_7099200e,internal,vision_cifar10,2026-03-01T19:09:43.577159+00:00,vision,cifar10,cnn,10,15749,0.35,,2.3026,1.0,1024.0,n_d_lr_grid,647386,0.001,128,0.0001,adam,10000,0.8514,0.899805,9176,353.11,0.024522,90244992,0.048405,LOW,
run_5d30bb64,internal,vision_cifar10,2026-03-01T19:15:36.807366+00:00,vision,cifar10,cnn,10,15749,0.35,,2.3026,1.0,1024.0,n_d_lr_grid,647386,0.0003,128,0.0001,adam,10000,0.839,0.850098,9424,353.16,0.024525,90244992,0.011098,LOW,
run_999a0391,internal,vision_cifar10,2026-03-01T19:21:30.816571+00:00,vision,cifar10,cnn,10,15749,0.35,,2.3026,1.0,1024.0,n_d_lr_grid,647386,0.0001,128,0.0001,adam,10000,0.7686,0.747266,10000,353.95,0.02458,90244992,-0.021334,LOW,
run_7e2361a5,internal,vision_cifar10,2026-03-01T19:27:23.236319+00:00,vision,cifar10,cnn,10,15749,0.35,,2.3026,1.0,1024.0,n_d_lr_grid,647386,3e-05,128,0.0001,adam,10000,0.6386,0.600391,10000,352.35,0.024469,90244992,-0.038209,LOW,
run_8537b41c,internal,vision_cifar10,2026-03-01T19:33:18.812535+00:00,vision,cifar10,cnn,10,15749,0.35,,2.3026,1.0,1024.0,n_d_lr_grid,1148874,0.01,128,0.0001,adam,10000,0.7852,0.768164,6324,355.22,0.024668,158075392,-0.017036,LOW,
run_7a980f76,internal,vision_cifar10,2026-03-01T19:39:14.487697+00:00,vision,cifar10,cnn,10,15749,0.35,,2.3026,1.0,1024.0,n_d_lr_grid,1148874,0.003,128,0.0001,adam,10000,0.8508,0.87334,9176,355.56,0.024692,158075392,0.02254,LOW,
run_37edd13c,internal,vision_cifar10,2026-03-01T19:45:12.439292+00:00,vision,cifar10,cnn,10,15749,0.35,,2.3026,1.0,1024.0,n_d_lr_grid,1148874,0.001,128,0.0001,adam,10000,0.8654,0.925195,9300,357.87,0.024852,158075392,0.059795,MEDIUM,
run_806247f1,internal,vision_cifar10,2026-03-01T19:51:09.389910+00:00,vision,cifar10,cnn,10,15749,0.35,,2.3026,1.0,1024.0,n_d_lr_grid,1148874,0.0003,128,0.0001,adam,10000,0.8504,0.887598,8804,356.86,0.024782,158075392,0.037198,LOW,
run_41a41812,internal,vision_cifar10,2026-03-01T19:57:06.390364+00:00,vision,cifar10,cnn,10,15749,0.35,,2.3026,1.0,1024.0,n_d_lr_grid,1148874,0.0001,128,0.0001,adam,10000,0.8068,0.797266,9424,356.91,0.024786,158075392,-0.009534,LOW,
run_76196303,internal,vision_cifar10,2026-03-01T20:02:59.703399+00:00,vision,cifar10,cnn,10,15749,0.35,,2.3026,1.0,1024.0,n_d_lr_grid,1148874,3e-05,128,0.0001,adam,10000,0.682,0.648145,10000,353.19,0.024527,158075392,-0.033855,LOW,
run_98fc1a19,internal,vision_cifar10,2026-03-01T20:10:17.776288+00:00,vision,cifar10,cnn,10,15749,0.35,,2.3026,1.0,1024.0,n_d_lr_grid,2580394,0.01,128,0.0001,adam,10000,0.7894,0.77832,9424,437.81,0.030403,350359296,-0.01108,LOW,
run_b275bf26,internal,vision_cifar10,2026-03-01T20:17:41.775439+00:00,vision,cifar10,cnn,10,15749,0.35,,2.3026,1.0,1024.0,n_d_lr_grid,2580394,0.003,128,0.0001,adam,10000,0.8536,0.89082,9052,443.89,0.030826,350359296,0.03722,LOW,
run_bded54bb,internal,vision_cifar10,2026-03-01T20:25:08.976870+00:00,vision,cifar10,cnn,10,15749,0.35,,2.3026,1.0,1024.0,n_d_lr_grid,2580394,0.001,128,0.0001,adam,10000,0.8722,0.945898,9672,447.09,0.031048,350359296,0.073698,MEDIUM,
run_f095e66f,internal,vision_cifar10,2026-03-01T20:32:37.474525+00:00,vision,cifar10,cnn,10,15749,0.35,,2.3026,1.0,1024.0,n_d_lr_grid,2580394,0.0003,128,0.0001,adam,10000,0.8702,0.929004,8556,448.26,0.031129,350359296,0.058804,MEDIUM,
run_6b621c06,internal,vision_cifar10,2026-03-01T20:40:07.351147+00:00,vision,cifar10,cnn,10,15749,0.35,,2.3026,1.0,1024.0,n_d_lr_grid,2580394,0.0001,128,0.0001,adam,10000,0.8356,0.85752,9920,449.76,0.031234,350359296,0.02192,LOW,
run_de887f5c,internal,vision_cifar10,2026-03-01T20:47:36.207180+00:00,vision,cifar10,cnn,10,15749,0.35,,2.3026,1.0,1024.0,n_d_lr_grid,2580394,3e-05,128,0.0001,adam,10000,0.7414,0.730176,9920,448.74,0.031163,350359296,-0.011224,LOW,
run_33a81ba9,internal,vision_cifar10,2026-03-01T20:58:01.431730+00:00,vision,cifar10,cnn,10,15749,0.35,,2.3026,1.0,1024.0,n_d_lr_grid,4583306,0.01,128,0.0001,adam,10000,0.7852,0.782031,5828,624.54,0.043371,618140672,-0.003169,LOW,
run_a5a2410b,internal,vision_cifar10,2026-03-01T21:08:35.420205+00:00,vision,cifar10,cnn,10,15749,0.35,,2.3026,1.0,1024.0,n_d_lr_grid,4583306,0.003,128,0.0001,adam,10000,0.8594,0.897461,6448,633.83,0.044016,618140672,0.038061,LOW,
run_2447bcf4,internal,vision_cifar10,2026-03-01T21:19:15.209225+00:00,vision,cifar10,cnn,10,15749,0.35,,2.3026,1.0,1024.0,n_d_lr_grid,4583306,0.001,128,0.0001,adam,10000,0.8722,0.953711,8928,639.63,0.044419,618140672,0.081511,MEDIUM,
run_5b3fbfba,internal,vision_cifar10,2026-03-01T21:29:59.305072+00:00,vision,cifar10,cnn,10,15749,0.35,,2.3026,1.0,1024.0,n_d_lr_grid,4583306,0.0003,128,0.0001,adam,10000,0.872,0.952734,9424,643.94,0.044718,618140672,0.080734,MEDIUM,
run_08a0f3a7,internal,vision_cifar10,2026-03-01T21:40:45.158809+00:00,vision,cifar10,cnn,10,15749,0.35,,2.3026,1.0,1024.0,n_d_lr_grid,4583306,0.0001,128,0.0001,adam,10000,0.8438,0.895605,10000,645.56,0.044831,618140672,0.051805,MEDIUM,
run_ca957911,internal,vision_cifar10,2026-03-01T21:51:29.899247+00:00,vision,cifar10,cnn,10,15749,0.35,,2.3026,1.0,1024.0,n_d_lr_grid,4583306,3e-05,128,0.0001,adam,10000,0.7796,0.774609,10000,644.58,0.044762,618140672,-0.004991,LOW,
run_b5e20614,internal,vision_cifar10,2026-03-01T21:56:51.519036+00:00,vision,cifar10,cnn,10,22500,0.5,,2.3026,1.0,1024.0,n_d_lr_grid,72954,0.01,128,0.0001,adam,10000,0.766,0.693305,8272,321.54,0.022329,11207296,-0.072695,LOW,
run_599c5a06,internal,vision_cifar10,2026-03-01T22:02:13.489307+00:00,vision,cifar10,cnn,10,22500,0.5,,2.3026,1.0,1024.0,n_d_lr_grid,72954,0.003,128,0.0001,adam,10000,0.7832,0.725694,8800,320.96,0.022289,11207296,-0.057506,LOW,
run_b6e6adbc,internal,vision_cifar10,2026-03-01T22:07:35.258973+00:00,vision,cifar10,cnn,10,22500,0.5,,2.3026,1.0,1024.0,n_d_lr_grid,72954,0.001,128,0.0001,adam,10000,0.7566,0.708062,9680,320.37,0.022248,11207296,-0.048538,LOW,
run_27cbffd5,internal,vision_cifar10,2026-03-01T22:12:54.969880+00:00,vision,cifar10,cnn,10,22500,0.5,,2.3026,1.0,1024.0,n_d_lr_grid,72954,0.0003,128,0.0001,adam,10000,0.6778,0.620443,9680,319.65,0.022198,11207296,-0.057357,LOW,
run_5c7791aa,internal,vision_cifar10,2026-03-01T22:18:15.083299+00:00,vision,cifar10,cnn,10,22500,0.5,,2.3026,1.0,1024.0,n_d_lr_grid,72954,0.0001,128,0.0001,adam,10000,0.5842,0.507324,10000,320.02,0.022224,11207296,-0.076876,LOW,
run_9edc4ffd,internal,vision_cifar10,2026-03-01T22:23:35.132419+00:00,vision,cifar10,cnn,10,22500,0.5,,2.3026,1.0,1024.0,n_d_lr_grid,72954,3e-05,128,0.0001,adam,10000,0.4542,0.379612,10000,319.99,0.022221,11207296,-0.074588,LOW,
run_845cbbe9,internal,vision_cifar10,2026-03-01T22:28:55.784455+00:00,vision,cifar10,cnn,10,22500,0.5,,2.3026,1.0,1024.0,n_d_lr_grid,288746,0.01,128,0.0001,adam,10000,0.7848,0.744303,8448,320.58,0.022262,41288960,-0.040497,LOW,
run_ea8b91c5,internal,vision_cifar10,2026-03-01T22:34:17.237538+00:00,vision,cifar10,cnn,10,22500,0.5,,2.3026,1.0,1024.0,n_d_lr_grid,288746,0.003,128,0.0001,adam,10000,0.844,0.825195,8624,320.37,0.022248,41288960,-0.018805,LOW,
run_3a9cc87a,internal,vision_cifar10,2026-03-01T22:39:38.835759+00:00,vision,cifar10,cnn,10,22500,0.5,,2.3026,1.0,1024.0,n_d_lr_grid,288746,0.001,128,0.0001,adam,10000,0.8392,0.82997,9328,320.62,0.022266,41288960,-0.00923,LOW,
run_c83724a2,internal,vision_cifar10,2026-03-01T22:45:00.219771+00:00,vision,cifar10,cnn,10,22500,0.5,,2.3026,1.0,1024.0,n_d_lr_grid,288746,0.0003,128,0.0001,adam,10000,0.8012,0.770671,9328,321.32,0.022314,41288960,-0.030529,LOW,
run_d3c56f82,internal,vision_cifar10,2026-03-01T22:50:19.883547+00:00,vision,cifar10,cnn,10,22500,0.5,,2.3026,1.0,1024.0,n_d_lr_grid,288746,0.0001,128,0.0001,adam,10000,0.7066,0.655273,10000,319.59,0.022194,41288960,-0.051327,LOW,
run_5576d68c,internal,vision_cifar10,2026-03-01T22:55:40.436679+00:00,vision,cifar10,cnn,10,22500,0.5,,2.3026,1.0,1024.0,n_d_lr_grid,288746,3e-05,128,0.0001,adam,10000,0.567,0.503472,9856,319.95,0.022219,41288960,-0.063528,LOW,
run_1245d36a,internal,vision_cifar10,2026-03-01T23:01:01.956628+00:00,vision,cifar10,cnn,10,22500,0.5,,2.3026,1.0,1024.0,n_d_lr_grid,647386,0.01,128,0.0001,adam,10000,0.7852,0.761013,8624,321.44,0.022322,90244992,-0.024187,LOW,
run_d980cb7e,internal,vision_cifar10,2026-03-01T23:06:22.840169+00:00,vision,cifar10,cnn,10,22500,0.5,,2.3026,1.0,1024.0,n_d_lr_grid,647386,0.003,128,0.0001,adam,10000,0.8568,0.857368,9328,320.8,0.022278,90244992,0.000568,LOW,
run_5067d2c2,internal,vision_cifar10,2026-03-01T23:11:44.553660+00:00,vision,cifar10,cnn,10,22500,0.5,,2.3026,1.0,1024.0,n_d_lr_grid,647386,0.001,128,0.0001,adam,10000,0.8656,0.882758,8976,321.59,0.022332,90244992,0.017158,LOW,
run_68bae59c,internal,vision_cifar10,2026-03-01T23:17:06.134030+00:00,vision,cifar10,cnn,10,22500,0.5,,2.3026,1.0,1024.0,n_d_lr_grid,647386,0.0003,128,0.0001,adam,10000,0.845,0.826497,10000,321.47,0.022324,90244992,-0.018503,LOW,
run_38c0f13f,internal,vision_cifar10,2026-03-01T23:22:27.518516+00:00,vision,cifar10,cnn,10,22500,0.5,,2.3026,1.0,1024.0,n_d_lr_grid,647386,0.0001,128,0.0001,adam,10000,0.769,0.737522,10000,321.25,0.022309,90244992,-0.031478,LOW,
run_f413100d,internal,vision_cifar10,2026-03-01T23:27:49.708613+00:00,vision,cifar10,cnn,10,22500,0.5,,2.3026,1.0,1024.0,n_d_lr_grid,647386,3e-05,128,0.0001,adam,10000,0.6362,0.596029,10000,322.06,0.022365,90244992,-0.040171,LOW,
run_2948710a,internal,vision_cifar10,2026-03-01T23:33:12.239548+00:00,vision,cifar10,cnn,10,22500,0.5,,2.3026,1.0,1024.0,n_d_lr_grid,1148874,0.01,128,0.0001,adam,10000,0.8054,0.766439,8976,322.43,0.022391,158075392,-0.038961,LOW,
run_a1e47a27,internal,vision_cifar10,2026-03-01T23:38:37.084339+00:00,vision,cifar10,cnn,10,22500,0.5,,2.3026,1.0,1024.0,n_d_lr_grid,1148874,0.003,128,0.0001,adam,10000,0.8618,0.865126,7744,324.7,0.022549,158075392,0.003326,LOW,
run_2376b5eb,internal,vision_cifar10,2026-03-01T23:44:01.619909+00:00,vision,cifar10,cnn,10,22500,0.5,,2.3026,1.0,1024.0,n_d_lr_grid,1148874,0.001,128,0.0001,adam,10000,0.8768,0.903212,8624,324.43,0.02253,158075392,0.026412,LOW,
run_86c8b661,internal,vision_cifar10,2026-03-01T23:49:25.064562+00:00,vision,cifar10,cnn,10,22500,0.5,,2.3026,1.0,1024.0,n_d_lr_grid,1148874,0.0003,128,0.0001,adam,10000,0.863,0.872342,9504,323.34,0.022454,158075392,0.009342,LOW,
run_16ce01e6,internal,vision_cifar10,2026-03-01T23:54:48.769534+00:00,vision,cifar10,cnn,10,22500,0.5,,2.3026,1.0,1024.0,n_d_lr_grid,1148874,0.0001,128,0.0001,adam,10000,0.8128,0.792426,10000,323.16,0.022442,158075392,-0.020374,LOW,
run_e1359a22,internal,vision_cifar10,2026-03-02T00:00:13.407270+00:00,vision,cifar10,cnn,10,22500,0.5,,2.3026,1.0,1024.0,n_d_lr_grid,1148874,3e-05,128,0.0001,adam,10000,0.6914,0.64605,10000,324.55,0.022538,158075392,-0.04535,LOW,
run_4ee64f17,internal,vision_cifar10,2026-03-02T00:07:02.667620+00:00,vision,cifar10,cnn,10,22500,0.5,,2.3026,1.0,1024.0,n_d_lr_grid,2580394,0.01,128,0.0001,adam,10000,0.791,0.766059,6336,409.11,0.02841,350359296,-0.024941,LOW,
run_a39bc47b,internal,vision_cifar10,2026-03-02T00:14:00.729942+00:00,vision,cifar10,cnn,10,22500,0.5,,2.3026,1.0,1024.0,n_d_lr_grid,2580394,0.003,128,0.0001,adam,10000,0.8742,0.876302,8448,417.94,0.029024,350359296,0.002102,LOW,
run_2ae082ce,internal,vision_cifar10,2026-03-02T00:21:01.682103+00:00,vision,cifar10,cnn,10,22500,0.5,,2.3026,1.0,1024.0,n_d_lr_grid,2580394,0.001,128,0.0001,adam,10000,0.8852,0.928494,9680,420.83,0.029224,350359296,0.043294,LOW,
run_504e14d9,internal,vision_cifar10,2026-03-02T00:28:04.728452+00:00,vision,cifar10,cnn,10,22500,0.5,,2.3026,1.0,1024.0,n_d_lr_grid,2580394,0.0003,128,0.0001,adam,10000,0.8792,0.907606,9504,421.98,0.029304,350359296,0.028406,LOW,
run_88b2d7e0,internal,vision_cifar10,2026-03-02T00:35:08.074334+00:00,vision,cifar10,cnn,10,22500,0.5,,2.3026,1.0,1024.0,n_d_lr_grid,2580394,0.0001,128,0.0001,adam,10000,0.8426,0.846137,9328,423.2,0.029389,350359296,0.003537,LOW,
run_0f803df1,internal,vision_cifar10,2026-03-02T00:42:10.675829+00:00,vision,cifar10,cnn,10,22500,0.5,,2.3026,1.0,1024.0,n_d_lr_grid,2580394,3e-05,128,0.0001,adam,10000,0.749,0.725586,9856,421.8,0.029292,350359296,-0.023414,LOW,
run_c2f261b0,internal,vision_cifar10,2026-03-02T00:52:04.529895+00:00,vision,cifar10,cnn,10,22500,0.5,,2.3026,1.0,1024.0,n_d_lr_grid,4583306,0.01,128,0.0001,adam,10000,0.791,0.772678,7744,593.68,0.041228,618140672,-0.018322,LOW,
run_16b50210,internal,vision_cifar10,2026-03-02T01:02:09.237131+00:00,vision,cifar10,cnn,10,22500,0.5,,2.3026,1.0,1024.0,n_d_lr_grid,4583306,0.003,128,0.0001,adam,10000,0.8614,0.876411,9856,604.54,0.041982,618140672,0.015011,LOW,
run_54ab3378,internal,vision_cifar10,2026-03-02T01:12:21.325699+00:00,vision,cifar10,cnn,10,22500,0.5,,2.3026,1.0,1024.0,n_d_lr_grid,4583306,0.001,128,0.0001,adam,10000,0.8852,0.939236,8976,611.92,0.042494,618140672,0.054036,MEDIUM,
run_0de25982,internal,vision_cifar10,2026-03-02T01:22:36.914125+00:00,vision,cifar10,cnn,10,22500,0.5,,2.3026,1.0,1024.0,n_d_lr_grid,4583306,0.0003,128,0.0001,adam,10000,0.8844,0.928006,10000,615.42,0.042737,618140672,0.043606,LOW,
run_0e8defeb,internal,vision_cifar10,2026-03-02T01:32:53.912402+00:00,vision,cifar10,cnn,10,22500,0.5,,2.3026,1.0,1024.0,n_d_lr_grid,4583306,0.0001,128,0.0001,adam,10000,0.864,0.878581,9856,616.8,0.042833,618140672,0.014581,LOW,
run_26968fef,internal,vision_cifar10,2026-03-02T01:43:10.827343+00:00,vision,cifar10,cnn,10,22500,0.5,,2.3026,1.0,1024.0,n_d_lr_grid,4583306,3e-05,128,0.0001,adam,10000,0.782,0.768717,10000,616.69,0.042826,618140672,-0.013283,LOW,
run_f3b7002b,internal,vision_cifar10,2026-03-02T01:48:07.948192+00:00,vision,cifar10,cnn,10,33750,0.75,,2.3026,1.0,1024.0,n_d_lr_grid,72954,0.01,128,0.0001,adam,10000,0.7544,0.687399,8448,296.97,0.020623,11207296,-0.067001,LOW,
run_42ebbee5,internal,vision_cifar10,2026-03-02T01:53:05.939313+00:00,vision,cifar10,cnn,10,33750,0.75,,2.3026,1.0,1024.0,n_d_lr_grid,72954,0.003,128,0.0001,adam,10000,0.7826,0.727573,7920,297.91,0.020688,11207296,-0.055027,LOW,
run_99eba63c,internal,vision_cifar10,2026-03-02T01:58:06.467497+00:00,vision,cifar10,cnn,10,33750,0.75,,2.3026,1.0,1024.0,n_d_lr_grid,72954,0.001,128,0.0001,adam,10000,0.7688,0.709422,10000,299.17,0.020776,11207296,-0.059378,LOW,
run_d5e692ea,internal,vision_cifar10,2026-03-02T02:03:03.887566+00:00,vision,cifar10,cnn,10,33750,0.75,,2.3026,1.0,1024.0,n_d_lr_grid,72954,0.0003,128,0.0001,adam,10000,0.6768,0.609678,9504,297.23,0.020641,11207296,-0.067122,LOW,
run_9faa983d,internal,vision_cifar10,2026-03-02T02:08:00.869620+00:00,vision,cifar10,cnn,10,33750,0.75,,2.3026,1.0,1024.0,n_d_lr_grid,72954,0.0001,128,0.0001,adam,10000,0.5702,0.502627,9768,296.85,0.020615,11207296,-0.067573,LOW,
run_db366284,internal,vision_cifar10,2026-03-02T02:12:59.318669+00:00,vision,cifar10,cnn,10,33750,0.75,,2.3026,1.0,1024.0,n_d_lr_grid,72954,3e-05,128,0.0001,adam,10000,0.4482,0.375202,10000,298.33,0.020717,11207296,-0.072998,LOW,
run_1c4c0060,internal,vision_cifar10,2026-03-02T02:17:58.080532+00:00,vision,cifar10,cnn,10,33750,0.75,,2.3026,1.0,1024.0,n_d_lr_grid,288746,0.01,128,0.0001,adam,10000,0.7852,0.742221,8976,298.63,0.020738,41288960,-0.042979,LOW,
run_83d5eb3a,internal,vision_cifar10,2026-03-02T02:22:56.655237+00:00,vision,cifar10,cnn,10,33750,0.75,,2.3026,1.0,1024.0,n_d_lr_grid,288746,0.003,128,0.0001,adam,10000,0.8478,0.811894,9240,298.43,0.020725,41288960,-0.035906,LOW,
run_28fe2623,internal,vision_cifar10,2026-03-02T02:27:54.154977+00:00,vision,cifar10,cnn,10,33750,0.75,,2.3026,1.0,1024.0,n_d_lr_grid,288746,0.001,128,0.0001,adam,10000,0.8516,0.819673,10000,297.41,0.020654,41288960,-0.031927,LOW,
run_db954d43,internal,vision_cifar10,2026-03-02T02:32:50.902390+00:00,vision,cifar10,cnn,10,33750,0.75,,2.3026,1.0,1024.0,n_d_lr_grid,288746,0.0003,128,0.0001,adam,10000,0.8044,0.760641,9240,296.59,0.020596,41288960,-0.043759,LOW,
run_75ee980a,internal,vision_cifar10,2026-03-02T02:37:48.663183+00:00,vision,cifar10,cnn,10,33750,0.75,,2.3026,1.0,1024.0,n_d_lr_grid,288746,0.0001,128,0.0001,adam,10000,0.7096,0.651131,10000,297.6,0.020667,41288960,-0.058469,LOW,
run_de9cec2a,internal,vision_cifar10,2026-03-02T02:42:46.680910+00:00,vision,cifar10,cnn,10,33750,0.75,,2.3026,1.0,1024.0,n_d_lr_grid,288746,3e-05,128,0.0001,adam,10000,0.5734,0.502526,10000,297.88,0.020686,41288960,-0.070874,LOW,
run_df03ec26,internal,vision_cifar10,2026-03-02T02:47:45.853071+00:00,vision,cifar10,cnn,10,33750,0.75,,2.3026,1.0,1024.0,n_d_lr_grid,647386,0.01,128,0.0001,adam,10000,0.794,0.757004,9768,299.01,0.020765,90244992,-0.036996,LOW,
run_e0d62f40,internal,vision_cifar10,2026-03-02T02:52:46.573454+00:00,vision,cifar10,cnn,10,33750,0.75,,2.3026,1.0,1024.0,n_d_lr_grid,647386,0.003,128,0.0001,adam,10000,0.8576,0.842773,8448,300.57,0.020873,90244992,-0.014827,LOW,
run_87613cda,internal,vision_cifar10,2026-03-02T02:57:40.110414+00:00,vision,cifar10,cnn,10,33750,0.75,,2.3026,1.0,1024.0,n_d_lr_grid,647386,0.001,128,0.0001,adam,10000,0.8676,0.869141,9768,293.38,0.020374,90244992,0.001541,LOW,
run_9c047b51,internal,vision_cifar10,2026-03-02T03:02:47.576196+00:00,vision,cifar10,cnn,10,33750,0.75,,2.3026,1.0,1024.0,n_d_lr_grid,647386,0.0003,128,0.0001,adam,10000,0.8472,0.823848,10000,307.37,0.021345,90244992,-0.023352,LOW,
run_d8bfcaa4,internal,vision_cifar10,2026-03-02T03:07:53.129538+00:00,vision,cifar10,cnn,10,33750,0.75,,2.3026,1.0,1024.0,n_d_lr_grid,647386,0.0001,128,0.0001,adam,10000,0.7774,0.7368,10000,305.46,0.021212,90244992,-0.0406,LOW,
run_d5d4ab5d,internal,vision_cifar10,2026-03-02T03:12:54.535018+00:00,vision,cifar10,cnn,10,33750,0.75,,2.3026,1.0,1024.0,n_d_lr_grid,647386,3e-05,128,0.0001,adam,10000,0.6386,0.591393,10000,301.31,0.020924,90244992,-0.047207,LOW,
run_2937b819,internal,vision_cifar10,2026-03-02T03:17:57.108831+00:00,vision,cifar10,cnn,10,33750,0.75,,2.3026,1.0,1024.0,n_d_lr_grid,1148874,0.01,128,0.0001,adam,10000,0.7924,0.762426,9504,302.48,0.021006,158075392,-0.029974,LOW,
run_8e47eb9b,internal,vision_cifar10,2026-03-02T03:23:12.650765+00:00,vision,cifar10,cnn,10,33750,0.75,,2.3026,1.0,1024.0,n_d_lr_grid,1148874,0.003,128,0.0001,adam,10000,0.8626,0.851664,8976,315.43,0.021905,158075392,-0.010936,LOW,
run_95304771,internal,vision_cifar10,2026-03-02T03:29:10.630863+00:00,vision,cifar10,cnn,10,33750,0.75,,2.3026,1.0,1024.0,n_d_lr_grid,1148874,0.001,128,0.0001,adam,10000,0.8826,0.885607,10000,357.85,0.024851,158075392,0.003007,LOW,
run_ed18a56b,internal,vision_cifar10,2026-03-02T03:35:09.265772+00:00,vision,cifar10,cnn,10,33750,0.75,,2.3026,1.0,1024.0,n_d_lr_grid,1148874,0.0003,128,0.0001,adam,10000,0.8638,0.857051,9504,358.48,0.024894,158075392,-0.006749,LOW,
run_fc4d21ab,internal,vision_cifar10,2026-03-02T03:41:08.649725+00:00,vision,cifar10,cnn,10,33750,0.75,,2.3026,1.0,1024.0,n_d_lr_grid,1148874,0.0001,128,0.0001,adam,10000,0.8176,0.784853,9504,359.28,0.02495,158075392,-0.032747,LOW,
run_4ebdf43b,internal,vision_cifar10,2026-03-02T03:47:10.205077+00:00,vision,cifar10,cnn,10,33750,0.75,,2.3026,1.0,1024.0,n_d_lr_grid,1148874,3e-05,128,0.0001,adam,10000,0.6932,0.647091,10000,361.39,0.025097,158075392,-0.046109,LOW,
run_1a930475,internal,vision_cifar10,2026-03-02T03:55:00.790365+00:00,vision,cifar10,cnn,10,33750,0.75,,2.3026,1.0,1024.0,n_d_lr_grid,2580394,0.01,128,0.0001,adam,10000,0.7912,0.763908,9240,470.38,0.032665,350359296,-0.027292,LOW,
run_78094514,internal,vision_cifar10,2026-03-02T04:01:29.000215+00:00,vision,cifar10,cnn,10,33750,0.75,,2.3026,1.0,1024.0,n_d_lr_grid,2580394,0.003,128,0.0001,adam,10000,0.8678,0.860991,9504,388.08,0.02695,350359296,-0.006809,LOW,
run_a0df8074,internal,vision_cifar10,2026-03-02T04:07:59.701851+00:00,vision,cifar10,cnn,10,33750,0.75,,2.3026,1.0,1024.0,n_d_lr_grid,2580394,0.001,128,0.0001,adam,10000,0.8908,0.91083,7128,390.55,0.027122,350359296,0.02003,LOW,
run_4021a525,internal,vision_cifar10,2026-03-02T04:14:32.875856+00:00,vision,cifar10,cnn,10,33750,0.75,,2.3026,1.0,1024.0,n_d_lr_grid,2580394,0.0003,128,0.0001,adam,10000,0.8808,0.891703,8976,393.04,0.027295,350359296,0.010903,LOW,
run_632b265e,internal,vision_cifar10,2026-03-02T04:21:06.499242+00:00,vision,cifar10,cnn,10,33750,0.75,,2.3026,1.0,1024.0,n_d_lr_grid,2580394,0.0001,128,0.0001,adam,10000,0.8472,0.832806,10000,393.46,0.027324,350359296,-0.014394,LOW,
run_125e06b5,internal,vision_cifar10,2026-03-02T04:27:39.499543+00:00,vision,cifar10,cnn,10,33750,0.75,,2.3026,1.0,1024.0,n_d_lr_grid,2580394,3e-05,128,0.0001,adam,10000,0.7532,0.718009,10000,392.84,0.02728,350359296,-0.035191,LOW,
run_3fcbe334,internal,vision_cifar10,2026-03-02T04:36:56.507171+00:00,vision,cifar10,cnn,10,33750,0.75,,2.3026,1.0,1024.0,n_d_lr_grid,4583306,0.01,128,0.0001,adam,10000,0.7946,0.760911,8976,556.82,0.038668,618140672,-0.033689,LOW,
run_a09de45d,internal,vision_cifar10,2026-03-02T04:46:25.149457+00:00,vision,cifar10,cnn,10,33750,0.75,,2.3026,1.0,1024.0,n_d_lr_grid,4583306,0.003,128,0.0001,adam,10000,0.8684,0.867188,6864,568.46,0.039477,618140672,-0.001212,LOW,
run_85980c78,internal,vision_cifar10,2026-03-02T04:56:01.231419+00:00,vision,cifar10,cnn,10,33750,0.75,,2.3026,1.0,1024.0,n_d_lr_grid,4583306,0.001,128,0.0001,adam,10000,0.8922,0.916756,8712,575.9,0.039993,618140672,0.024556,LOW,
run_cbc3f5eb,internal,vision_cifar10,2026-03-02T05:05:40.356121+00:00,vision,cifar10,cnn,10,33750,0.75,,2.3026,1.0,1024.0,n_d_lr_grid,4583306,0.0003,128,0.0001,adam,10000,0.8886,0.905139,8448,578.95,0.040205,618140672,0.016539,LOW,
run_4159133f,internal,vision_cifar10,2026-03-02T05:15:19.867772+00:00,vision,cifar10,cnn,10,33750,0.75,,2.3026,1.0,1024.0,n_d_lr_grid,4583306,0.0001,128,0.0001,adam,10000,0.8602,0.857826,8976,579.33,0.040231,618140672,-0.002374,LOW,
run_4745996d,internal,vision_cifar10,2026-03-02T05:26:39.332234+00:00,vision,cifar10,cnn,10,33750,0.75,,2.3026,1.0,1024.0,n_d_lr_grid,4583306,3e-05,128,0.0001,adam,10000,0.778,0.754378,9768,679.29,0.047173,618140672,-0.023622,LOW,
run_c01abcec,internal,vision_cifar10,2026-03-02T05:31:58.572637+00:00,vision,cifar10,cnn,10,45000,1.0,,2.3026,1.0,1024.0,n_d_lr_grid,72954,0.01,128,0.0001,adam,10000,0.7504,0.69184,7744,319.15,0.022163,11207296,-0.05856,LOW,
run_fed97195,internal,vision_cifar10,2026-03-02T05:36:59.218196+00:00,vision,cifar10,cnn,10,45000,1.0,,2.3026,1.0,1024.0,n_d_lr_grid,72954,0.003,128,0.0001,adam,10000,0.791,0.72347,9504,300.46,0.020865,11207296,-0.06753,LOW,
run_bc761f21,internal,vision_cifar10,2026-03-02T05:41:58.090589+00:00,vision,cifar10,cnn,10,45000,1.0,,2.3026,1.0,1024.0,n_d_lr_grid,72954,0.001,128,0.0001,adam,10000,0.772,0.705729,10000,298.78,0.020748,11207296,-0.066271,LOW,
run_97e4648f,internal,vision_cifar10,2026-03-02T05:46:48.521476+00:00,vision,cifar10,cnn,10,45000,1.0,,2.3026,1.0,1024.0,n_d_lr_grid,72954,0.0003,128,0.0001,adam,10000,0.68,0.608507,10000,290.34,0.020163,11207296,-0.071493,LOW,
run_0879e664,internal,vision_cifar10,2026-03-02T05:51:51.883227+00:00,vision,cifar10,cnn,10,45000,1.0,,2.3026,1.0,1024.0,n_d_lr_grid,72954,0.0001,128,0.0001,adam,10000,0.573,0.50472,10000,303.25,0.021059,11207296,-0.06828,LOW,
run_3617c49d,internal,vision_cifar10,2026-03-02T05:56:42.364364+00:00,vision,cifar10,cnn,10,45000,1.0,,2.3026,1.0,1024.0,n_d_lr_grid,72954,3e-05,128,0.0001,adam,10000,0.4522,0.378906,9504,290.39,0.020166,11207296,-0.073294,LOW,
run_1ad47e64,internal,vision_cifar10,2026-03-02T06:01:34.472401+00:00,vision,cifar10,cnn,10,45000,1.0,,2.3026,1.0,1024.0,n_d_lr_grid,288746,0.01,128,0.0001,adam,10000,0.7844,0.741102,6336,292.01,0.020278,41288960,-0.043298,LOW,
run_f03633cc,internal,vision_cifar10,2026-03-02T06:06:25.355177+00:00,vision,cifar10,cnn,10,45000,1.0,,2.3026,1.0,1024.0,n_d_lr_grid,288746,0.003,128,0.0001,adam,10000,0.8556,0.817925,9856,290.79,0.020194,41288960,-0.037675,LOW,
run_7d6be4f1,internal,vision_cifar10,2026-03-02T06:11:19.835463+00:00,vision,cifar10,cnn,10,45000,1.0,,2.3026,1.0,1024.0,n_d_lr_grid,288746,0.001,128,0.0001,adam,10000,0.8518,0.821669,9504,294.38,0.020443,41288960,-0.030131,LOW,
run_23c59f41,internal,vision_cifar10,2026-03-02T06:16:16.971375+00:00,vision,cifar10,cnn,10,45000,1.0,,2.3026,1.0,1024.0,n_d_lr_grid,288746,0.0003,128,0.0001,adam,10000,0.8128,0.765734,10000,297.04,0.020628,41288960,-0.047066,LOW,
run_7cf40c4e,internal,vision_cifar10,2026-03-02T06:21:11.040830+00:00,vision,cifar10,cnn,10,45000,1.0,,2.3026,1.0,1024.0,n_d_lr_grid,288746,0.0001,128,0.0001,adam,10000,0.7162,0.652181,10000,293.98,0.020415,41288960,-0.064019,LOW,
run_29cc2aff,internal,vision_cifar10,2026-03-02T06:26:06.846041+00:00,vision,cifar10,cnn,10,45000,1.0,,2.3026,1.0,1024.0,n_d_lr_grid,288746,3e-05,128,0.0001,adam,10000,0.5686,0.505317,9856,295.69,0.020534,41288960,-0.063283,LOW,
run_d800f753,internal,vision_cifar10,2026-03-02T06:31:06.569023+00:00,vision,cifar10,cnn,10,45000,1.0,,2.3026,1.0,1024.0,n_d_lr_grid,647386,0.01,128,0.0001,adam,10000,0.7902,0.753961,7744,299.52,0.0208,90244992,-0.036239,LOW,
run_bb23f512,internal,vision_cifar10,2026-03-02T06:36:40.655232+00:00,vision,cifar10,cnn,10,45000,1.0,,2.3026,1.0,1024.0,n_d_lr_grid,647386,0.003,128,0.0001,adam,10000,0.8638,0.839247,9856,333.93,0.02319,90244992,-0.024553,LOW,
run_e50e87db,internal,vision_cifar10,2026-03-02T06:42:39.263186+00:00,vision,cifar10,cnn,10,45000,1.0,,2.3026,1.0,1024.0,n_d_lr_grid,647386,0.001,128,0.0001,adam,10000,0.8764,0.86377,10000,358.18,0.024873,90244992,-0.01263,LOW,
run_11a4c414,internal,vision_cifar10,2026-03-02T06:47:43.165041+00:00,vision,cifar10,cnn,10,45000,1.0,,2.3026,1.0,1024.0,n_d_lr_grid,647386,0.0003,128,0.0001,adam,10000,0.8496,0.820095,10000,303.71,0.021091,90244992,-0.029505,LOW,
run_bf21a8d0,internal,vision_cifar10,2026-03-02T06:52:43.838118+00:00,vision,cifar10,cnn,10,45000,1.0,,2.3026,1.0,1024.0,n_d_lr_grid,647386,0.0001,128,0.0001,adam,10000,0.7774,0.728407,10000,300.57,0.020873,90244992,-0.048993,LOW,
run_1737a59e,internal,vision_cifar10,2026-03-02T06:57:46.673223+00:00,vision,cifar10,cnn,10,45000,1.0,,2.3026,1.0,1024.0,n_d_lr_grid,647386,3e-05,128,0.0001,adam,10000,0.6382,0.593153,10000,302.73,0.021023,90244992,-0.045047,LOW,
run_3f373977,internal,vision_cifar10,2026-03-02T07:03:55.529931+00:00,vision,cifar10,cnn,10,45000,1.0,,2.3026,1.0,1024.0,n_d_lr_grid,1148874,0.01,128,0.0001,adam,10000,0.793,0.754123,7040,368.59,0.025596,158075392,-0.038877,LOW,
run_7394e3ea,internal,vision_cifar10,2026-03-02T07:11:03.120160+00:00,vision,cifar10,cnn,10,45000,1.0,,2.3026,1.0,1024.0,n_d_lr_grid,1148874,0.003,128,0.0001,adam,10000,0.8688,0.849013,9856,427.36,0.029678,158075392,-0.019787,LOW,
run_b5f06724,internal,vision_cifar10,2026-03-02T07:18:03.679668+00:00,vision,cifar10,cnn,10,45000,1.0,,2.3026,1.0,1024.0,n_d_lr_grid,1148874,0.001,128,0.0001,adam,10000,0.8856,0.883735,10000,420.26,0.029185,158075392,-0.001865,LOW,
run_e354fb2e,internal,vision_cifar10,2026-03-02T07:26:08.639259+00:00,vision,cifar10,cnn,10,45000,1.0,,2.3026,1.0,1024.0,n_d_lr_grid,1148874,0.0003,128,0.0001,adam,10000,0.8624,0.849989,9856,484.83,0.033668,158075392,-0.012411,LOW,
run_64224519,internal,vision_cifar10,2026-03-02T07:34:15.383437+00:00,vision,cifar10,cnn,10,45000,1.0,,2.3026,1.0,1024.0,n_d_lr_grid,1148874,0.0001,128,0.0001,adam,10000,0.8166,0.780707,9504,486.58,0.03379,158075392,-0.035893,LOW,
run_f9a9ed08,internal,vision_cifar10,2026-03-02T07:39:08.886594+00:00,vision,cifar10,cnn,10,45000,1.0,,2.3026,1.0,1024.0,n_d_lr_grid,1148874,3e-05,128,0.0001,adam,10000,0.6992,0.644586,10000,293.38,0.020374,158075392,-0.054614,LOW,
run_f64dbb17,internal,vision_cifar10,2026-03-02T07:45:23.481824+00:00,vision,cifar10,cnn,10,45000,1.0,,2.3026,1.0,1024.0,n_d_lr_grid,2580394,0.01,128,0.0001,adam,10000,0.796,0.764594,7744,374.41,0.026001,350359296,-0.031406,LOW,
run_9ca21a26,internal,vision_cifar10,2026-03-02T07:51:47.756273+00:00,vision,cifar10,cnn,10,45000,1.0,,2.3026,1.0,1024.0,n_d_lr_grid,2580394,0.003,128,0.0001,adam,10000,0.8664,0.862088,9152,384.13,0.026676,350359296,-0.004312,LOW,
run_812a366e,internal,vision_cifar10,2026-03-02T08:04:56.899484+00:00,vision,cifar10,cnn,10,45000,1.0,,2.3026,1.0,1024.0,n_d_lr_grid,2580394,0.001,128,0.0001,adam,10000,0.8968,0.900282,9856,788.96,0.054789,350359296,0.003482,LOW,
run_029b6e2f,internal,vision_cifar10,2026-03-02T08:18:44.219110+00:00,vision,cifar10,cnn,10,45000,1.0,,2.3026,1.0,1024.0,n_d_lr_grid,2580394,0.0003,128,0.0001,adam,10000,0.881,0.886176,10000,827.08,0.057436,350359296,0.005176,LOW,
run_5e47f5e7,internal,vision_cifar10,2026-03-02T08:29:44.214910+00:00,vision,cifar10,cnn,10,45000,1.0,,2.3026,1.0,1024.0,n_d_lr_grid,2580394,0.0001,128,0.0001,adam,10000,0.8516,0.831109,9856,659.8,0.04582,350359296,-0.020491,LOW,
run_8860021d,internal,vision_cifar10,2026-03-02T08:38:09.392110+00:00,vision,cifar10,cnn,10,45000,1.0,,2.3026,1.0,1024.0,n_d_lr_grid,2580394,3e-05,128,0.0001,adam,10000,0.7532,0.715169,9856,505.03,0.035071,350359296,-0.038031,LOW,
run_4b28f6bc,internal,vision_cifar10,2026-03-02T08:54:40.682860+00:00,vision,cifar10,cnn,10,45000,1.0,,2.3026,1.0,1024.0,n_d_lr_grid,4583306,0.01,128,0.0001,adam,10000,0.789,0.754666,9152,991.03,0.068821,618140672,-0.034334,LOW,
run_d16fa806,internal,vision_cifar10,2026-03-02T09:06:44.167840+00:00,vision,cifar10,cnn,10,45000,1.0,,2.3026,1.0,1024.0,n_d_lr_grid,4583306,0.003,128,0.0001,adam,10000,0.8674,0.860677,8096,723.23,0.050224,618140672,-0.006723,LOW,
run_0cbcc392,internal,vision_cifar10,2026-03-02T09:16:17.085225+00:00,vision,cifar10,cnn,10,45000,1.0,,2.3026,1.0,1024.0,n_d_lr_grid,4583306,0.001,128,0.0001,adam,10000,0.8936,0.908095,9152,572.72,0.039772,618140672,0.014495,LOW,
run_30163673,internal,vision_cifar10,2026-03-02T09:25:51.922105+00:00,vision,cifar10,cnn,10,45000,1.0,,2.3026,1.0,1024.0,n_d_lr_grid,4583306,0.0003,128,0.0001,adam,10000,0.8844,0.895508,10000,574.64,0.039906,618140672,0.011108,LOW,
run_7a7f4954,internal,vision_cifar10,2026-03-02T09:35:26.623697+00:00,vision,cifar10,cnn,10,45000,1.0,,2.3026,1.0,1024.0,n_d_lr_grid,4583306,0.0001,128,0.0001,adam,10000,0.8662,0.854112,9152,574.5,0.039896,618140672,-0.012088,LOW,
run_d48e691c,internal,vision_cifar10,2026-03-02T09:45:03.634991+00:00,vision,cifar10,cnn,10,45000,1.0,,2.3026,1.0,1024.0,n_d_lr_grid,4583306,3e-05,128,0.0001,adam,10000,0.7956,0.758735,10000,576.82,0.040057,618140672,-0.036865,LOW,
run_de1517f0,internal,vision_cifar100,2026-03-02T16:07:06.000148+00:00,vision,cifar100,cnn,100,4500,0.1,,4.6052,1.0,1024.0,n_d_lr_grid,78804,0.01,128,0.0001,adam,12000,0.309,0.333333,11304,670.36,0.046553,11213056,0.024333,LOW,
run_fedaf214,internal,vision_cifar100,2026-03-02T16:18:25.342055+00:00,vision,cifar100,cnn,100,4500,0.1,,4.6052,1.0,1024.0,n_d_lr_grid,78804,0.003,128,0.0001,adam,12000,0.3216,0.358724,11268,678.08,0.047089,11213056,0.037124,LOW,
run_4c3bd372,internal,vision_cifar100,2026-03-02T16:30:29.014880+00:00,vision,cifar100,cnn,100,4500,0.1,,4.6052,1.0,1024.0,n_d_lr_grid,78804,0.001,128,0.0001,adam,12000,0.2992,0.326172,11736,722.57,0.050178,11213056,0.026972,LOW,
run_9e37c4d9,internal,vision_cifar100,2026-03-02T16:42:18.137918+00:00,vision,cifar100,cnn,100,4500,0.1,,4.6052,1.0,1024.0,n_d_lr_grid,78804,0.0003,128,0.0001,adam,12000,0.236,0.238281,12000,708.17,0.049178,11213056,0.002281,LOW,
run_3444779f,internal,vision_cifar100,2026-03-02T16:54:09.430866+00:00,vision,cifar100,cnn,100,4500,0.1,,4.6052,1.0,1024.0,n_d_lr_grid,78804,0.0001,128,0.0001,adam,12000,0.168,0.151042,11484,710.34,0.049329,11213056,-0.016958,LOW,
run_9d5c0826,internal,vision_cifar100,2026-03-02T17:05:52.991717+00:00,vision,cifar100,cnn,100,4500,0.1,,4.6052,1.0,1024.0,n_d_lr_grid,78804,3e-05,128,0.0001,adam,12000,0.1084,0.092448,11952,702.58,0.048791,11213056,-0.015952,LOW,
run_5dcd40c7,internal,vision_cifar100,2026-03-02T17:17:14.155951+00:00,vision,cifar100,cnn,100,4500,0.1,,4.6052,1.0,1024.0,n_d_lr_grid,300356,0.01,128,0.0001,adam,12000,0.3816,0.539714,9720,680.22,0.047237,41300480,0.158114,HIGH,
run_fbeefce7,internal,vision_cifar100,2026-03-02T17:28:29.765982+00:00,vision,cifar100,cnn,100,4500,0.1,,4.6052,1.0,1024.0,n_d_lr_grid,300356,0.003,128,0.0001,adam,12000,0.3766,0.648438,10944,674.63,0.04685,41300480,0.271838,HIGH,
run_e6947943,internal,vision_cifar100,2026-03-02T17:39:47.194037+00:00,vision,cifar100,cnn,100,4500,0.1,,4.6052,1.0,1024.0,n_d_lr_grid,300356,0.001,128,0.0001,adam,12000,0.3762,0.666667,11664,676.48,0.046978,41300480,0.290467,HIGH,
run_a69cdb1c,internal,vision_cifar100,2026-03-02T17:51:07.419907+00:00,vision,cifar100,cnn,100,4500,0.1,,4.6052,1.0,1024.0,n_d_lr_grid,300356,0.0003,128,0.0001,adam,12000,0.3298,0.492188,11844,679.27,0.047172,41300480,0.162388,HIGH,
run_e8a92a95,internal,vision_cifar100,2026-03-02T18:02:19.670356+00:00,vision,cifar100,cnn,100,4500,0.1,,4.6052,1.0,1024.0,n_d_lr_grid,300356,0.0001,128,0.0001,adam,12000,0.256,0.301432,11916,671.32,0.046619,41300480,0.045432,LOW,
run_ad0eb08f,internal,vision_cifar100,2026-03-02T18:13:42.974443+00:00,vision,cifar100,cnn,100,4500,0.1,,4.6052,1.0,1024.0,n_d_lr_grid,300356,3e-05,128,0.0001,adam,12000,0.168,0.179036,11484,682.33,0.047384,41300480,0.011036,LOW,
run_6f54186c,internal,vision_cifar100,2026-03-02T18:25:03.907372+00:00,vision,cifar100,cnn,100,4500,0.1,,4.6052,1.0,1024.0,n_d_lr_grid,664756,0.01,128,0.0001,adam,12000,0.3848,0.613281,9108,679.96,0.047219,90262272,0.228481,HIGH,
run_6094f4fd,internal,vision_cifar100,2026-03-02T18:36:24.186948+00:00,vision,cifar100,cnn,100,4500,0.1,,4.6052,1.0,1024.0,n_d_lr_grid,664756,0.003,128,0.0001,adam,12000,0.3914,0.829427,11340,679.37,0.047178,90262272,0.438027,HIGH,
run_080bad19,internal,vision_cifar100,2026-03-02T18:47:49.466542+00:00,vision,cifar100,cnn,100,4500,0.1,,4.6052,1.0,1024.0,n_d_lr_grid,664756,0.001,128,0.0001,adam,12000,0.381,0.851562,9000,684.34,0.047524,90262272,0.470562,HIGH,
run_44190d26,internal,vision_cifar100,2026-03-02T18:59:17.015247+00:00,vision,cifar100,cnn,100,4500,0.1,,4.6052,1.0,1024.0,n_d_lr_grid,664756,0.0003,128,0.0001,adam,12000,0.3672,0.718099,11988,686.64,0.047683,90262272,0.350899,HIGH,
run_b0b60fee,internal,vision_cifar100,2026-03-02T19:10:40.500671+00:00,vision,cifar100,cnn,100,4500,0.1,,4.6052,1.0,1024.0,n_d_lr_grid,664756,0.0001,128,0.0001,adam,12000,0.3104,0.412109,12000,682.58,0.047401,90262272,0.101709,MEDIUM,
run_343a310e,internal,vision_cifar100,2026-03-02T19:22:05.132017+00:00,vision,cifar100,cnn,100,4500,0.1,,4.6052,1.0,1024.0,n_d_lr_grid,664756,3e-05,128,0.0001,adam,12000,0.217,0.202474,11952,683.69,0.047478,90262272,-0.014526,LOW,
run_e2511753,internal,vision_cifar100,2026-03-02T19:33:36.352291+00:00,vision,cifar100,cnn,100,4500,0.1,,4.6052,1.0,1024.0,n_d_lr_grid,1172004,0.01,128,0.0001,adam,12000,0.388,0.621745,9000,690.3,0.047938,158098432,0.233745,HIGH,
run_e5d5bddb,internal,vision_cifar100,2026-03-02T19:45:05.811393+00:00,vision,cifar100,cnn,100,4500,0.1,,4.6052,1.0,1024.0,n_d_lr_grid,1172004,0.003,128,0.0001,adam,12000,0.3966,0.867839,9612,688.55,0.047816,158098432,0.471239,HIGH,
run_b1847228,internal,vision_cifar100,2026-03-02T19:56:39.581677+00:00,vision,cifar100,cnn,100,4500,0.1,,4.6052,1.0,1024.0,n_d_lr_grid,1172004,0.001,128,0.0001,adam,12000,0.3974,0.931641,9396,692.83,0.048113,158098432,0.534241,HIGH,
run_7fefc9fd,internal,vision_cifar100,2026-03-02T20:08:10.768393+00:00,vision,cifar100,cnn,100,4500,0.1,,4.6052,1.0,1024.0,n_d_lr_grid,1172004,0.0003,128,0.0001,adam,12000,0.3884,0.866536,11736,690.28,0.047936,158098432,0.478136,HIGH,
run_494fdb1d,internal,vision_cifar100,2026-03-02T20:19:42.693698+00:00,vision,cifar100,cnn,100,4500,0.1,,4.6052,1.0,1024.0,n_d_lr_grid,1172004,0.0001,128,0.0001,adam,12000,0.3502,0.603516,11988,691.02,0.047987,158098432,0.253316,HIGH,
run_e22e4e9a,internal,vision_cifar100,2026-03-02T20:31:13.210151+00:00,vision,cifar100,cnn,100,4500,0.1,,4.6052,1.0,1024.0,n_d_lr_grid,1172004,3e-05,128,0.0001,adam,12000,0.2636,0.325521,11952,689.54,0.047885,158098432,0.061921,MEDIUM,
run_70e99791,internal,vision_cifar100,2026-03-02T20:44:10.518713+00:00,vision,cifar100,cnn,100,4500,0.1,,4.6052,1.0,1024.0,n_d_lr_grid,2615044,0.01,128,0.0001,adam,12000,0.3804,0.669922,9468,776.34,0.053912,350393856,0.289522,HIGH,
run_21e85d89,internal,vision_cifar100,2026-03-02T20:57:09.441520+00:00,vision,cifar100,cnn,100,4500,0.1,,4.6052,1.0,1024.0,n_d_lr_grid,2615044,0.003,128,0.0001,adam,12000,0.3876,0.904297,10692,777.92,0.054022,350393856,0.516697,HIGH,
run_3d0e252d,internal,vision_cifar100,2026-03-02T21:10:05.944277+00:00,vision,cifar100,cnn,100,4500,0.1,,4.6052,1.0,1024.0,n_d_lr_grid,2615044,0.001,128,0.0001,adam,12000,0.4028,0.969401,10872,775.57,0.053859,350393856,0.566601,HIGH,
run_15d93c2e,internal,vision_cifar100,2026-03-02T21:23:03.685103+00:00,vision,cifar100,cnn,100,4500,0.1,,4.6052,1.0,1024.0,n_d_lr_grid,2615044,0.0003,128,0.0001,adam,12000,0.3934,0.973307,10764,776.77,0.053942,350393856,0.579907,HIGH,
run_1960443d,internal,vision_cifar100,2026-03-02T21:36:00.553163+00:00,vision,cifar100,cnn,100,4500,0.1,,4.6052,1.0,1024.0,n_d_lr_grid,2615044,0.0001,128,0.0001,adam,12000,0.3636,0.85612,11844,775.9,0.053882,350393856,0.49252,HIGH,
run_b36c8240,internal,vision_cifar100,2026-03-02T21:48:59.400891+00:00,vision,cifar100,cnn,100,4500,0.1,,4.6052,1.0,1024.0,n_d_lr_grid,2615044,3e-05,128,0.0001,adam,12000,0.2996,0.46224,11988,777.88,0.05402,350393856,0.16264,HIGH,
run_ec49528a,internal,vision_cifar100,2026-03-02T22:05:20.238862+00:00,vision,cifar100,cnn,100,4500,0.1,,4.6052,1.0,1024.0,n_d_lr_grid,4629476,0.01,128,0.0001,adam,12000,0.3812,0.689453,9684,979.87,0.068047,618186752,0.308253,HIGH,
run_90075302,internal,vision_cifar100,2026-03-02T22:21:53.826207+00:00,vision,cifar100,cnn,100,4500,0.1,,4.6052,1.0,1024.0,n_d_lr_grid,4629476,0.003,128,0.0001,adam,12000,0.3886,0.916667,9180,992.63,0.068933,618186752,0.528067,HIGH,
run_4d883fb1,internal,vision_cifar100,2026-03-02T22:38:32.957378+00:00,vision,cifar100,cnn,100,4500,0.1,,4.6052,1.0,1024.0,n_d_lr_grid,4629476,0.001,128,0.0001,adam,12000,0.403,0.965495,10368,998.18,0.069318,618186752,0.562495,HIGH,
run_03dc1c43,internal,vision_cifar100,2026-03-02T22:55:16.039567+00:00,vision,cifar100,cnn,100,4500,0.1,,4.6052,1.0,1024.0,n_d_lr_grid,4629476,0.0003,128,0.0001,adam,12000,0.4098,0.986979,11952,1002.1,0.06959,618186752,0.577179,HIGH,
run_6ccd7517,internal,vision_cifar100,2026-03-02T23:12:01.334312+00:00,vision,cifar100,cnn,100,4500,0.1,,4.6052,1.0,1024.0,n_d_lr_grid,4629476,0.0001,128,0.0001,adam,12000,0.3794,0.957031,9756,1004.35,0.069746,618186752,0.577631,HIGH,
run_f7a02618,internal,vision_cifar100,2026-03-02T23:28:47.604977+00:00,vision,cifar100,cnn,100,4500,0.1,,4.6052,1.0,1024.0,n_d_lr_grid,4629476,3e-05,128,0.0001,adam,12000,0.3326,0.633464,12000,1005.31,0.069814,618186752,0.300864,HIGH,
run_d067ca39,internal,vision_cifar100,2026-03-02T23:37:03.328558+00:00,vision,cifar100,cnn,100,9000,0.2,,4.6052,1.0,1024.0,n_d_lr_grid,78804,0.01,128,0.0001,adam,12000,0.3558,0.351562,11573,494.83,0.034363,11213056,-0.004238,LOW,
run_14423827,internal,vision_cifar100,2026-03-02T23:45:16.822136+00:00,vision,cifar100,cnn,100,9000,0.2,,4.6052,1.0,1024.0,n_d_lr_grid,78804,0.003,128,0.0001,adam,12000,0.3608,0.335938,11786,492.52,0.034203,11213056,-0.024863,LOW,
run_7ce803d3,internal,vision_cifar100,2026-03-02T23:53:32.375711+00:00,vision,cifar100,cnn,100,9000,0.2,,4.6052,1.0,1024.0,n_d_lr_grid,78804,0.001,128,0.0001,adam,12000,0.3228,0.359375,11786,494.62,0.034349,11213056,0.036575,LOW,
run_cc636091,internal,vision_cifar100,2026-03-03T00:01:49.198073+00:00,vision,cifar100,cnn,100,9000,0.2,,4.6052,1.0,1024.0,n_d_lr_grid,78804,0.0003,128,0.0001,adam,12000,0.246,0.203125,12000,495.89,0.034437,11213056,-0.042875,LOW,
run_60a8f4c1,internal,vision_cifar100,2026-03-03T00:10:34.136828+00:00,vision,cifar100,cnn,100,9000,0.2,,4.6052,1.0,1024.0,n_d_lr_grid,78804,0.0001,128,0.0001,adam,12000,0.1616,0.132812,11644,523.95,0.036386,11213056,-0.028787,LOW,
run_9ee3770f,internal,vision_cifar100,2026-03-03T00:19:00.923364+00:00,vision,cifar100,cnn,100,9000,0.2,,4.6052,1.0,1024.0,n_d_lr_grid,78804,3e-05,128,0.0001,adam,12000,0.1068,0.0625,11999,505.84,0.035128,11213056,-0.0443,LOW,
run_fbbee855,internal,vision_cifar100,2026-03-03T00:27:29.196355+00:00,vision,cifar100,cnn,100,9000,0.2,,4.6052,1.0,1024.0,n_d_lr_grid,300356,0.01,128,0.0001,adam,12000,0.4264,0.476562,11999,507.29,0.035229,41300480,0.050162,MEDIUM,
run_3f885fde,internal,vision_cifar100,2026-03-03T00:35:58.887743+00:00,vision,cifar100,cnn,100,9000,0.2,,4.6052,1.0,1024.0,n_d_lr_grid,300356,0.003,128,0.0001,adam,12000,0.4644,0.539062,10082,508.71,0.035327,41300480,0.074663,MEDIUM,
run_ee43c6fd,internal,vision_cifar100,2026-03-03T00:44:28.171013+00:00,vision,cifar100,cnn,100,9000,0.2,,4.6052,1.0,1024.0,n_d_lr_grid,300356,0.001,128,0.0001,adam,12000,0.4524,0.515625,11928,508.33,0.035301,41300480,0.063225,MEDIUM,
run_dcad6e1a,internal,vision_cifar100,2026-03-03T00:52:59.671581+00:00,vision,cifar100,cnn,100,9000,0.2,,4.6052,1.0,1024.0,n_d_lr_grid,300356,0.0003,128,0.0001,adam,12000,0.3888,0.320312,11857,510.51,0.035452,41300480,-0.068487,LOW,
run_ae134693,internal,vision_cifar100,2026-03-03T01:01:28.457342+00:00,vision,cifar100,cnn,100,9000,0.2,,4.6052,1.0,1024.0,n_d_lr_grid,300356,0.0001,128,0.0001,adam,12000,0.2742,0.242188,11502,507.79,0.035263,41300480,-0.032012,LOW,
run_f9af22e1,internal,vision_cifar100,2026-03-03T01:09:57.524522+00:00,vision,cifar100,cnn,100,9000,0.2,,4.6052,1.0,1024.0,n_d_lr_grid,300356,3e-05,128,0.0001,adam,12000,0.1786,0.140625,11928,508.12,0.035286,41300480,-0.037975,LOW,
run_cc9e5533,internal,vision_cifar100,2026-03-03T01:18:29.088066+00:00,vision,cifar100,cnn,100,9000,0.2,,4.6052,1.0,1024.0,n_d_lr_grid,664756,0.01,128,0.0001,adam,12000,0.4488,0.507812,11218,510.61,0.035459,90262272,0.059013,MEDIUM,
run_2fe82d41,internal,vision_cifar100,2026-03-03T01:27:00.376443+00:00,vision,cifar100,cnn,100,9000,0.2,,4.6052,1.0,1024.0,n_d_lr_grid,664756,0.003,128,0.0001,adam,12000,0.4894,0.742188,11573,510.29,0.035436,90262272,0.252787,HIGH,
run_b830b1e8,internal,vision_cifar100,2026-03-03T01:35:32.882241+00:00,vision,cifar100,cnn,100,9000,0.2,,4.6052,1.0,1024.0,n_d_lr_grid,664756,0.001,128,0.0001,adam,12000,0.492,0.71875,11502,511.49,0.03552,90262272,0.22675,HIGH,
run_3cf59dcd,internal,vision_cifar100,2026-03-03T01:44:05.273252+00:00,vision,cifar100,cnn,100,9000,0.2,,4.6052,1.0,1024.0,n_d_lr_grid,664756,0.0003,128,0.0001,adam,12000,0.4452,0.601562,11289,511.37,0.035511,90262272,0.156363,HIGH,
run_388b98b2,internal,vision_cifar100,2026-03-03T01:52:35.935904+00:00,vision,cifar100,cnn,100,9000,0.2,,4.6052,1.0,1024.0,n_d_lr_grid,664756,0.0001,128,0.0001,adam,12000,0.3526,0.4375,11573,509.62,0.03539,90262272,0.0849,MEDIUM,
run_a062ff48,internal,vision_cifar100,2026-03-03T02:01:07.337197+00:00,vision,cifar100,cnn,100,9000,0.2,,4.6052,1.0,1024.0,n_d_lr_grid,664756,3e-05,128,0.0001,adam,12000,0.228,0.289062,11999,510.38,0.035443,90262272,0.061062,MEDIUM,
run_70801e0d,internal,vision_cifar100,2026-03-03T02:09:35.140499+00:00,vision,cifar100,cnn,100,9000,0.2,,4.6052,1.0,1024.0,n_d_lr_grid,1172004,0.01,128,0.0001,adam,12000,0.4614,0.585938,11147,506.84,0.035197,158098432,0.124538,MEDIUM,
run_854f04ad,internal,vision_cifar100,2026-03-03T02:17:50.651074+00:00,vision,cifar100,cnn,100,9000,0.2,,4.6052,1.0,1024.0,n_d_lr_grid,1172004,0.003,128,0.0001,adam,12000,0.502,0.78125,12000,494.54,0.034343,158098432,0.27925,HIGH,
run_b7059953,internal,vision_cifar100,2026-03-03T02:26:12.444641+00:00,vision,cifar100,cnn,100,9000,0.2,,4.6052,1.0,1024.0,n_d_lr_grid,1172004,0.001,128,0.0001,adam,12000,0.499,0.84375,11999,500.89,0.034784,158098432,0.34475,HIGH,
run_ccce19cd,internal,vision_cifar100,2026-03-03T02:34:35.749659+00:00,vision,cifar100,cnn,100,9000,0.2,,4.6052,1.0,1024.0,n_d_lr_grid,1172004,0.0003,128,0.0001,adam,12000,0.4872,0.710938,11857,502.38,0.034888,158098432,0.223737,HIGH,
run_329579f0,internal,vision_cifar100,2026-03-03T02:43:01.132280+00:00,vision,cifar100,cnn,100,9000,0.2,,4.6052,1.0,1024.0,n_d_lr_grid,1172004,0.0001,128,0.0001,adam,12000,0.4078,0.484375,11857,504.42,0.035029,158098432,0.076575,MEDIUM,
run_083307e3,internal,vision_cifar100,2026-03-03T02:51:28.002715+00:00,vision,cifar100,cnn,100,9000,0.2,,4.6052,1.0,1024.0,n_d_lr_grid,1172004,3e-05,128,0.0001,adam,12000,0.283,0.34375,11999,505.85,0.035128,158098432,0.06075,MEDIUM,
run_dffc102f,internal,vision_cifar100,2026-03-03T03:01:24.238281+00:00,vision,cifar100,cnn,100,9000,0.2,,4.6052,1.0,1024.0,n_d_lr_grid,2615044,0.01,128,0.0001,adam,12000,0.4574,0.570312,10792,595.23,0.041336,350393856,0.112913,MEDIUM,
run_054384f1,internal,vision_cifar100,2026-03-03T03:11:33.025396+00:00,vision,cifar100,cnn,100,9000,0.2,,4.6052,1.0,1024.0,n_d_lr_grid,2615044,0.003,128,0.0001,adam,12000,0.496,0.828125,11786,607.83,0.042211,350393856,0.332125,HIGH,
run_ae5781c6,internal,vision_cifar100,2026-03-03T03:21:47.303303+00:00,vision,cifar100,cnn,100,9000,0.2,,4.6052,1.0,1024.0,n_d_lr_grid,2615044,0.001,128,0.0001,adam,12000,0.5116,0.945312,9443,613.32,0.042592,350393856,0.433712,HIGH,
run_8a110dc0,internal,vision_cifar100,2026-03-03T03:32:01.082845+00:00,vision,cifar100,cnn,100,9000,0.2,,4.6052,1.0,1024.0,n_d_lr_grid,2615044,0.0003,128,0.0001,adam,12000,0.5054,0.945312,10579,612.76,0.042553,350393856,0.439913,HIGH,
run_ca5bd37a,internal,vision_cifar100,2026-03-03T03:42:12.646649+00:00,vision,cifar100,cnn,100,9000,0.2,,4.6052,1.0,1024.0,n_d_lr_grid,2615044,0.0001,128,0.0001,adam,12000,0.4576,0.703125,11715,610.59,0.042402,350393856,0.245525,HIGH,
run_9b64c00f,internal,vision_cifar100,2026-03-03T03:52:24.438146+00:00,vision,cifar100,cnn,100,9000,0.2,,4.6052,1.0,1024.0,n_d_lr_grid,2615044,3e-05,128,0.0001,adam,12000,0.3446,0.359375,11928,610.77,0.042415,350393856,0.014775,LOW,
run_22f02c06,internal,vision_cifar100,2026-03-03T04:06:00.471564+00:00,vision,cifar100,cnn,100,9000,0.2,,4.6052,1.0,1024.0,n_d_lr_grid,4629476,0.01,128,0.0001,adam,12000,0.453,0.546875,10934,815.02,0.056599,618186752,0.093875,MEDIUM,
run_55a03704,internal,vision_cifar100,2026-03-03T04:19:51.755108+00:00,vision,cifar100,cnn,100,9000,0.2,,4.6052,1.0,1024.0,n_d_lr_grid,4629476,0.003,128,0.0001,adam,12000,0.4884,0.867188,8946,830.27,0.057658,618186752,0.378787,HIGH,
run_e5786175,internal,vision_cifar100,2026-03-03T04:33:48.720828+00:00,vision,cifar100,cnn,100,9000,0.2,,4.6052,1.0,1024.0,n_d_lr_grid,4629476,0.001,128,0.0001,adam,12000,0.5098,0.90625,11573,835.96,0.058053,618186752,0.39645,HIGH,
run_3f539473,internal,vision_cifar100,2026-03-03T04:47:49.777453+00:00,vision,cifar100,cnn,100,9000,0.2,,4.6052,1.0,1024.0,n_d_lr_grid,4629476,0.0003,128,0.0001,adam,12000,0.5252,0.992188,11431,840.05,0.058336,618186752,0.466987,HIGH,
run_ef526ed7,internal,vision_cifar100,2026-03-03T05:01:52.994464+00:00,vision,cifar100,cnn,100,9000,0.2,,4.6052,1.0,1024.0,n_d_lr_grid,4629476,0.0001,128,0.0001,adam,12000,0.4796,0.859375,11573,842.2,0.058486,618186752,0.379775,HIGH,
run_65ac7054,internal,vision_cifar100,2026-03-03T05:15:56.011454+00:00,vision,cifar100,cnn,100,9000,0.2,,4.6052,1.0,1024.0,n_d_lr_grid,4629476,3e-05,128,0.0001,adam,12000,0.3846,0.46875,12000,842.0,0.058472,618186752,0.08415,MEDIUM,
run_abef3a8e,internal,vision_cifar100,2026-03-03T05:22:55.731785+00:00,vision,cifar100,cnn,100,15749,0.35,,4.6052,1.0,1024.0,n_d_lr_grid,78804,0.01,128,0.0001,adam,12000,0.3576,0.273519,11532,418.77,0.029081,11213056,-0.084081,LOW,
run_6a5412ab,internal,vision_cifar100,2026-03-03T05:29:55.323701+00:00,vision,cifar100,cnn,100,15749,0.35,,4.6052,1.0,1024.0,n_d_lr_grid,78804,0.003,128,0.0001,adam,12000,0.3786,0.297201,11036,418.63,0.029071,11213056,-0.081399,LOW,
run_3e763e1d,internal,vision_cifar100,2026-03-03T05:36:55.701854+00:00,vision,cifar100,cnn,100,15749,0.35,,4.6052,1.0,1024.0,n_d_lr_grid,78804,0.001,128,0.0001,adam,12000,0.3312,0.278971,11532,419.38,0.029124,11213056,-0.052229,LOW,
run_f95726ba,internal,vision_cifar100,2026-03-03T05:43:56.613684+00:00,vision,cifar100,cnn,100,15749,0.35,,4.6052,1.0,1024.0,n_d_lr_grid,78804,0.0003,128,0.0001,adam,12000,0.2548,0.202067,11532,419.97,0.029164,11213056,-0.052733,LOW,
run_cec572e0,internal,vision_cifar100,2026-03-03T05:50:56.831480+00:00,vision,cifar100,cnn,100,15749,0.35,,4.6052,1.0,1024.0,n_d_lr_grid,78804,0.0001,128,0.0001,adam,12000,0.1622,0.123942,12000,419.24,0.029114,11213056,-0.038258,LOW,
run_c80c7db6,internal,vision_cifar100,2026-03-03T05:57:55.366586+00:00,vision,cifar100,cnn,100,15749,0.35,,4.6052,1.0,1024.0,n_d_lr_grid,78804,3e-05,128,0.0001,adam,12000,0.1116,0.077637,10912,417.54,0.028996,11213056,-0.033963,LOW,
run_af3d1a8a,internal,vision_cifar100,2026-03-03T06:04:54.689591+00:00,vision,cifar100,cnn,100,15749,0.35,,4.6052,1.0,1024.0,n_d_lr_grid,300356,0.01,128,0.0001,adam,12000,0.4476,0.387044,10540,418.32,0.02905,41300480,-0.060556,LOW,
run_9efc135c,internal,vision_cifar100,2026-03-03T06:11:53.980012+00:00,vision,cifar100,cnn,100,15749,0.35,,4.6052,1.0,1024.0,n_d_lr_grid,300356,0.003,128,0.0001,adam,12000,0.5068,0.478923,11780,418.3,0.029049,41300480,-0.027877,LOW,
run_448c1322,internal,vision_cifar100,2026-03-03T06:18:53.185508+00:00,vision,cifar100,cnn,100,15749,0.35,,4.6052,1.0,1024.0,n_d_lr_grid,300356,0.001,128,0.0001,adam,12000,0.4988,0.477376,11284,418.19,0.029041,41300480,-0.021424,LOW,
run_48df7ad5,internal,vision_cifar100,2026-03-03T06:25:52.879982+00:00,vision,cifar100,cnn,100,15749,0.35,,4.6052,1.0,1024.0,n_d_lr_grid,300356,0.0003,128,0.0001,adam,12000,0.4098,0.369466,12000,418.67,0.029074,41300480,-0.040334,LOW,
run_92f836c1,internal,vision_cifar100,2026-03-03T06:32:52.610063+00:00,vision,cifar100,cnn,100,15749,0.35,,4.6052,1.0,1024.0,n_d_lr_grid,300356,0.0001,128,0.0001,adam,12000,0.2898,0.238851,11780,418.75,0.02908,41300480,-0.050949,LOW,
run_f0fd8653,internal,vision_cifar100,2026-03-03T06:39:55.273415+00:00,vision,cifar100,cnn,100,15749,0.35,,4.6052,1.0,1024.0,n_d_lr_grid,300356,3e-05,128,0.0001,adam,12000,0.187,0.136882,11780,421.68,0.029283,41300480,-0.050118,LOW,
run_1f6c6564,internal,vision_cifar100,2026-03-03T06:46:56.412139+00:00,vision,cifar100,cnn,100,15749,0.35,,4.6052,1.0,1024.0,n_d_lr_grid,664756,0.01,128,0.0001,adam,12000,0.4706,0.426676,9920,420.12,0.029175,90262272,-0.043924,LOW,
run_a69588d7,internal,vision_cifar100,2026-03-03T06:53:58.411605+00:00,vision,cifar100,cnn,100,15749,0.35,,4.6052,1.0,1024.0,n_d_lr_grid,664756,0.003,128,0.0001,adam,12000,0.5392,0.558594,9796,421.05,0.029239,90262272,0.019394,LOW,
run_2cb14689,internal,vision_cifar100,2026-03-03T07:01:00.069552+00:00,vision,cifar100,cnn,100,15749,0.35,,4.6052,1.0,1024.0,n_d_lr_grid,664756,0.001,128,0.0001,adam,12000,0.5472,0.604736,12000,420.66,0.029212,90262272,0.057536,MEDIUM,
run_8976cf54,internal,vision_cifar100,2026-03-03T07:08:02.377776+00:00,vision,cifar100,cnn,100,15749,0.35,,4.6052,1.0,1024.0,n_d_lr_grid,664756,0.0003,128,0.0001,adam,12000,0.4942,0.480387,12000,421.34,0.02926,90262272,-0.013813,LOW,
run_98a8cc1d,internal,vision_cifar100,2026-03-03T07:15:03.227333+00:00,vision,cifar100,cnn,100,15749,0.35,,4.6052,1.0,1024.0,n_d_lr_grid,664756,0.0001,128,0.0001,adam,12000,0.3714,0.330811,12000,419.81,0.029154,90262272,-0.040589,LOW,
run_7998fb92,internal,vision_cifar100,2026-03-03T07:22:06.861866+00:00,vision,cifar100,cnn,100,15749,0.35,,4.6052,1.0,1024.0,n_d_lr_grid,664756,3e-05,128,0.0001,adam,12000,0.2382,0.183187,12000,422.64,0.02935,90262272,-0.055013,LOW,
run_85e4d216,internal,vision_cifar100,2026-03-03T07:29:11.476355+00:00,vision,cifar100,cnn,100,15749,0.35,,4.6052,1.0,1024.0,n_d_lr_grid,1172004,0.01,128,0.0001,adam,12000,0.4804,0.448568,12000,423.65,0.02942,158098432,-0.031832,LOW,
run_d8bf8dc6,internal,vision_cifar100,2026-03-03T07:36:16.486832+00:00,vision,cifar100,cnn,100,15749,0.35,,4.6052,1.0,1024.0,n_d_lr_grid,1172004,0.003,128,0.0001,adam,12000,0.559,0.615885,11160,424.04,0.029447,158098432,0.056885,MEDIUM,
run_516948cc,internal,vision_cifar100,2026-03-03T07:43:20.866309+00:00,vision,cifar100,cnn,100,15749,0.35,,4.6052,1.0,1024.0,n_d_lr_grid,1172004,0.001,128,0.0001,adam,12000,0.5708,0.712321,10416,423.38,0.029402,158098432,0.141521,MEDIUM,
run_2deb0e12,internal,vision_cifar100,2026-03-03T07:50:26.684913+00:00,vision,cifar100,cnn,100,15749,0.35,,4.6052,1.0,1024.0,n_d_lr_grid,1172004,0.0003,128,0.0001,adam,12000,0.5392,0.602783,11904,424.74,0.029496,158098432,0.063583,MEDIUM,
run_40ac55b6,internal,vision_cifar100,2026-03-03T07:57:30.954514+00:00,vision,cifar100,cnn,100,15749,0.35,,4.6052,1.0,1024.0,n_d_lr_grid,1172004,0.0001,128,0.0001,adam,12000,0.445,0.420492,12000,423.26,0.029393,158098432,-0.024508,LOW,
run_fbe45bf3,internal,vision_cifar100,2026-03-03T08:04:37.153526+00:00,vision,cifar100,cnn,100,15749,0.35,,4.6052,1.0,1024.0,n_d_lr_grid,1172004,3e-05,128,0.0001,adam,12000,0.2974,0.249674,12000,425.18,0.029526,158098432,-0.047726,LOW,
run_14510d26,internal,vision_cifar100,2026-03-03T08:13:16.794499+00:00,vision,cifar100,cnn,100,15749,0.35,,4.6052,1.0,1024.0,n_d_lr_grid,2615044,0.01,128,0.0001,adam,12000,0.4592,0.460286,9176,518.61,0.036015,350393856,0.001086,LOW,
run_bc89dcc3,internal,vision_cifar100,2026-03-03T08:22:04.025503+00:00,vision,cifar100,cnn,100,15749,0.35,,4.6052,1.0,1024.0,n_d_lr_grid,2615044,0.003,128,0.0001,adam,12000,0.5618,0.667318,9672,526.26,0.036546,350393856,0.105518,MEDIUM,
run_3c0c7f36,internal,vision_cifar100,2026-03-03T08:30:53.712489+00:00,vision,cifar100,cnn,100,15749,0.35,,4.6052,1.0,1024.0,n_d_lr_grid,2615044,0.001,128,0.0001,adam,12000,0.5878,0.818522,11160,528.7,0.036715,350393856,0.230722,HIGH,
run_43e79d35,internal,vision_cifar100,2026-03-03T08:39:45.881422+00:00,vision,cifar100,cnn,100,15749,0.35,,4.6052,1.0,1024.0,n_d_lr_grid,2615044,0.0003,128,0.0001,adam,12000,0.5884,0.777181,11160,531.18,0.036888,350393856,0.188781,HIGH,
run_6dd8f4e6,internal,vision_cifar100,2026-03-03T08:48:38.103591+00:00,vision,cifar100,cnn,100,15749,0.35,,4.6052,1.0,1024.0,n_d_lr_grid,2615044,0.0001,128,0.0001,adam,12000,0.512,0.553385,11780,531.2,0.036889,350393856,0.041385,LOW,
run_dd4f4d2e,internal,vision_cifar100,2026-03-03T08:57:31.274251+00:00,vision,cifar100,cnn,100,15749,0.35,,4.6052,1.0,1024.0,n_d_lr_grid,2615044,3e-05,128,0.0001,adam,12000,0.3624,0.33374,11904,532.15,0.036955,350393856,-0.02866,LOW,
run_45784777,internal,vision_cifar100,2026-03-03T09:09:44.178388+00:00,vision,cifar100,cnn,100,15749,0.35,,4.6052,1.0,1024.0,n_d_lr_grid,4629476,0.01,128,0.0001,adam,12000,0.454,0.452799,9424,731.89,0.050826,618186752,-0.001201,LOW,
run_2956c8fe,internal,vision_cifar100,2026-03-03T09:22:11.139807+00:00,vision,cifar100,cnn,100,15749,0.35,,4.6052,1.0,1024.0,n_d_lr_grid,4629476,0.003,128,0.0001,adam,12000,0.5536,0.695068,11656,745.95,0.051802,618186752,0.141468,MEDIUM,
run_ce9e41b0,internal,vision_cifar100,2026-03-03T09:34:45.591973+00:00,vision,cifar100,cnn,100,15749,0.35,,4.6052,1.0,1024.0,n_d_lr_grid,4629476,0.001,128,0.0001,adam,12000,0.5884,0.860677,9424,753.44,0.052322,618186752,0.272277,HIGH,
run_05f4536f,internal,vision_cifar100,2026-03-03T09:47:23.627344+00:00,vision,cifar100,cnn,100,15749,0.35,,4.6052,1.0,1024.0,n_d_lr_grid,4629476,0.0003,128,0.0001,adam,12000,0.6024,0.882161,11284,757.02,0.052571,618186752,0.279761,HIGH,
run_7ecc0550,internal,vision_cifar100,2026-03-03T10:00:03.533838+00:00,vision,cifar100,cnn,100,15749,0.35,,4.6052,1.0,1024.0,n_d_lr_grid,4629476,0.0001,128,0.0001,adam,12000,0.5398,0.65389,12000,758.9,0.052701,618186752,0.11409,MEDIUM,
run_8a0115bd,internal,vision_cifar100,2026-03-03T10:12:43.057642+00:00,vision,cifar100,cnn,100,15749,0.35,,4.6052,1.0,1024.0,n_d_lr_grid,4629476,3e-05,128,0.0001,adam,12000,0.4156,0.405843,12000,758.51,0.052674,618186752,-0.009757,LOW,
run_38bc201e,internal,vision_cifar100,2026-03-03T10:19:07.283847+00:00,vision,cifar100,cnn,100,22500,0.5,,4.6052,1.0,1024.0,n_d_lr_grid,78804,0.01,128,0.0001,adam,12000,0.3462,0.268799,10736,383.28,0.026617,11213056,-0.077401,LOW,
run_6ace4c6e,internal,vision_cifar100,2026-03-03T10:25:32.533160+00:00,vision,cifar100,cnn,100,22500,0.5,,4.6052,1.0,1024.0,n_d_lr_grid,78804,0.003,128,0.0001,adam,12000,0.3918,0.304688,12000,384.22,0.026682,11213056,-0.087112,LOW,
run_81542c84,internal,vision_cifar100,2026-03-03T10:31:49.026008+00:00,vision,cifar100,cnn,100,22500,0.5,,4.6052,1.0,1024.0,n_d_lr_grid,78804,0.001,128,0.0001,adam,12000,0.3588,0.273926,12000,375.55,0.02608,11213056,-0.084874,LOW,
run_2c4591c4,internal,vision_cifar100,2026-03-03T10:38:12.053696+00:00,vision,cifar100,cnn,100,22500,0.5,,4.6052,1.0,1024.0,n_d_lr_grid,78804,0.0003,128,0.0001,adam,12000,0.2464,0.192627,11440,382.05,0.026531,11213056,-0.053773,LOW,
run_3636b546,internal,vision_cifar100,2026-03-03T10:44:36.390507+00:00,vision,cifar100,cnn,100,22500,0.5,,4.6052,1.0,1024.0,n_d_lr_grid,78804,0.0001,128,0.0001,adam,12000,0.1706,0.125,11968,383.41,0.026626,11213056,-0.0456,LOW,
run_89657010,internal,vision_cifar100,2026-03-03T10:50:59.696845+00:00,vision,cifar100,cnn,100,22500,0.5,,4.6052,1.0,1024.0,n_d_lr_grid,78804,3e-05,128,0.0001,adam,12000,0.115,0.074951,11968,382.38,0.026554,11213056,-0.040049,LOW,
run_ea059e99,internal,vision_cifar100,2026-03-03T10:57:28.531048+00:00,vision,cifar100,cnn,100,22500,0.5,,4.6052,1.0,1024.0,n_d_lr_grid,300356,0.01,128,0.0001,adam,12000,0.4422,0.388916,9856,387.91,0.026938,41300480,-0.053284,LOW,
run_0159e8e0,internal,vision_cifar100,2026-03-03T11:03:51.315136+00:00,vision,cifar100,cnn,100,22500,0.5,,4.6052,1.0,1024.0,n_d_lr_grid,300356,0.003,128,0.0001,adam,12000,0.5162,0.465332,11440,381.82,0.026515,41300480,-0.050868,LOW,
run_4887d367,internal,vision_cifar100,2026-03-03T11:10:17.331105+00:00,vision,cifar100,cnn,100,22500,0.5,,4.6052,1.0,1024.0,n_d_lr_grid,300356,0.001,128,0.0001,adam,12000,0.5046,0.452637,11440,385.04,0.026739,41300480,-0.051963,LOW,
run_f248e510,internal,vision_cifar100,2026-03-03T11:16:42.376745+00:00,vision,cifar100,cnn,100,22500,0.5,,4.6052,1.0,1024.0,n_d_lr_grid,300356,0.0003,128,0.0001,adam,12000,0.42,0.351562,11968,384.04,0.02667,41300480,-0.068437,LOW,
run_5b3ffad9,internal,vision_cifar100,2026-03-03T11:23:06.161911+00:00,vision,cifar100,cnn,100,22500,0.5,,4.6052,1.0,1024.0,n_d_lr_grid,300356,0.0001,128,0.0001,adam,12000,0.2888,0.230225,12000,382.86,0.026588,41300480,-0.058575,LOW,
run_a95dd2da,internal,vision_cifar100,2026-03-03T11:29:31.604626+00:00,vision,cifar100,cnn,100,22500,0.5,,4.6052,1.0,1024.0,n_d_lr_grid,300356,3e-05,128,0.0001,adam,12000,0.1854,0.129883,12000,384.49,0.026701,41300480,-0.055517,LOW,
run_f5f74c85,internal,vision_cifar100,2026-03-03T11:35:55.706612+00:00,vision,cifar100,cnn,100,22500,0.5,,4.6052,1.0,1024.0,n_d_lr_grid,664756,0.01,128,0.0001,adam,12000,0.4682,0.427246,11440,383.15,0.026608,90262272,-0.040954,LOW,
run_db1341d1,internal,vision_cifar100,2026-03-03T11:42:20.718289+00:00,vision,cifar100,cnn,100,22500,0.5,,4.6052,1.0,1024.0,n_d_lr_grid,664756,0.003,128,0.0001,adam,12000,0.5554,0.550537,11616,384.12,0.026675,90262272,-0.004863,LOW,
run_15967f44,internal,vision_cifar100,2026-03-03T11:48:43.214021+00:00,vision,cifar100,cnn,100,22500,0.5,,4.6052,1.0,1024.0,n_d_lr_grid,664756,0.001,128,0.0001,adam,12000,0.5698,0.572998,11088,381.53,0.026495,90262272,0.003198,LOW,
run_6e1fe0c7,internal,vision_cifar100,2026-03-03T11:55:10.178060+00:00,vision,cifar100,cnn,100,22500,0.5,,4.6052,1.0,1024.0,n_d_lr_grid,664756,0.0003,128,0.0001,adam,12000,0.5088,0.469971,11968,386.0,0.026806,90262272,-0.038829,LOW,
run_6b15fbe9,internal,vision_cifar100,2026-03-03T12:01:32.913574+00:00,vision,cifar100,cnn,100,22500,0.5,,4.6052,1.0,1024.0,n_d_lr_grid,664756,0.0001,128,0.0001,adam,12000,0.3816,0.329834,11968,381.83,0.026516,90262272,-0.051766,LOW,
run_484d5aeb,internal,vision_cifar100,2026-03-03T12:07:58.468123+00:00,vision,cifar100,cnn,100,22500,0.5,,4.6052,1.0,1024.0,n_d_lr_grid,664756,3e-05,128,0.0001,adam,12000,0.239,0.193359,11616,384.59,0.026708,90262272,-0.045641,LOW,
run_ca686909,internal,vision_cifar100,2026-03-03T12:14:27.944239+00:00,vision,cifar100,cnn,100,22500,0.5,,4.6052,1.0,1024.0,n_d_lr_grid,1172004,0.01,128,0.0001,adam,12000,0.4788,0.447266,10384,388.53,0.026981,158098432,-0.031534,LOW,
run_f786954c,internal,vision_cifar100,2026-03-03T12:20:56.323555+00:00,vision,cifar100,cnn,100,22500,0.5,,4.6052,1.0,1024.0,n_d_lr_grid,1172004,0.003,128,0.0001,adam,12000,0.5844,0.599854,10208,387.44,0.026906,158098432,0.015454,LOW,
run_c5c18589,internal,vision_cifar100,2026-03-03T12:27:22.523435+00:00,vision,cifar100,cnn,100,22500,0.5,,4.6052,1.0,1024.0,n_d_lr_grid,1172004,0.001,128,0.0001,adam,12000,0.6014,0.674805,10560,385.23,0.026752,158098432,0.073405,MEDIUM,
run_47050a2d,internal,vision_cifar100,2026-03-03T12:33:52.172227+00:00,vision,cifar100,cnn,100,22500,0.5,,4.6052,1.0,1024.0,n_d_lr_grid,1172004,0.0003,128,0.0001,adam,12000,0.5578,0.578613,11264,388.71,0.026993,158098432,0.020813,LOW,
run_11423247,internal,vision_cifar100,2026-03-03T12:40:20.749309+00:00,vision,cifar100,cnn,100,22500,0.5,,4.6052,1.0,1024.0,n_d_lr_grid,1172004,0.0001,128,0.0001,adam,12000,0.4448,0.398682,11792,387.6,0.026917,158098432,-0.046118,LOW,
run_7cb5e419,internal,vision_cifar100,2026-03-03T12:46:49.100360+00:00,vision,cifar100,cnn,100,22500,0.5,,4.6052,1.0,1024.0,n_d_lr_grid,1172004,3e-05,128,0.0001,adam,12000,0.3036,0.238281,11792,387.44,0.026906,158098432,-0.065319,LOW,
run_d5ec0cc0,internal,vision_cifar100,2026-03-03T13:04:32.862386+00:00,vision,cifar100,cnn,100,22500,0.5,,4.6052,1.0,1024.0,n_d_lr_grid,2615044,0.01,128,0.0001,adam,12000,0.4854,0.443115,12000,1062.8,0.073806,350393856,-0.042285,LOW,
run_68c4588c,internal,vision_cifar100,2026-03-03T13:16:56.818096+00:00,vision,cifar100,cnn,100,22500,0.5,,4.6052,1.0,1024.0,n_d_lr_grid,2615044,0.003,128,0.0001,adam,12000,0.586,0.619141,10736,743.03,0.0516,350393856,0.033141,LOW,
run_231b5ce0,internal,vision_cifar100,2026-03-03T13:26:17.482376+00:00,vision,cifar100,cnn,100,22500,0.5,,4.6052,1.0,1024.0,n_d_lr_grid,2615044,0.001,128,0.0001,adam,12000,0.6196,0.763672,10208,559.71,0.038869,350393856,0.144072,MEDIUM,
run_edfc39ed,internal,vision_cifar100,2026-03-03T13:34:34.128573+00:00,vision,cifar100,cnn,100,22500,0.5,,4.6052,1.0,1024.0,n_d_lr_grid,2615044,0.0003,128,0.0001,adam,12000,0.6128,0.708984,11088,495.72,0.034425,350393856,0.096184,MEDIUM,
run_b2d61524,internal,vision_cifar100,2026-03-03T13:43:38.391842+00:00,vision,cifar100,cnn,100,22500,0.5,,4.6052,1.0,1024.0,n_d_lr_grid,2615044,0.0001,128,0.0001,adam,12000,0.5238,0.523438,12000,543.33,0.037732,350393856,-0.000363,LOW,
run_0c5f1bf1,internal,vision_cifar100,2026-03-03T13:56:10.765206+00:00,vision,cifar100,cnn,100,22500,0.5,,4.6052,1.0,1024.0,n_d_lr_grid,2615044,3e-05,128,0.0001,adam,12000,0.371,0.319336,11968,751.41,0.052181,350393856,-0.051664,LOW,
run_9dad58ae,internal,vision_cifar100,2026-03-03T14:16:38.521314+00:00,vision,cifar100,cnn,100,22500,0.5,,4.6052,1.0,1024.0,n_d_lr_grid,4629476,0.01,128,0.0001,adam,12000,0.466,0.456543,8800,1226.67,0.085185,618186752,-0.009457,LOW,
run_81905160,internal,vision_cifar100,2026-03-03T14:38:21.662821+00:00,vision,cifar100,cnn,100,22500,0.5,,4.6052,1.0,1024.0,n_d_lr_grid,4629476,0.003,128,0.0001,adam,12000,0.5866,0.644287,9856,1302.11,0.090425,618186752,0.057687,MEDIUM,
run_c2e93ce8,internal,vision_cifar100,2026-03-03T14:56:11.911663+00:00,vision,cifar100,cnn,100,22500,0.5,,4.6052,1.0,1024.0,n_d_lr_grid,4629476,0.001,128,0.0001,adam,12000,0.6244,0.805176,12000,1069.26,0.074254,618186752,0.180776,HIGH,
run_96da5de2,internal,vision_cifar100,2026-03-03T15:11:42.818190+00:00,vision,cifar100,cnn,100,22500,0.5,,4.6052,1.0,1024.0,n_d_lr_grid,4629476,0.0003,128,0.0001,adam,12000,0.6346,0.806641,11792,929.88,0.064575,618186752,0.172041,HIGH,
run_59eb5868,internal,vision_cifar100,2026-03-03T15:23:47.798837+00:00,vision,cifar100,cnn,100,22500,0.5,,4.6052,1.0,1024.0,n_d_lr_grid,4629476,0.0001,128,0.0001,adam,12000,0.5536,0.600342,11792,723.99,0.050277,618186752,0.046742,LOW,
run_7e2a1269,internal,vision_cifar100,2026-03-03T15:35:52.553038+00:00,vision,cifar100,cnn,100,22500,0.5,,4.6052,1.0,1024.0,n_d_lr_grid,4629476,3e-05,128,0.0001,adam,12000,0.4244,0.402344,12000,723.79,0.050263,618186752,-0.022056,LOW,
run_5aff5ad6,internal,vision_cifar100,2026-03-03T15:41:48.367065+00:00,vision,cifar100,cnn,100,33750,0.75,,4.6052,1.0,1024.0,n_d_lr_grid,78804,0.01,128,0.0001,adam,12000,0.3612,0.27207,10824,354.91,0.024647,11213056,-0.08913,LOW,
run_460f5cdd,internal,vision_cifar100,2026-03-03T15:47:41.935694+00:00,vision,cifar100,cnn,100,33750,0.75,,4.6052,1.0,1024.0,n_d_lr_grid,78804,0.003,128,0.0001,adam,12000,0.3944,0.297331,11616,352.61,0.024487,11213056,-0.097069,LOW,
run_dca2fe37,internal,vision_cifar100,2026-03-03T15:53:39.284071+00:00,vision,cifar100,cnn,100,33750,0.75,,4.6052,1.0,1024.0,n_d_lr_grid,78804,0.001,128,0.0001,adam,12000,0.3596,0.267708,12000,356.42,0.024751,11213056,-0.091892,LOW,
run_e64a845b,internal,vision_cifar100,2026-03-03T15:59:33.966440+00:00,vision,cifar100,cnn,100,33750,0.75,,4.6052,1.0,1024.0,n_d_lr_grid,78804,0.0003,128,0.0001,adam,12000,0.2582,0.192448,11880,353.74,0.024565,11213056,-0.065752,LOW,
run_5d6fac27,internal,vision_cifar100,2026-03-03T16:05:35.244137+00:00,vision,cifar100,cnn,100,33750,0.75,,4.6052,1.0,1024.0,n_d_lr_grid,78804,0.0001,128,0.0001,adam,12000,0.1656,0.122526,11880,360.35,0.025024,11213056,-0.043074,LOW,
run_0a70c8dd,internal,vision_cifar100,2026-03-03T16:11:33.792646+00:00,vision,cifar100,cnn,100,33750,0.75,,4.6052,1.0,1024.0,n_d_lr_grid,78804,3e-05,128,0.0001,adam,12000,0.1124,0.074479,11616,357.61,0.024834,11213056,-0.037921,LOW,
run_1cbf5d46,internal,vision_cifar100,2026-03-03T16:17:30.315790+00:00,vision,cifar100,cnn,100,33750,0.75,,4.6052,1.0,1024.0,n_d_lr_grid,300356,0.01,128,0.0001,adam,12000,0.4488,0.364063,11616,355.53,0.02469,41300480,-0.084737,LOW,
run_fd245513,internal,vision_cifar100,2026-03-03T16:23:26.720697+00:00,vision,cifar100,cnn,100,33750,0.75,,4.6052,1.0,1024.0,n_d_lr_grid,300356,0.003,128,0.0001,adam,12000,0.5246,0.446549,11616,355.4,0.024681,41300480,-0.078051,LOW,
run_1d9b1366,internal,vision_cifar100,2026-03-03T16:29:24.399503+00:00,vision,cifar100,cnn,100,33750,0.75,,4.6052,1.0,1024.0,n_d_lr_grid,300356,0.001,128,0.0001,adam,12000,0.5158,0.450065,11088,356.66,0.024768,41300480,-0.065735,LOW,
run_efb21493,internal,vision_cifar100,2026-03-03T16:35:21.321631+00:00,vision,cifar100,cnn,100,33750,0.75,,4.6052,1.0,1024.0,n_d_lr_grid,300356,0.0003,128,0.0001,adam,12000,0.4236,0.350195,11880,355.92,0.024717,41300480,-0.073405,LOW,
run_6e6d4366,internal,vision_cifar100,2026-03-03T16:41:18.591873+00:00,vision,cifar100,cnn,100,33750,0.75,,4.6052,1.0,1024.0,n_d_lr_grid,300356,0.0001,128,0.0001,adam,12000,0.2914,0.229753,12000,356.32,0.024744,41300480,-0.061647,LOW,
run_8ade559a,internal,vision_cifar100,2026-03-03T16:47:15.720525+00:00,vision,cifar100,cnn,100,33750,0.75,,4.6052,1.0,1024.0,n_d_lr_grid,300356,3e-05,128,0.0001,adam,12000,0.186,0.133594,12000,356.18,0.024735,41300480,-0.052406,LOW,
run_70d4510d,internal,vision_cifar100,2026-03-03T16:53:14.562276+00:00,vision,cifar100,cnn,100,33750,0.75,,4.6052,1.0,1024.0,n_d_lr_grid,664756,0.01,128,0.0001,adam,12000,0.471,0.40026,11616,357.82,0.024849,90262272,-0.07074,LOW,
run_c02bbe34,internal,vision_cifar100,2026-03-03T16:59:12.523048+00:00,vision,cifar100,cnn,100,33750,0.75,,4.6052,1.0,1024.0,n_d_lr_grid,664756,0.003,128,0.0001,adam,12000,0.5702,0.519922,11616,356.97,0.024789,90262272,-0.050278,LOW,
run_56998e7f,internal,vision_cifar100,2026-03-03T17:05:12.109465+00:00,vision,cifar100,cnn,100,33750,0.75,,4.6052,1.0,1024.0,n_d_lr_grid,664756,0.001,128,0.0001,adam,12000,0.5862,0.547201,11616,358.57,0.024901,90262272,-0.038999,LOW,
run_9dbe793e,internal,vision_cifar100,2026-03-03T17:11:11.116778+00:00,vision,cifar100,cnn,100,33750,0.75,,4.6052,1.0,1024.0,n_d_lr_grid,664756,0.0003,128,0.0001,adam,12000,0.5176,0.456901,12000,358.01,0.024862,90262272,-0.060699,LOW,
run_92f5ee7b,internal,vision_cifar100,2026-03-03T17:17:09.976850+00:00,vision,cifar100,cnn,100,33750,0.75,,4.6052,1.0,1024.0,n_d_lr_grid,664756,0.0001,128,0.0001,adam,12000,0.3842,0.314714,11880,357.86,0.024852,90262272,-0.069486,LOW,
run_41a65a3e,internal,vision_cifar100,2026-03-03T17:23:08.624302+00:00,vision,cifar100,cnn,100,33750,0.75,,4.6052,1.0,1024.0,n_d_lr_grid,664756,3e-05,128,0.0001,adam,12000,0.246,0.188086,11616,357.65,0.024837,90262272,-0.057914,LOW,
run_69d2b6d7,internal,vision_cifar100,2026-03-03T17:29:08.902848+00:00,vision,cifar100,cnn,100,33750,0.75,,4.6052,1.0,1024.0,n_d_lr_grid,1172004,0.01,128,0.0001,adam,12000,0.4842,0.421549,10560,359.3,0.024951,158098432,-0.062651,LOW,
run_58f03a4c,internal,vision_cifar100,2026-03-03T17:35:10.489820+00:00,vision,cifar100,cnn,100,33750,0.75,,4.6052,1.0,1024.0,n_d_lr_grid,1172004,0.003,128,0.0001,adam,12000,0.5864,0.561393,11352,360.6,0.025042,158098432,-0.025007,LOW,
run_35ff7dd5,internal,vision_cifar100,2026-03-03T17:41:10.146702+00:00,vision,cifar100,cnn,100,33750,0.75,,4.6052,1.0,1024.0,n_d_lr_grid,1172004,0.001,128,0.0001,adam,12000,0.6148,0.626367,10560,358.63,0.024905,158098432,0.011567,LOW,
run_633a21a4,internal,vision_cifar100,2026-03-03T17:47:10.960894+00:00,vision,cifar100,cnn,100,33750,0.75,,4.6052,1.0,1024.0,n_d_lr_grid,1172004,0.0003,128,0.0001,adam,12000,0.5726,0.546615,11880,359.78,0.024985,158098432,-0.025985,LOW,
run_8fcef134,internal,vision_cifar100,2026-03-03T17:53:04.065297+00:00,vision,cifar100,cnn,100,33750,0.75,,4.6052,1.0,1024.0,n_d_lr_grid,1172004,0.0001,128,0.0001,adam,12000,0.4638,0.397721,11880,352.12,0.024452,158098432,-0.066079,LOW,
run_271f9b41,internal,vision_cifar100,2026-03-03T17:59:12.505958+00:00,vision,cifar100,cnn,100,33750,0.75,,4.6052,1.0,1024.0,n_d_lr_grid,1172004,3e-05,128,0.0001,adam,12000,0.3066,0.238411,11880,367.48,0.025519,158098432,-0.068189,LOW,
run_ef0fa5b8,internal,vision_cifar100,2026-03-03T18:06:54.098066+00:00,vision,cifar100,cnn,100,33750,0.75,,4.6052,1.0,1024.0,n_d_lr_grid,2615044,0.01,128,0.0001,adam,12000,0.4654,0.423503,11088,460.54,0.031982,350393856,-0.041897,LOW,
run_5a0f718a,internal,vision_cifar100,2026-03-03T18:14:47.952420+00:00,vision,cifar100,cnn,100,33750,0.75,,4.6052,1.0,1024.0,n_d_lr_grid,2615044,0.003,128,0.0001,adam,12000,0.5972,0.594596,12000,472.83,0.032835,350393856,-0.002604,LOW,
run_43e9adb3,internal,vision_cifar100,2026-03-03T18:22:43.730508+00:00,vision,cifar100,cnn,100,33750,0.75,,4.6052,1.0,1024.0,n_d_lr_grid,2615044,0.001,128,0.0001,adam,12000,0.6382,0.694401,12000,474.76,0.03297,350393856,0.056201,MEDIUM,
run_6d10f110,internal,vision_cifar100,2026-03-03T18:30:41.533182+00:00,vision,cifar100,cnn,100,33750,0.75,,4.6052,1.0,1024.0,n_d_lr_grid,2615044,0.0003,128,0.0001,adam,12000,0.6336,0.656055,11880,476.78,0.03311,350393856,0.022455,LOW,
run_77c050b1,internal,vision_cifar100,2026-03-03T18:38:40.617495+00:00,vision,cifar100,cnn,100,33750,0.75,,4.6052,1.0,1024.0,n_d_lr_grid,2615044,0.0001,128,0.0001,adam,12000,0.5354,0.502865,11880,478.1,0.033201,350393856,-0.032535,LOW,
run_b932e47c,internal,vision_cifar100,2026-03-03T18:46:39.439402+00:00,vision,cifar100,cnn,100,33750,0.75,,4.6052,1.0,1024.0,n_d_lr_grid,2615044,3e-05,128,0.0001,adam,12000,0.3736,0.316276,11616,477.79,0.03318,350393856,-0.057324,LOW,
run_ed9c6a4c,internal,vision_cifar100,2026-03-03T18:57:56.325545+00:00,vision,cifar100,cnn,100,33750,0.75,,4.6052,1.0,1024.0,n_d_lr_grid,4629476,0.01,128,0.0001,adam,12000,0.4654,0.420508,11880,675.87,0.046935,618186752,-0.044892,LOW,
run_ca85f5c5,internal,vision_cifar100,2026-03-03T19:09:27.539420+00:00,vision,cifar100,cnn,100,33750,0.75,,4.6052,1.0,1024.0,n_d_lr_grid,4629476,0.003,128,0.0001,adam,12000,0.589,0.605013,11616,690.17,0.047929,618186752,0.016013,LOW,
run_4d8431da,internal,vision_cifar100,2026-03-03T19:21:05.858345+00:00,vision,cifar100,cnn,100,33750,0.75,,4.6052,1.0,1024.0,n_d_lr_grid,4629476,0.001,128,0.0001,adam,12000,0.6512,0.732878,11352,697.31,0.048424,618186752,0.081678,MEDIUM,
run_c879065f,internal,vision_cifar100,2026-03-03T19:32:47.435487+00:00,vision,cifar100,cnn,100,33750,0.75,,4.6052,1.0,1024.0,n_d_lr_grid,4629476,0.0003,128,0.0001,adam,12000,0.6576,0.731966,12000,700.56,0.04865,618186752,0.074366,MEDIUM,
run_ec574402,internal,vision_cifar100,2026-03-03T19:44:31.244411+00:00,vision,cifar100,cnn,100,33750,0.75,,4.6052,1.0,1024.0,n_d_lr_grid,4629476,0.0001,128,0.0001,adam,12000,0.5792,0.574349,12000,702.8,0.048806,618186752,-0.004851,LOW,
run_2b400dab,internal,vision_cifar100,2026-03-03T19:56:14.613886+00:00,vision,cifar100,cnn,100,33750,0.75,,4.6052,1.0,1024.0,n_d_lr_grid,4629476,3e-05,128,0.0001,adam,12000,0.4274,0.385091,11880,702.36,0.048775,618186752,-0.042309,LOW,
run_d802b30a,internal,vision_cifar100,2026-03-03T20:01:57.619689+00:00,vision,cifar100,cnn,100,45000,1.0,,4.6052,1.0,1024.0,n_d_lr_grid,78804,0.01,128,0.0001,adam,12000,0.3548,0.268311,9504,342.06,0.023754,11213056,-0.086489,LOW,
run_f11b0c38,internal,vision_cifar100,2026-03-03T20:07:40.509947+00:00,vision,cifar100,cnn,100,45000,1.0,,4.6052,1.0,1024.0,n_d_lr_grid,78804,0.003,128,0.0001,adam,12000,0.3936,0.297119,9856,341.91,0.023744,11213056,-0.096481,LOW,
run_cebaa9ff,internal,vision_cifar100,2026-03-03T20:13:22.532300+00:00,vision,cifar100,cnn,100,45000,1.0,,4.6052,1.0,1024.0,n_d_lr_grid,78804,0.001,128,0.0001,adam,12000,0.3446,0.264648,11616,341.04,0.023683,11213056,-0.079952,LOW,
run_68f3b52b,internal,vision_cifar100,2026-03-03T20:19:05.165989+00:00,vision,cifar100,cnn,100,45000,1.0,,4.6052,1.0,1024.0,n_d_lr_grid,78804,0.0003,128,0.0001,adam,12000,0.2598,0.205322,11616,341.69,0.023728,11213056,-0.054478,LOW,
run_dbf15ddc,internal,vision_cifar100,2026-03-03T20:24:48.003835+00:00,vision,cifar100,cnn,100,45000,1.0,,4.6052,1.0,1024.0,n_d_lr_grid,78804,0.0001,128,0.0001,adam,12000,0.1714,0.126465,11616,341.86,0.023741,11213056,-0.044935,LOW,
run_7d665942,internal,vision_cifar100,2026-03-03T20:30:30.598585+00:00,vision,cifar100,cnn,100,45000,1.0,,4.6052,1.0,1024.0,n_d_lr_grid,78804,3e-05,128,0.0001,adam,12000,0.1166,0.082031,11968,341.65,0.023726,11213056,-0.034569,LOW,
run_d8ccb2ac,internal,vision_cifar100,2026-03-03T20:36:13.002480+00:00,vision,cifar100,cnn,100,45000,1.0,,4.6052,1.0,1024.0,n_d_lr_grid,300356,0.01,128,0.0001,adam,12000,0.4488,0.364746,11264,341.42,0.02371,41300480,-0.084054,LOW,
run_1b4b53be,internal,vision_cifar100,2026-03-03T20:41:56.885913+00:00,vision,cifar100,cnn,100,45000,1.0,,4.6052,1.0,1024.0,n_d_lr_grid,300356,0.003,128,0.0001,adam,12000,0.5286,0.449219,12000,342.93,0.023815,41300480,-0.079381,LOW,
run_5258cd1d,internal,vision_cifar100,2026-03-03T20:47:39.633959+00:00,vision,cifar100,cnn,100,45000,1.0,,4.6052,1.0,1024.0,n_d_lr_grid,300356,0.001,128,0.0001,adam,12000,0.5366,0.464111,12000,341.8,0.023736,41300480,-0.072489,LOW,
run_8723224f,internal,vision_cifar100,2026-03-03T20:53:24.260525+00:00,vision,cifar100,cnn,100,45000,1.0,,4.6052,1.0,1024.0,n_d_lr_grid,300356,0.0003,128,0.0001,adam,12000,0.4218,0.358154,11968,343.61,0.023862,41300480,-0.063646,LOW,
run_1fc4b1b1,internal,vision_cifar100,2026-03-03T20:59:08.509454+00:00,vision,cifar100,cnn,100,45000,1.0,,4.6052,1.0,1024.0,n_d_lr_grid,300356,0.0001,128,0.0001,adam,12000,0.2946,0.242432,11968,343.27,0.023838,41300480,-0.052168,LOW,
run_ddd123ea,internal,vision_cifar100,2026-03-03T21:04:51.967361+00:00,vision,cifar100,cnn,100,45000,1.0,,4.6052,1.0,1024.0,n_d_lr_grid,300356,3e-05,128,0.0001,adam,12000,0.1844,0.134033,11968,342.49,0.023784,41300480,-0.050367,LOW,
run_58b020a9,internal,vision_cifar100,2026-03-03T21:10:35.257773+00:00,vision,cifar100,cnn,100,45000,1.0,,4.6052,1.0,1024.0,n_d_lr_grid,664756,0.01,128,0.0001,adam,12000,0.4656,0.415039,9856,342.3,0.023771,90262272,-0.050561,LOW,
run_2b1515eb,internal,vision_cifar100,2026-03-03T21:16:20.121252+00:00,vision,cifar100,cnn,100,45000,1.0,,4.6052,1.0,1024.0,n_d_lr_grid,664756,0.003,128,0.0001,adam,12000,0.5708,0.530762,12000,343.89,0.023881,90262272,-0.040038,LOW,
run_f76fcd0a,internal,vision_cifar100,2026-03-03T21:22:04.702079+00:00,vision,cifar100,cnn,100,45000,1.0,,4.6052,1.0,1024.0,n_d_lr_grid,664756,0.001,128,0.0001,adam,12000,0.585,0.552246,11968,343.6,0.023861,90262272,-0.032754,LOW,
run_ce8ef958,internal,vision_cifar100,2026-03-03T21:27:48.986552+00:00,vision,cifar100,cnn,100,45000,1.0,,4.6052,1.0,1024.0,n_d_lr_grid,664756,0.0003,128,0.0001,adam,12000,0.5268,0.468018,12000,343.27,0.023838,90262272,-0.058782,LOW,
run_de20e187,internal,vision_cifar100,2026-03-03T21:33:32.994622+00:00,vision,cifar100,cnn,100,45000,1.0,,4.6052,1.0,1024.0,n_d_lr_grid,664756,0.0001,128,0.0001,adam,12000,0.3818,0.328613,12000,343.01,0.02382,90262272,-0.053187,LOW,
run_83f67dfb,internal,vision_cifar100,2026-03-03T21:39:15.840639+00:00,vision,cifar100,cnn,100,45000,1.0,,4.6052,1.0,1024.0,n_d_lr_grid,664756,3e-05,128,0.0001,adam,12000,0.242,0.182373,11968,341.86,0.02374,90262272,-0.059627,LOW,
run_bd9f844b,internal,vision_cifar100,2026-03-03T21:44:59.573988+00:00,vision,cifar100,cnn,100,45000,1.0,,4.6052,1.0,1024.0,n_d_lr_grid,1172004,0.01,128,0.0001,adam,12000,0.4658,0.414551,11968,342.74,0.023801,158098432,-0.051249,LOW,
run_bca2727e,internal,vision_cifar100,2026-03-03T21:50:46.860543+00:00,vision,cifar100,cnn,100,45000,1.0,,4.6052,1.0,1024.0,n_d_lr_grid,1172004,0.003,128,0.0001,adam,12000,0.5908,0.535156,9856,346.29,0.024048,158098432,-0.055644,LOW,
run_e96db6e1,internal,vision_cifar100,2026-03-03T21:56:32.988104+00:00,vision,cifar100,cnn,100,45000,1.0,,4.6052,1.0,1024.0,n_d_lr_grid,1172004,0.001,128,0.0001,adam,12000,0.6176,0.612793,12000,345.15,0.023969,158098432,-0.004807,LOW,
run_9edf9c83,internal,vision_cifar100,2026-03-03T22:02:19.357248+00:00,vision,cifar100,cnn,100,45000,1.0,,4.6052,1.0,1024.0,n_d_lr_grid,1172004,0.0003,128,0.0001,adam,12000,0.5846,0.530273,11968,345.36,0.023983,158098432,-0.054327,LOW,
run_b453b946,internal,vision_cifar100,2026-03-03T22:08:04.798439+00:00,vision,cifar100,cnn,100,45000,1.0,,4.6052,1.0,1024.0,n_d_lr_grid,1172004,0.0001,128,0.0001,adam,12000,0.461,0.390869,12000,344.48,0.023922,158098432,-0.070131,LOW,
run_6f2e9da3,internal,vision_cifar100,2026-03-03T22:13:50.880225+00:00,vision,cifar100,cnn,100,45000,1.0,,4.6052,1.0,1024.0,n_d_lr_grid,1172004,3e-05,128,0.0001,adam,12000,0.303,0.23584,12000,345.05,0.023962,158098432,-0.06716,LOW,
run_5e87ee24,internal,vision_cifar100,2026-03-03T22:21:20.855556+00:00,vision,cifar100,cnn,100,45000,1.0,,4.6052,1.0,1024.0,n_d_lr_grid,2615044,0.01,128,0.0001,adam,12000,0.471,0.438232,11968,449.0,0.03118,350393856,-0.032768,LOW,
run_65422ada,internal,vision_cifar100,2026-03-03T22:29:02.320254+00:00,vision,cifar100,cnn,100,45000,1.0,,4.6052,1.0,1024.0,n_d_lr_grid,2615044,0.003,128,0.0001,adam,12000,0.6048,0.579346,10208,460.49,0.031978,350393856,-0.025454,LOW,
run_f08739d7,internal,vision_cifar100,2026-03-03T22:36:46.613262+00:00,vision,cifar100,cnn,100,45000,1.0,,4.6052,1.0,1024.0,n_d_lr_grid,2615044,0.001,128,0.0001,adam,12000,0.6556,0.680176,11968,463.29,0.032173,350393856,0.024576,LOW,
run_e524cc36,internal,vision_cifar100,2026-03-03T22:44:33.336098+00:00,vision,cifar100,cnn,100,45000,1.0,,4.6052,1.0,1024.0,n_d_lr_grid,2615044,0.0003,128,0.0001,adam,12000,0.6388,0.635986,12000,465.71,0.032341,350393856,-0.002814,LOW,
run_e9638e16,internal,vision_cifar100,2026-03-03T22:52:19.329763+00:00,vision,cifar100,cnn,100,45000,1.0,,4.6052,1.0,1024.0,n_d_lr_grid,2615044,0.0001,128,0.0001,adam,12000,0.542,0.499756,11968,464.98,0.03229,350393856,-0.042244,LOW,
run_71636ffa,internal,vision_cifar100,2026-03-03T23:00:05.456530+00:00,vision,cifar100,cnn,100,45000,1.0,,4.6052,1.0,1024.0,n_d_lr_grid,2615044,3e-05,128,0.0001,adam,12000,0.3828,0.318604,12000,465.12,0.0323,350393856,-0.064196,LOW,
run_f9ab6d90,internal,vision_cifar100,2026-03-03T23:11:10.495255+00:00,vision,cifar100,cnn,100,45000,1.0,,4.6052,1.0,1024.0,n_d_lr_grid,4629476,0.01,128,0.0001,adam,12000,0.4768,0.443848,11264,664.01,0.046112,618186752,-0.032952,LOW,
run_b7b690c2,internal,vision_cifar100,2026-03-03T23:22:28.943323+00:00,vision,cifar100,cnn,100,45000,1.0,,4.6052,1.0,1024.0,n_d_lr_grid,4629476,0.003,128,0.0001,adam,12000,0.6036,0.592529,11968,677.44,0.047045,618186752,-0.011071,LOW,
run_2d9207fc,internal,vision_cifar100,2026-03-03T23:33:54.067132+00:00,vision,cifar100,cnn,100,45000,1.0,,4.6052,1.0,1024.0,n_d_lr_grid,4629476,0.001,128,0.0001,adam,12000,0.6622,0.700928,11968,684.12,0.047508,618186752,0.038728,LOW,
run_141f8f40,internal,vision_cifar100,2026-03-03T23:45:23.014054+00:00,vision,cifar100,cnn,100,45000,1.0,,4.6052,1.0,1024.0,n_d_lr_grid,4629476,0.0003,128,0.0001,adam,12000,0.6644,0.701172,11968,687.94,0.047773,618186752,0.036772,LOW,
run_965a8474,internal,vision_cifar100,2026-03-03T23:56:52.601534+00:00,vision,cifar100,cnn,100,45000,1.0,,4.6052,1.0,1024.0,n_d_lr_grid,4629476,0.0001,128,0.0001,adam,12000,0.5922,0.567383,11968,688.57,0.047818,618186752,-0.024817,LOW,
run_56d772db,internal,vision_cifar100,2026-03-04T00:08:22.451884+00:00,vision,cifar100,cnn,100,45000,1.0,,4.6052,1.0,1024.0,n_d_lr_grid,4629476,3e-05,128,0.0001,adam,12000,0.4336,0.386719,11968,688.87,0.047838,618186752,-0.046881,LOW,
run_bdf95a89,internal,vision_stl10,2026-03-09T21:45:37.362534+00:00,vision,stl10,cnn,10,400,0.1,,2.3026,1.0,9216.0,n_d_lr_grid,72954,0.01,64,0.0001,adam,8000,0.382,0.96875,1267,860.04,0.059725,11207296,0.58675,HIGH,
run_7a43910b,internal,vision_stl10,2026-03-09T22:00:03.853129+00:00,vision,stl10,cnn,10,400,0.1,,2.3026,1.0,9216.0,n_d_lr_grid,72954,0.003,64,0.0001,adam,8000,0.401,0.981771,1211,866.46,0.060171,11207296,0.580771,HIGH,
run_9cf41a52,internal,vision_stl10,2026-03-09T22:14:46.849858+00:00,vision,stl10,cnn,10,400,0.1,,2.3026,1.0,9216.0,n_d_lr_grid,72954,0.001,64,0.0001,adam,8000,0.421,0.96875,1442,882.97,0.061317,11207296,0.54775,HIGH,
run_d58dcbb5,internal,vision_stl10,2026-03-09T22:29:50.139762+00:00,vision,stl10,cnn,10,400,0.1,,2.3026,1.0,9216.0,n_d_lr_grid,72954,0.0003,64,0.0001,adam,8000,0.403,0.945312,3864,903.26,0.062727,11207296,0.542312,HIGH,
run_2c6a85a7,internal,vision_stl10,2026-03-09T22:44:48.029603+00:00,vision,stl10,cnn,10,400,0.1,,2.3026,1.0,9216.0,n_d_lr_grid,72954,0.0001,64,0.0001,adam,8000,0.386,0.773438,6321,897.86,0.062352,11207296,0.387437,HIGH,
run_5b2f8272,internal,vision_stl10,2026-03-09T22:59:50.162177+00:00,vision,stl10,cnn,10,400,0.1,,2.3026,1.0,9216.0,n_d_lr_grid,72954,3e-05,64,0.0001,adam,8000,0.354,0.466146,7714,902.07,0.062644,11207296,0.112146,MEDIUM,
run_fb2d41d1,internal,vision_stl10,2026-03-09T23:14:48.803211+00:00,vision,stl10,cnn,10,400,0.1,,2.3026,1.0,9216.0,n_d_lr_grid,288746,0.01,64,0.0001,adam,8000,0.383,0.979167,3297,898.61,0.062404,41288960,0.596167,HIGH,
run_628a0f2a,internal,vision_stl10,2026-03-09T23:29:50.167835+00:00,vision,stl10,cnn,10,400,0.1,,2.3026,1.0,9216.0,n_d_lr_grid,288746,0.003,64,0.0001,adam,8000,0.418,0.989583,805,901.33,0.062593,41288960,0.571583,HIGH,
run_df077618,internal,vision_stl10,2026-03-09T23:44:51.811657+00:00,vision,stl10,cnn,10,400,0.1,,2.3026,1.0,9216.0,n_d_lr_grid,288746,0.001,64,0.0001,adam,8000,0.42,0.997396,2051,901.62,0.062612,41288960,0.577396,HIGH,
run_20e2fa5a,internal,vision_stl10,2026-03-09T23:59:54.596774+00:00,vision,stl10,cnn,10,400,0.1,,2.3026,1.0,9216.0,n_d_lr_grid,288746,0.0003,64,0.0001,adam,8000,0.415,0.997396,6153,902.75,0.062691,41288960,0.582396,HIGH,
run_1ceb06c3,internal,vision_stl10,2026-03-10T00:14:54.779309+00:00,vision,stl10,cnn,10,400,0.1,,2.3026,1.0,9216.0,n_d_lr_grid,288746,0.0001,64,0.0001,adam,8000,0.413,0.973958,6251,900.15,0.062511,41288960,0.560958,HIGH,
run_b6f26162,internal,vision_stl10,2026-03-10T00:29:56.997247+00:00,vision,stl10,cnn,10,400,0.1,,2.3026,1.0,9216.0,n_d_lr_grid,288746,3e-05,64,0.0001,adam,8000,0.398,0.6875,6930,902.19,0.062652,41288960,0.2895,HIGH,
run_440297e8,internal,vision_stl10,2026-03-10T00:45:09.448493+00:00,vision,stl10,cnn,10,400,0.1,,2.3026,1.0,9216.0,n_d_lr_grid,647386,0.01,64,0.0001,adam,8000,0.386,0.960938,2688,912.42,0.063362,90244992,0.574937,HIGH,
run_5f976057,internal,vision_stl10,2026-03-10T01:00:17.331272+00:00,vision,stl10,cnn,10,400,0.1,,2.3026,1.0,9216.0,n_d_lr_grid,647386,0.003,64,0.0001,adam,8000,0.407,0.989583,231,907.85,0.063045,90244992,0.582583,HIGH,
run_2488723b,internal,vision_stl10,2026-03-10T01:15:23.579062+00:00,vision,stl10,cnn,10,400,0.1,,2.3026,1.0,9216.0,n_d_lr_grid,647386,0.001,64,0.0001,adam,8000,0.422,0.992188,5047,906.21,0.062931,90244992,0.570188,HIGH,
run_2d6ab76a,internal,vision_stl10,2026-03-10T01:30:30.722679+00:00,vision,stl10,cnn,10,400,0.1,,2.3026,1.0,9216.0,n_d_lr_grid,647386,0.0003,64,0.0001,adam,8000,0.415,1.0,1421,907.11,0.062993,90244992,0.585,HIGH,
run_490846af,internal,vision_stl10,2026-03-10T01:45:37.821376+00:00,vision,stl10,cnn,10,400,0.1,,2.3026,1.0,9216.0,n_d_lr_grid,647386,0.0001,64,0.0001,adam,8000,0.418,1.0,2646,907.06,0.06299,90244992,0.582,HIGH,
run_12fbce16,internal,vision_stl10,2026-03-10T02:00:43.742805+00:00,vision,stl10,cnn,10,400,0.1,,2.3026,1.0,9216.0,n_d_lr_grid,647386,3e-05,64,0.0001,adam,8000,0.409,0.877604,7224,905.89,0.062909,90244992,0.468604,HIGH,
run_432cf048,internal,vision_stl10,2026-03-10T02:15:49.262995+00:00,vision,stl10,cnn,10,400,0.1,,2.3026,1.0,9216.0,n_d_lr_grid,1148874,0.01,64,0.0001,adam,8000,0.387,0.976562,1029,905.48,0.06288,158075392,0.589562,HIGH,
run_d2c282e8,internal,vision_stl10,2026-03-10T02:30:52.253630+00:00,vision,stl10,cnn,10,400,0.1,,2.3026,1.0,9216.0,n_d_lr_grid,1148874,0.003,64,0.0001,adam,8000,0.399,0.997396,5880,902.92,0.062703,158075392,0.598396,HIGH,
run_1cd266d9,internal,vision_stl10,2026-03-10T02:46:00.336983+00:00,vision,stl10,cnn,10,400,0.1,,2.3026,1.0,9216.0,n_d_lr_grid,1148874,0.001,64,0.0001,adam,8000,0.429,1.0,5586,908.04,0.063059,158075392,0.571,HIGH,
run_19473780,internal,vision_stl10,2026-03-10T03:01:11.738998+00:00,vision,stl10,cnn,10,400,0.1,,2.3026,1.0,9216.0,n_d_lr_grid,1148874,0.0003,64,0.0001,adam,8000,0.438,1.0,3297,911.36,0.063289,158075392,0.562,HIGH,
run_1d905324,internal,vision_stl10,2026-03-10T03:16:22.794970+00:00,vision,stl10,cnn,10,400,0.1,,2.3026,1.0,9216.0,n_d_lr_grid,1148874,0.0001,64,0.0001,adam,8000,0.42,0.997396,5439,911.02,0.063265,158075392,0.577396,HIGH,
run_0bf73c5e,internal,vision_stl10,2026-03-10T03:31:32.625508+00:00,vision,stl10,cnn,10,400,0.1,,2.3026,1.0,9216.0,n_d_lr_grid,1148874,3e-05,64,0.0001,adam,8000,0.408,0.960938,7805,909.79,0.06318,158075392,0.552938,HIGH,
run_1cc1b20f,internal,vision_stl10,2026-03-10T03:47:04.108234+00:00,vision,stl10,cnn,10,400,0.1,,2.3026,1.0,9216.0,n_d_lr_grid,2580394,0.01,64,0.0001,adam,8000,0.389,0.981771,1596,931.43,0.064682,350359296,0.592771,HIGH,
run_02fdfbe0,internal,vision_stl10,2026-03-10T04:02:40.292468+00:00,vision,stl10,cnn,10,400,0.1,,2.3026,1.0,9216.0,n_d_lr_grid,2580394,0.003,64,0.0001,adam,8000,0.399,0.994792,4081,936.13,0.065009,350359296,0.595792,HIGH,
run_092512e2,internal,vision_stl10,2026-03-10T04:18:21.848859+00:00,vision,stl10,cnn,10,400,0.1,,2.3026,1.0,9216.0,n_d_lr_grid,2580394,0.001,64,0.0001,adam,8000,0.426,0.997396,1232,941.5,0.065382,350359296,0.571396,HIGH,
run_a40b8973,internal,vision_stl10,2026-03-10T04:33:57.903823+00:00,vision,stl10,cnn,10,400,0.1,,2.3026,1.0,9216.0,n_d_lr_grid,2580394,0.0003,64,0.0001,adam,8000,0.442,1.0,4466,935.99,0.065,350359296,0.558,HIGH,
run_b2046ff4,internal,vision_stl10,2026-03-10T04:49:37.031330+00:00,vision,stl10,cnn,10,400,0.1,,2.3026,1.0,9216.0,n_d_lr_grid,2580394,0.0001,64,0.0001,adam,8000,0.43,1.0,4270,939.07,0.065213,350359296,0.57,HIGH,
run_a369c862,internal,vision_stl10,2026-03-10T05:05:12.318184+00:00,vision,stl10,cnn,10,400,0.1,,2.3026,1.0,9216.0,n_d_lr_grid,2580394,3e-05,64,0.0001,adam,8000,0.422,1.0,7728,935.23,0.064947,350359296,0.578,HIGH,
run_a0c57678,internal,vision_stl10,2026-03-10T05:21:02.787765+00:00,vision,stl10,cnn,10,400,0.1,,2.3026,1.0,9216.0,n_d_lr_grid,4583306,0.01,64,0.0001,adam,8000,0.365,0.96875,4221,950.39,0.065999,618140672,0.60375,HIGH,
run_b0cfaccd,internal,vision_stl10,2026-03-10T05:37:38.285315+00:00,vision,stl10,cnn,10,400,0.1,,2.3026,1.0,9216.0,n_d_lr_grid,4583306,0.003,64,0.0001,adam,8000,0.385,0.973958,6090,995.41,0.069126,618140672,0.588958,HIGH,
run_cfb428b6,internal,vision_stl10,2026-03-10T05:53:34.885334+00:00,vision,stl10,cnn,10,400,0.1,,2.3026,1.0,9216.0,n_d_lr_grid,4583306,0.001,64,0.0001,adam,8000,0.419,0.994792,1197,956.52,0.066425,618140672,0.575792,HIGH,
run_129b17b1,internal,vision_stl10,2026-03-10T06:09:27.997810+00:00,vision,stl10,cnn,10,400,0.1,,2.3026,1.0,9216.0,n_d_lr_grid,4583306,0.0003,64,0.0001,adam,8000,0.429,1.0,4025,953.03,0.066183,618140672,0.571,HIGH,
run_2cf70c5a,internal,vision_stl10,2026-03-10T06:25:19.933960+00:00,vision,stl10,cnn,10,400,0.1,,2.3026,1.0,9216.0,n_d_lr_grid,4583306,0.0001,64,0.0001,adam,8000,0.434,0.997396,4522,951.82,0.066099,618140672,0.563396,HIGH,
run_e12f6d73,internal,vision_stl10,2026-03-10T06:41:11.892174+00:00,vision,stl10,cnn,10,400,0.1,,2.3026,1.0,9216.0,n_d_lr_grid,4583306,3e-05,64,0.0001,adam,8000,0.418,0.997396,2044,951.87,0.066102,618140672,0.579396,HIGH,
run_b6757cac,internal,vision_stl10,2026-03-10T06:50:36.371507+00:00,vision,stl10,cnn,10,800,0.2,,2.3026,1.0,9216.0,n_d_lr_grid,72954,0.01,64,0.0001,adam,8000,0.451,0.90625,1807,564.45,0.039198,11207296,0.45525,HIGH,
run_b7e01b0b,internal,vision_stl10,2026-03-10T07:00:01.808858+00:00,vision,stl10,cnn,10,800,0.2,,2.3026,1.0,9216.0,n_d_lr_grid,72954,0.003,64,0.0001,adam,8000,0.443,0.946875,988,565.39,0.039263,11207296,0.503875,HIGH,
run_3ea7b1f9,internal,vision_stl10,2026-03-10T07:09:28.145889+00:00,vision,stl10,cnn,10,800,0.2,,2.3026,1.0,9216.0,n_d_lr_grid,72954,0.001,64,0.0001,adam,8000,0.464,0.946875,2327,566.3,0.039326,11207296,0.482875,HIGH,
run_74477baa,internal,vision_stl10,2026-03-10T07:18:52.190941+00:00,vision,stl10,cnn,10,800,0.2,,2.3026,1.0,9216.0,n_d_lr_grid,72954,0.0003,64,0.0001,adam,8000,0.454,0.84375,3484,564.01,0.039168,11207296,0.38975,HIGH,
run_415ed068,internal,vision_stl10,2026-03-10T07:28:30.862169+00:00,vision,stl10,cnn,10,800,0.2,,2.3026,1.0,9216.0,n_d_lr_grid,72954,0.0001,64,0.0001,adam,8000,0.443,0.58125,6643,578.63,0.040183,11207296,0.13825,MEDIUM,
run_c1008716,internal,vision_stl10,2026-03-10T07:38:16.430511+00:00,vision,stl10,cnn,10,800,0.2,,2.3026,1.0,9216.0,n_d_lr_grid,72954,3e-05,64,0.0001,adam,8000,0.393,0.425,7553,585.45,0.040656,11207296,0.032,LOW,
run_1bcdfb59,internal,vision_stl10,2026-03-10T07:48:01.067975+00:00,vision,stl10,cnn,10,800,0.2,,2.3026,1.0,9216.0,n_d_lr_grid,288746,0.01,64,0.0001,adam,8000,0.447,0.9375,7670,584.45,0.040587,41288960,0.4905,HIGH,
run_c0ee4969,internal,vision_stl10,2026-03-10T07:57:47.974621+00:00,vision,stl10,cnn,10,800,0.2,,2.3026,1.0,9216.0,n_d_lr_grid,288746,0.003,64,0.0001,adam,8000,0.458,0.984375,1404,586.79,0.040749,41288960,0.526375,HIGH,
run_429aae68,internal,vision_stl10,2026-03-10T08:07:33.675715+00:00,vision,stl10,cnn,10,800,0.2,,2.3026,1.0,9216.0,n_d_lr_grid,288746,0.001,64,0.0001,adam,8000,0.475,0.984375,5915,585.56,0.040664,41288960,0.509375,HIGH,
run_cdc211bd,internal,vision_stl10,2026-03-10T08:17:25.636142+00:00,vision,stl10,cnn,10,800,0.2,,2.3026,1.0,9216.0,n_d_lr_grid,288746,0.0003,64,0.0001,adam,8000,0.479,0.990625,2756,591.85,0.0411,41288960,0.511625,HIGH,
run_069d7e8c,internal,vision_stl10,2026-03-10T08:27:10.190258+00:00,vision,stl10,cnn,10,800,0.2,,2.3026,1.0,9216.0,n_d_lr_grid,288746,0.0001,64,0.0001,adam,8000,0.482,0.896875,5213,584.43,0.040585,41288960,0.414875,HIGH,
run_d73b9c09,internal,vision_stl10,2026-03-10T08:36:54.518007+00:00,vision,stl10,cnn,10,800,0.2,,2.3026,1.0,9216.0,n_d_lr_grid,288746,3e-05,64,0.0001,adam,8000,0.446,0.565625,6526,584.21,0.04057,41288960,0.119625,MEDIUM,
run_9a6ad84e,internal,vision_stl10,2026-03-10T08:47:03.469198+00:00,vision,stl10,cnn,10,800,0.2,,2.3026,1.0,9216.0,n_d_lr_grid,647386,0.01,64,0.0001,adam,8000,0.445,0.934375,1339,608.91,0.042285,90244992,0.489375,HIGH,
run_aea6421a,internal,vision_stl10,2026-03-10T08:57:13.767448+00:00,vision,stl10,cnn,10,800,0.2,,2.3026,1.0,9216.0,n_d_lr_grid,647386,0.003,64,0.0001,adam,8000,0.472,0.990625,910,610.18,0.042374,90244992,0.518625,HIGH,
run_88386a2d,internal,vision_stl10,2026-03-10T09:07:26.169592+00:00,vision,stl10,cnn,10,800,0.2,,2.3026,1.0,9216.0,n_d_lr_grid,647386,0.001,64,0.0001,adam,8000,0.504,1.0,2119,612.3,0.042521,90244992,0.496,HIGH,
run_873c2da7,internal,vision_stl10,2026-03-10T09:17:36.036586+00:00,vision,stl10,cnn,10,800,0.2,,2.3026,1.0,9216.0,n_d_lr_grid,647386,0.0003,64,0.0001,adam,8000,0.494,0.99375,7111,609.71,0.042341,90244992,0.49975,HIGH,
run_a2fd832c,internal,vision_stl10,2026-03-10T09:27:45.336790+00:00,vision,stl10,cnn,10,800,0.2,,2.3026,1.0,9216.0,n_d_lr_grid,647386,0.0001,64,0.0001,adam,8000,0.488,1.0,6071,609.25,0.042309,90244992,0.512,HIGH,
run_5f02217d,internal,vision_stl10,2026-03-10T09:37:55.789242+00:00,vision,stl10,cnn,10,800,0.2,,2.3026,1.0,9216.0,n_d_lr_grid,647386,3e-05,64,0.0001,adam,8000,0.476,0.7125,5993,610.33,0.042384,90244992,0.2365,HIGH,
run_777819b1,internal,vision_stl10,2026-03-10T09:48:17.433465+00:00,vision,stl10,cnn,10,800,0.2,,2.3026,1.0,9216.0,n_d_lr_grid,1148874,0.01,64,0.0001,adam,8000,0.446,0.96875,2613,621.52,0.043161,158075392,0.52275,HIGH,
run_3412f33c,internal,vision_stl10,2026-03-10T09:58:45.196052+00:00,vision,stl10,cnn,10,800,0.2,,2.3026,1.0,9216.0,n_d_lr_grid,1148874,0.003,64,0.0001,adam,8000,0.486,0.996875,832,627.62,0.043585,158075392,0.510875,HIGH,
run_b1041c2c,internal,vision_stl10,2026-03-10T10:09:06.648624+00:00,vision,stl10,cnn,10,800,0.2,,2.3026,1.0,9216.0,n_d_lr_grid,1148874,0.001,64,0.0001,adam,8000,0.486,1.0,1157,621.33,0.043148,158075392,0.514,HIGH,
run_ecc566e9,internal,vision_stl10,2026-03-10T10:19:30.276764+00:00,vision,stl10,cnn,10,800,0.2,,2.3026,1.0,9216.0,n_d_lr_grid,1148874,0.0003,64,0.0001,adam,8000,0.513,1.0,5122,623.53,0.043301,158075392,0.487,HIGH,
run_de596a19,internal,vision_stl10,2026-03-10T10:29:51.947313+00:00,vision,stl10,cnn,10,800,0.2,,2.3026,1.0,9216.0,n_d_lr_grid,1148874,0.0001,64,0.0001,adam,8000,0.494,0.996875,6435,621.55,0.043163,158075392,0.502875,HIGH,
run_a766b728,internal,vision_stl10,2026-03-10T10:40:16.491399+00:00,vision,stl10,cnn,10,800,0.2,,2.3026,1.0,9216.0,n_d_lr_grid,1148874,3e-05,64,0.0001,adam,8000,0.477,0.840625,7839,624.43,0.043363,158075392,0.363625,HIGH,
run_dc8b6f1a,internal,vision_stl10,2026-03-10T10:52:39.872178+00:00,vision,stl10,cnn,10,800,0.2,,2.3026,1.0,9216.0,n_d_lr_grid,2580394,0.01,64,0.0001,adam,8000,0.439,0.953125,2418,743.22,0.051612,350359296,0.514125,HIGH,
run_186e5c5c,internal,vision_stl10,2026-03-10T11:05:04.123516+00:00,vision,stl10,cnn,10,800,0.2,,2.3026,1.0,9216.0,n_d_lr_grid,2580394,0.003,64,0.0001,adam,8000,0.475,0.990625,1430,744.09,0.051673,350359296,0.515625,HIGH,
run_fe9abcea,internal,vision_stl10,2026-03-10T11:17:26.680956+00:00,vision,stl10,cnn,10,800,0.2,,2.3026,1.0,9216.0,n_d_lr_grid,2580394,0.001,64,0.0001,adam,8000,0.501,0.990625,3120,742.42,0.051557,350359296,0.489625,HIGH,
run_c0cfece8,internal,vision_stl10,2026-03-10T11:29:54.998797+00:00,vision,stl10,cnn,10,800,0.2,,2.3026,1.0,9216.0,n_d_lr_grid,2580394,0.0003,64,0.0001,adam,8000,0.497,0.990625,4771,748.18,0.051957,350359296,0.493625,HIGH,
run_1f6ae69a,internal,vision_stl10,2026-03-10T11:42:22.923836+00:00,vision,stl10,cnn,10,800,0.2,,2.3026,1.0,9216.0,n_d_lr_grid,2580394,0.0001,64,0.0001,adam,8000,0.494,0.996875,6422,747.78,0.051929,350359296,0.502875,HIGH,
run_5eb9e8c7,internal,vision_stl10,2026-03-10T11:54:49.207076+00:00,vision,stl10,cnn,10,800,0.2,,2.3026,1.0,9216.0,n_d_lr_grid,2580394,3e-05,64,0.0001,adam,8000,0.484,0.978125,5291,746.17,0.051818,350359296,0.494125,HIGH,
run_a9af07b6,internal,vision_stl10,2026-03-10T12:08:19.204449+00:00,vision,stl10,cnn,10,800,0.2,,2.3026,1.0,9216.0,n_d_lr_grid,4583306,0.01,64,0.0001,adam,8000,0.434,0.959375,1170,809.83,0.056238,618140672,0.525375,HIGH,
run_499d53de,internal,vision_stl10,2026-03-10T12:21:52.433110+00:00,vision,stl10,cnn,10,800,0.2,,2.3026,1.0,9216.0,n_d_lr_grid,4583306,0.003,64,0.0001,adam,8000,0.471,1.0,2574,813.09,0.056465,618140672,0.529,HIGH,
run_621c9070,internal,vision_stl10,2026-03-10T12:35:20.953009+00:00,vision,stl10,cnn,10,800,0.2,,2.3026,1.0,9216.0,n_d_lr_grid,4583306,0.001,64,0.0001,adam,8000,0.499,0.996875,3419,808.35,0.056135,618140672,0.497875,HIGH,
run_620c61a0,internal,vision_stl10,2026-03-10T12:48:51.536078+00:00,vision,stl10,cnn,10,800,0.2,,2.3026,1.0,9216.0,n_d_lr_grid,4583306,0.0003,64,0.0001,adam,8000,0.507,1.0,5096,810.4,0.056278,618140672,0.493,HIGH,
run_bd5fede3,internal,vision_stl10,2026-03-10T13:02:18.722430+00:00,vision,stl10,cnn,10,800,0.2,,2.3026,1.0,9216.0,n_d_lr_grid,4583306,0.0001,64,0.0001,adam,8000,0.507,0.996875,6097,807.01,0.056043,618140672,0.489875,HIGH,
run_e963cfef,internal,vision_stl10,2026-03-10T13:15:48.973532+00:00,vision,stl10,cnn,10,800,0.2,,2.3026,1.0,9216.0,n_d_lr_grid,4583306,3e-05,64,0.0001,adam,8000,0.496,0.996875,4056,810.08,0.056256,618140672,0.500875,HIGH,
run_1f292d48,internal,vision_stl10,2026-03-10T13:22:41.027965+00:00,vision,stl10,cnn,10,1400,0.35,,2.3026,1.0,9216.0,n_d_lr_grid,72954,0.01,64,0.0001,adam,8000,0.485,0.8125,2574,411.9,0.028604,11207296,0.3275,HIGH,
run_9940d170,internal,vision_stl10,2026-03-10T13:29:32.799003+00:00,vision,stl10,cnn,10,1400,0.35,,2.3026,1.0,9216.0,n_d_lr_grid,72954,0.003,64,0.0001,adam,8000,0.48,0.888393,2816,411.66,0.028587,11207296,0.408393,HIGH,
run_d2cd222d,internal,vision_stl10,2026-03-10T13:36:24.608046+00:00,vision,stl10,cnn,10,1400,0.35,,2.3026,1.0,9216.0,n_d_lr_grid,72954,0.001,64,0.0001,adam,8000,0.496,0.862723,3586,411.68,0.028589,11207296,0.366723,HIGH,
run_6b049131,internal,vision_stl10,2026-03-10T13:43:14.900056+00:00,vision,stl10,cnn,10,1400,0.35,,2.3026,1.0,9216.0,n_d_lr_grid,72954,0.0003,64,0.0001,adam,8000,0.489,0.686384,7964,410.17,0.028484,11207296,0.197384,HIGH,
run_80bc66f1,internal,vision_stl10,2026-03-10T13:50:06.445028+00:00,vision,stl10,cnn,10,1400,0.35,,2.3026,1.0,9216.0,n_d_lr_grid,72954,0.0001,64,0.0001,adam,8000,0.445,0.503348,7480,411.37,0.028568,11207296,0.058348,MEDIUM,
run_dbc9c0e6,internal,vision_stl10,2026-03-10T13:56:59.672150+00:00,vision,stl10,cnn,10,1400,0.35,,2.3026,1.0,9216.0,n_d_lr_grid,72954,3e-05,64,0.0001,adam,8000,0.414,0.376116,6952,413.1,0.028688,11207296,-0.037884,LOW,
run_323e9aca,internal,vision_stl10,2026-03-10T14:03:56.860773+00:00,vision,stl10,cnn,10,1400,0.35,,2.3026,1.0,9216.0,n_d_lr_grid,288746,0.01,64,0.0001,adam,8000,0.5,0.902902,6248,417.07,0.028963,41288960,0.402902,HIGH,
run_4322c883,internal,vision_stl10,2026-03-10T14:10:59.126692+00:00,vision,stl10,cnn,10,1400,0.35,,2.3026,1.0,9216.0,n_d_lr_grid,288746,0.003,64,0.0001,adam,8000,0.524,0.953125,5830,422.14,0.029315,41288960,0.429125,HIGH,
run_39e8613e,internal,vision_stl10,2026-03-10T14:17:53.778454+00:00,vision,stl10,cnn,10,1400,0.35,,2.3026,1.0,9216.0,n_d_lr_grid,288746,0.001,64,0.0001,adam,8000,0.527,0.976562,4906,414.53,0.028787,41288960,0.449562,HIGH,
run_dc0419fe,internal,vision_stl10,2026-03-10T14:24:44.057360+00:00,vision,stl10,cnn,10,1400,0.35,,2.3026,1.0,9216.0,n_d_lr_grid,288746,0.0003,64,0.0001,adam,8000,0.528,0.96875,4928,410.13,0.028481,41288960,0.44075,HIGH,
run_dc6367f3,internal,vision_stl10,2026-03-10T14:31:29.437024+00:00,vision,stl10,cnn,10,1400,0.35,,2.3026,1.0,9216.0,n_d_lr_grid,288746,0.0001,64,0.0001,adam,8000,0.505,0.78683,7282,405.34,0.028148,41288960,0.28183,HIGH,
run_c4270e09,internal,vision_stl10,2026-03-10T14:38:15.543164+00:00,vision,stl10,cnn,10,1400,0.35,,2.3026,1.0,9216.0,n_d_lr_grid,288746,3e-05,64,0.0001,adam,8000,0.445,0.507812,7898,406.06,0.028198,41288960,0.062812,MEDIUM,
run_a23c89e4,internal,vision_stl10,2026-03-10T14:45:01.570929+00:00,vision,stl10,cnn,10,1400,0.35,,2.3026,1.0,9216.0,n_d_lr_grid,647386,0.01,64,0.0001,adam,8000,0.509,0.930804,3498,405.97,0.028192,90244992,0.421804,HIGH,
run_4281f367,internal,vision_stl10,2026-03-10T14:51:47.302428+00:00,vision,stl10,cnn,10,1400,0.35,,2.3026,1.0,9216.0,n_d_lr_grid,647386,0.003,64,0.0001,adam,8000,0.542,0.976562,2596,405.68,0.028172,90244992,0.434562,HIGH,
run_812a1b9c,internal,vision_stl10,2026-03-10T14:58:32.529179+00:00,vision,stl10,cnn,10,1400,0.35,,2.3026,1.0,9216.0,n_d_lr_grid,647386,0.001,64,0.0001,adam,8000,0.558,0.987723,1716,405.18,0.028137,90244992,0.429723,HIGH,
run_49c55d2f,internal,vision_stl10,2026-03-10T15:05:25.409404+00:00,vision,stl10,cnn,10,1400,0.35,,2.3026,1.0,9216.0,n_d_lr_grid,647386,0.0003,64,0.0001,adam,8000,0.547,0.987723,4730,412.83,0.028669,90244992,0.440723,HIGH,
run_55419103,internal,vision_stl10,2026-03-10T15:12:52.529597+00:00,vision,stl10,cnn,10,1400,0.35,,2.3026,1.0,9216.0,n_d_lr_grid,647386,0.0001,64,0.0001,adam,8000,0.533,0.925223,5764,447.06,0.031046,90244992,0.392223,HIGH,
run_0c15ca5e,internal,vision_stl10,2026-03-10T15:20:24.173588+00:00,vision,stl10,cnn,10,1400,0.35,,2.3026,1.0,9216.0,n_d_lr_grid,647386,3e-05,64,0.0001,adam,8000,0.499,0.623884,7502,451.58,0.03136,90244992,0.124884,MEDIUM,
run_6ee4571d,internal,vision_stl10,2026-03-10T15:27:53.690724+00:00,vision,stl10,cnn,10,1400,0.35,,2.3026,1.0,9216.0,n_d_lr_grid,1148874,0.01,64,0.0001,adam,8000,0.517,0.912946,3212,449.46,0.031212,158075392,0.395946,HIGH,
run_75751650,internal,vision_stl10,2026-03-10T15:35:22.557691+00:00,vision,stl10,cnn,10,1400,0.35,,2.3026,1.0,9216.0,n_d_lr_grid,1148874,0.003,64,0.0001,adam,8000,0.538,0.973214,1386,448.8,0.031166,158075392,0.435214,HIGH,
run_caf31d04,internal,vision_stl10,2026-03-10T15:42:50.983480+00:00,vision,stl10,cnn,10,1400,0.35,,2.3026,1.0,9216.0,n_d_lr_grid,1148874,0.001,64,0.0001,adam,8000,0.567,0.985491,2046,448.36,0.031136,158075392,0.418491,HIGH,
run_76c18325,internal,vision_stl10,2026-03-10T15:49:49.037163+00:00,vision,stl10,cnn,10,1400,0.35,,2.3026,1.0,9216.0,n_d_lr_grid,1148874,0.0003,64,0.0001,adam,8000,0.561,0.983259,5236,417.96,0.029025,158075392,0.422259,HIGH,
run_fd3eb520,internal,vision_stl10,2026-03-10T15:56:39.484556+00:00,vision,stl10,cnn,10,1400,0.35,,2.3026,1.0,9216.0,n_d_lr_grid,1148874,0.0001,64,0.0001,adam,8000,0.553,0.97433,6006,410.38,0.028499,158075392,0.42133,HIGH,
run_89c1dd37,internal,vision_stl10,2026-03-10T16:03:32.033042+00:00,vision,stl10,cnn,10,1400,0.35,,2.3026,1.0,9216.0,n_d_lr_grid,1148874,3e-05,64,0.0001,adam,8000,0.512,0.672991,7084,412.48,0.028645,158075392,0.160991,HIGH,
run_af8688b7,internal,vision_stl10,2026-03-10T16:10:32.904977+00:00,vision,stl10,cnn,10,1400,0.35,,2.3026,1.0,9216.0,n_d_lr_grid,2580394,0.01,64,0.0001,adam,8000,0.512,0.939732,3080,420.78,0.029221,350359296,0.427732,HIGH,
run_a726aa83,internal,vision_stl10,2026-03-10T16:18:12.566223+00:00,vision,stl10,cnn,10,1400,0.35,,2.3026,1.0,9216.0,n_d_lr_grid,2580394,0.003,64,0.0001,adam,8000,0.556,0.973214,2068,459.57,0.031914,350359296,0.417214,HIGH,
run_da4639e6,internal,vision_stl10,2026-03-10T16:25:49.390196+00:00,vision,stl10,cnn,10,1400,0.35,,2.3026,1.0,9216.0,n_d_lr_grid,2580394,0.001,64,0.0001,adam,8000,0.565,0.995536,4818,456.73,0.031717,350359296,0.430536,HIGH,
run_f98b12c0,internal,vision_stl10,2026-03-10T16:33:20.259177+00:00,vision,stl10,cnn,10,1400,0.35,,2.3026,1.0,9216.0,n_d_lr_grid,2580394,0.0003,64,0.0001,adam,8000,0.56,0.997768,3344,450.75,0.031302,350359296,0.437768,HIGH,
run_96337987,internal,vision_stl10,2026-03-10T16:40:54.459626+00:00,vision,stl10,cnn,10,1400,0.35,,2.3026,1.0,9216.0,n_d_lr_grid,2580394,0.0001,64,0.0001,adam,8000,0.547,0.993304,2530,454.12,0.031536,350359296,0.446304,HIGH,
run_2df970df,internal,vision_stl10,2026-03-10T16:48:27.598489+00:00,vision,stl10,cnn,10,1400,0.35,,2.3026,1.0,9216.0,n_d_lr_grid,2580394,3e-05,64,0.0001,adam,8000,0.541,0.868304,6534,453.06,0.031463,350359296,0.327304,HIGH,
run_45256c5a,internal,vision_stl10,2026-03-10T16:56:04.870551+00:00,vision,stl10,cnn,10,1400,0.35,,2.3026,1.0,9216.0,n_d_lr_grid,4583306,0.01,64,0.0001,adam,8000,0.517,0.940848,3894,457.14,0.031746,618140672,0.423848,HIGH,
run_790aa762,internal,vision_stl10,2026-03-10T17:03:43.231991+00:00,vision,stl10,cnn,10,1400,0.35,,2.3026,1.0,9216.0,n_d_lr_grid,4583306,0.003,64,0.0001,adam,8000,0.54,0.986607,1584,458.23,0.031822,618140672,0.446607,HIGH,
run_eda754d5,internal,vision_stl10,2026-03-10T17:11:15.104450+00:00,vision,stl10,cnn,10,1400,0.35,,2.3026,1.0,9216.0,n_d_lr_grid,4583306,0.001,64,0.0001,adam,8000,0.558,0.992188,6688,451.76,0.031372,618140672,0.434187,HIGH,
run_dca59f7c,internal,vision_stl10,2026-03-10T17:18:52.576675+00:00,vision,stl10,cnn,10,1400,0.35,,2.3026,1.0,9216.0,n_d_lr_grid,4583306,0.0003,64,0.0001,adam,8000,0.565,0.995536,3014,457.36,0.031761,618140672,0.430536,HIGH,
run_331a5f2c,internal,vision_stl10,2026-03-10T17:26:28.383494+00:00,vision,stl10,cnn,10,1400,0.35,,2.3026,1.0,9216.0,n_d_lr_grid,4583306,0.0001,64,0.0001,adam,8000,0.562,0.997768,6094,455.67,0.031644,618140672,0.435768,HIGH,
run_3747d0db,internal,vision_stl10,2026-03-10T17:34:03.886179+00:00,vision,stl10,cnn,10,1400,0.35,,2.3026,1.0,9216.0,n_d_lr_grid,4583306,3e-05,64,0.0001,adam,8000,0.543,0.958705,6798,455.35,0.031621,618140672,0.415705,HIGH,
run_6ca7d61c,internal,vision_stl10,2026-03-10T17:39:54.651464+00:00,vision,stl10,cnn,10,2000,0.5,,2.3026,1.0,9216.0,n_d_lr_grid,72954,0.01,64,0.0001,adam,8000,0.486,0.705,4544,350.71,0.024355,11207296,0.219,HIGH,
run_d8539916,internal,vision_stl10,2026-03-10T17:45:40.189469+00:00,vision,stl10,cnn,10,2000,0.5,,2.3026,1.0,9216.0,n_d_lr_grid,72954,0.003,64,0.0001,adam,8000,0.509,0.822,6912,345.48,0.023992,11207296,0.313,HIGH,
run_ec50e281,internal,vision_stl10,2026-03-10T17:51:27.761596+00:00,vision,stl10,cnn,10,2000,0.5,,2.3026,1.0,9216.0,n_d_lr_grid,72954,0.001,64,0.0001,adam,8000,0.54,0.8,4064,347.52,0.024134,11207296,0.26,HIGH,
run_fe748259,internal,vision_stl10,2026-03-10T17:57:14.164697+00:00,vision,stl10,cnn,10,2000,0.5,,2.3026,1.0,9216.0,n_d_lr_grid,72954,0.0003,64,0.0001,adam,8000,0.511,0.646,6752,346.35,0.024052,11207296,0.135,MEDIUM,
run_bdbae7f3,internal,vision_stl10,2026-03-10T18:03:05.733281+00:00,vision,stl10,cnn,10,2000,0.5,,2.3026,1.0,9216.0,n_d_lr_grid,72954,0.0001,64,0.0001,adam,8000,0.467,0.4745,7968,351.52,0.024411,11207296,0.0075,LOW,
run_0728e4b5,internal,vision_stl10,2026-03-10T18:08:56.609425+00:00,vision,stl10,cnn,10,2000,0.5,,2.3026,1.0,9216.0,n_d_lr_grid,72954,3e-05,64,0.0001,adam,8000,0.408,0.3605,7776,350.82,0.024363,11207296,-0.0475,LOW,
run_e501ef9b,internal,vision_stl10,2026-03-10T18:14:46.352839+00:00,vision,stl10,cnn,10,2000,0.5,,2.3026,1.0,9216.0,n_d_lr_grid,288746,0.01,64,0.0001,adam,8000,0.532,0.844,3360,349.69,0.024284,41288960,0.312,HIGH,
run_1ce5ce2b,internal,vision_stl10,2026-03-10T18:20:36.065058+00:00,vision,stl10,cnn,10,2000,0.5,,2.3026,1.0,9216.0,n_d_lr_grid,288746,0.003,64,0.0001,adam,8000,0.56,0.9495,1920,349.66,0.024282,41288960,0.3895,HIGH,
run_a50be3ea,internal,vision_stl10,2026-03-10T18:26:26.346092+00:00,vision,stl10,cnn,10,2000,0.5,,2.3026,1.0,9216.0,n_d_lr_grid,288746,0.001,64,0.0001,adam,8000,0.583,0.9615,3584,350.22,0.024321,41288960,0.3785,HIGH,
run_c35d8459,internal,vision_stl10,2026-03-10T18:32:15.402592+00:00,vision,stl10,cnn,10,2000,0.5,,2.3026,1.0,9216.0,n_d_lr_grid,288746,0.0003,64,0.0001,adam,8000,0.561,0.9195,5312,349.0,0.024236,41288960,0.3585,HIGH,
run_c4e79323,internal,vision_stl10,2026-03-10T18:38:05.281791+00:00,vision,stl10,cnn,10,2000,0.5,,2.3026,1.0,9216.0,n_d_lr_grid,288746,0.0001,64,0.0001,adam,8000,0.526,0.6725,7712,349.8,0.024291,41288960,0.1465,MEDIUM,
run_cc08817c,internal,vision_stl10,2026-03-10T18:43:54.536355+00:00,vision,stl10,cnn,10,2000,0.5,,2.3026,1.0,9216.0,n_d_lr_grid,288746,3e-05,64,0.0001,adam,8000,0.468,0.476,7936,349.17,0.024248,41288960,0.008,LOW,
run_20eb3346,internal,vision_stl10,2026-03-10T18:49:48.442884+00:00,vision,stl10,cnn,10,2000,0.5,,2.3026,1.0,9216.0,n_d_lr_grid,647386,0.01,64,0.0001,adam,8000,0.548,0.8675,3008,353.81,0.02457,90244992,0.3195,HIGH,
run_dff46eda,internal,vision_stl10,2026-03-10T18:55:39.304810+00:00,vision,stl10,cnn,10,2000,0.5,,2.3026,1.0,9216.0,n_d_lr_grid,647386,0.003,64,0.0001,adam,8000,0.574,0.9705,2656,350.79,0.02436,90244992,0.3965,HIGH,
run_07147aeb,internal,vision_stl10,2026-03-10T19:01:28.295311+00:00,vision,stl10,cnn,10,2000,0.5,,2.3026,1.0,9216.0,n_d_lr_grid,647386,0.001,64,0.0001,adam,8000,0.589,0.9705,2144,348.93,0.024231,90244992,0.3815,HIGH,
run_276f0f6f,internal,vision_stl10,2026-03-10T19:07:18.165161+00:00,vision,stl10,cnn,10,2000,0.5,,2.3026,1.0,9216.0,n_d_lr_grid,647386,0.0003,64,0.0001,adam,8000,0.582,0.97,7296,349.8,0.024292,90244992,0.388,HIGH,
run_0e565678,internal,vision_stl10,2026-03-10T19:13:07.789627+00:00,vision,stl10,cnn,10,2000,0.5,,2.3026,1.0,9216.0,n_d_lr_grid,647386,0.0001,64,0.0001,adam,8000,0.557,0.848,7904,349.54,0.024274,90244992,0.291,HIGH,
run_958fedae,internal,vision_stl10,2026-03-10T19:18:56.033549+00:00,vision,stl10,cnn,10,2000,0.5,,2.3026,1.0,9216.0,n_d_lr_grid,647386,3e-05,64,0.0001,adam,8000,0.516,0.573,7680,348.14,0.024177,90244992,0.057,MEDIUM,
run_5dc03491,internal,vision_stl10,2026-03-10T19:24:46.152333+00:00,vision,stl10,cnn,10,2000,0.5,,2.3026,1.0,9216.0,n_d_lr_grid,1148874,0.01,64,0.0001,adam,8000,0.564,0.8705,5696,350.04,0.024308,158075392,0.3065,HIGH,
run_201df62b,internal,vision_stl10,2026-03-10T19:30:35.690924+00:00,vision,stl10,cnn,10,2000,0.5,,2.3026,1.0,9216.0,n_d_lr_grid,1148874,0.003,64,0.0001,adam,8000,0.577,0.9705,2048,349.46,0.024268,158075392,0.3935,HIGH,
run_db2b35c5,internal,vision_stl10,2026-03-10T19:36:25.613890+00:00,vision,stl10,cnn,10,2000,0.5,,2.3026,1.0,9216.0,n_d_lr_grid,1148874,0.001,64,0.0001,adam,8000,0.593,0.9785,2720,349.83,0.024294,158075392,0.3855,HIGH,
run_89a26434,internal,vision_stl10,2026-03-10T19:42:15.445808+00:00,vision,stl10,cnn,10,2000,0.5,,2.3026,1.0,9216.0,n_d_lr_grid,1148874,0.0003,64,0.0001,adam,8000,0.592,0.9855,5120,349.77,0.024289,158075392,0.3935,HIGH,
run_ffc45c8c,internal,vision_stl10,2026-03-10T19:48:04.442241+00:00,vision,stl10,cnn,10,2000,0.5,,2.3026,1.0,9216.0,n_d_lr_grid,1148874,0.0001,64,0.0001,adam,8000,0.578,0.94,5888,348.93,0.024231,158075392,0.362,HIGH,
run_0acc0d04,internal,vision_stl10,2026-03-10T19:53:53.817996+00:00,vision,stl10,cnn,10,2000,0.5,,2.3026,1.0,9216.0,n_d_lr_grid,1148874,3e-05,64,0.0001,adam,8000,0.535,0.647,7808,349.3,0.024257,158075392,0.112,MEDIUM,
run_957d88e6,internal,vision_stl10,2026-03-10T19:59:46.180461+00:00,vision,stl10,cnn,10,2000,0.5,,2.3026,1.0,9216.0,n_d_lr_grid,2580394,0.01,64,0.0001,adam,8000,0.543,0.8425,5984,352.25,0.024462,350359296,0.2995,HIGH,
run_5661604e,internal,vision_stl10,2026-03-10T20:05:38.271018+00:00,vision,stl10,cnn,10,2000,0.5,,2.3026,1.0,9216.0,n_d_lr_grid,2580394,0.003,64,0.0001,adam,8000,0.568,0.9685,3136,351.99,0.024444,350359296,0.4005,HIGH,
run_821fe908,internal,vision_stl10,2026-03-10T20:11:31.892103+00:00,vision,stl10,cnn,10,2000,0.5,,2.3026,1.0,9216.0,n_d_lr_grid,2580394,0.001,64,0.0001,adam,8000,0.596,0.9895,2048,353.52,0.02455,350359296,0.3935,HIGH,
run_1a03f420,internal,vision_stl10,2026-03-10T20:17:26.063162+00:00,vision,stl10,cnn,10,2000,0.5,,2.3026,1.0,9216.0,n_d_lr_grid,2580394,0.0003,64,0.0001,adam,8000,0.599,0.9895,4000,354.09,0.024589,350359296,0.3905,HIGH,
run_8573d89a,internal,vision_stl10,2026-03-10T20:23:18.779256+00:00,vision,stl10,cnn,10,2000,0.5,,2.3026,1.0,9216.0,n_d_lr_grid,2580394,0.0001,64,0.0001,adam,8000,0.605,0.983,5056,352.63,0.024488,350359296,0.378,HIGH,
run_efe2b3fe,internal,vision_stl10,2026-03-10T20:29:11.263161+00:00,vision,stl10,cnn,10,2000,0.5,,2.3026,1.0,9216.0,n_d_lr_grid,2580394,3e-05,64,0.0001,adam,8000,0.563,0.7855,6368,352.38,0.024471,350359296,0.2225,HIGH,
run_939a5bf8,internal,vision_stl10,2026-03-10T20:35:08.511455+00:00,vision,stl10,cnn,10,2000,0.5,,2.3026,1.0,9216.0,n_d_lr_grid,4583306,0.01,64,0.0001,adam,8000,0.525,0.8555,4960,357.12,0.0248,618140672,0.3305,HIGH,
run_315bc469,internal,vision_stl10,2026-03-10T20:41:03.886158+00:00,vision,stl10,cnn,10,2000,0.5,,2.3026,1.0,9216.0,n_d_lr_grid,4583306,0.003,64,0.0001,adam,8000,0.577,0.972,2944,355.27,0.024671,618140672,0.395,HIGH,
run_a60903f9,internal,vision_stl10,2026-03-10T20:47:00.503869+00:00,vision,stl10,cnn,10,2000,0.5,,2.3026,1.0,9216.0,n_d_lr_grid,4583306,0.001,64,0.0001,adam,8000,0.601,0.9835,2624,356.51,0.024757,618140672,0.3825,HIGH,
run_069cbc36,internal,vision_stl10,2026-03-10T20:52:59.699232+00:00,vision,stl10,cnn,10,2000,0.5,,2.3026,1.0,9216.0,n_d_lr_grid,4583306,0.0003,64,0.0001,adam,8000,0.61,0.992,5568,359.05,0.024934,618140672,0.382,HIGH,
run_600287e5,internal,vision_stl10,2026-03-10T20:58:55.647628+00:00,vision,stl10,cnn,10,2000,0.5,,2.3026,1.0,9216.0,n_d_lr_grid,4583306,0.0001,64,0.0001,adam,8000,0.594,0.994,3776,355.83,0.02471,618140672,0.4,HIGH,
run_369be299,internal,vision_stl10,2026-03-10T21:04:51.878986+00:00,vision,stl10,cnn,10,2000,0.5,,2.3026,1.0,9216.0,n_d_lr_grid,4583306,3e-05,64,0.0001,adam,8000,0.574,0.887,6400,356.11,0.02473,618140672,0.313,HIGH,
run_c64550bf,internal,vision_stl10,2026-03-10T21:09:40.173342+00:00,vision,stl10,cnn,10,3000,0.75,,2.3026,1.0,9216.0,n_d_lr_grid,72954,0.01,64,0.0001,adam,8000,0.55,0.690625,7614,288.22,0.020015,11207296,0.140625,MEDIUM,
run_12d3a000,internal,vision_stl10,2026-03-10T21:14:28.653375+00:00,vision,stl10,cnn,10,3000,0.75,,2.3026,1.0,9216.0,n_d_lr_grid,72954,0.003,64,0.0001,adam,8000,0.547,0.74375,4606,288.37,0.020026,11207296,0.19675,HIGH,
run_e0bed55e,internal,vision_stl10,2026-03-10T21:19:17.155168+00:00,vision,stl10,cnn,10,3000,0.75,,2.3026,1.0,9216.0,n_d_lr_grid,72954,0.001,64,0.0001,adam,8000,0.57,0.745313,5546,288.44,0.020031,11207296,0.175313,HIGH,
run_8347445e,internal,vision_stl10,2026-03-10T21:24:06.210809+00:00,vision,stl10,cnn,10,3000,0.75,,2.3026,1.0,9216.0,n_d_lr_grid,72954,0.0003,64,0.0001,adam,8000,0.536,0.604688,7661,288.99,0.020069,11207296,0.068688,MEDIUM,
run_a4e5cadd,internal,vision_stl10,2026-03-10T21:28:54.821829+00:00,vision,stl10,cnn,10,3000,0.75,,2.3026,1.0,9216.0,n_d_lr_grid,72954,0.0001,64,0.0001,adam,8000,0.496,0.467187,7896,288.55,0.020038,11207296,-0.028813,LOW,
run_2dcf2a97,internal,vision_stl10,2026-03-10T21:33:44.548529+00:00,vision,stl10,cnn,10,3000,0.75,,2.3026,1.0,9216.0,n_d_lr_grid,72954,3e-05,64,0.0001,adam,8000,0.416,0.3625,7755,289.67,0.020116,11207296,-0.0535,LOW,
run_bb2a0672,internal,vision_stl10,2026-03-10T21:38:33.918409+00:00,vision,stl10,cnn,10,3000,0.75,,2.3026,1.0,9216.0,n_d_lr_grid,288746,0.01,64,0.0001,adam,8000,0.566,0.771875,5029,289.31,0.020091,41288960,0.205875,HIGH,
run_27982d16,internal,vision_stl10,2026-03-10T21:43:21.642360+00:00,vision,stl10,cnn,10,3000,0.75,,2.3026,1.0,9216.0,n_d_lr_grid,288746,0.003,64,0.0001,adam,8000,0.587,0.909375,2068,287.61,0.019973,41288960,0.322375,HIGH,
run_baeb7bf2,internal,vision_stl10,2026-03-10T21:48:09.351732+00:00,vision,stl10,cnn,10,3000,0.75,,2.3026,1.0,9216.0,n_d_lr_grid,288746,0.001,64,0.0001,adam,8000,0.595,0.914062,3149,287.65,0.019976,41288960,0.319063,HIGH,
run_77a714a1,internal,vision_stl10,2026-03-10T21:52:57.194229+00:00,vision,stl10,cnn,10,3000,0.75,,2.3026,1.0,9216.0,n_d_lr_grid,288746,0.0003,64,0.0001,adam,8000,0.596,0.851562,7379,287.78,0.019984,41288960,0.255563,HIGH,
run_03b18d44,internal,vision_stl10,2026-03-10T21:57:45.024934+00:00,vision,stl10,cnn,10,3000,0.75,,2.3026,1.0,9216.0,n_d_lr_grid,288746,0.0001,64,0.0001,adam,8000,0.541,0.603125,6815,287.76,0.019984,41288960,0.062125,MEDIUM,
run_fb17eeb0,internal,vision_stl10,2026-03-10T22:02:32.948340+00:00,vision,stl10,cnn,10,3000,0.75,,2.3026,1.0,9216.0,n_d_lr_grid,288746,3e-05,64,0.0001,adam,8000,0.465,0.454688,8000,287.85,0.01999,41288960,-0.010313,LOW,
run_7c4e433f,internal,vision_stl10,2026-03-10T22:07:21.123407+00:00,vision,stl10,cnn,10,3000,0.75,,2.3026,1.0,9216.0,n_d_lr_grid,647386,0.01,64,0.0001,adam,8000,0.573,0.823438,6533,288.11,0.020007,90244992,0.250438,HIGH,
run_4895b2fd,internal,vision_stl10,2026-03-10T22:12:10.121136+00:00,vision,stl10,cnn,10,3000,0.75,,2.3026,1.0,9216.0,n_d_lr_grid,647386,0.003,64,0.0001,adam,8000,0.591,0.946875,2773,288.9,0.020062,90244992,0.355875,HIGH,
run_0f2097fe,internal,vision_stl10,2026-03-10T22:16:57.720524+00:00,vision,stl10,cnn,10,3000,0.75,,2.3026,1.0,9216.0,n_d_lr_grid,647386,0.001,64,0.0001,adam,8000,0.605,0.96875,2303,287.53,0.019967,90244992,0.36375,HIGH,
run_48f9e510,internal,vision_stl10,2026-03-10T22:21:46.019229+00:00,vision,stl10,cnn,10,3000,0.75,,2.3026,1.0,9216.0,n_d_lr_grid,647386,0.0003,64,0.0001,adam,8000,0.608,0.946875,3760,288.2,0.020014,90244992,0.338875,HIGH,
run_a36ec7ae,internal,vision_stl10,2026-03-10T22:26:34.689083+00:00,vision,stl10,cnn,10,3000,0.75,,2.3026,1.0,9216.0,n_d_lr_grid,647386,0.0001,64,0.0001,adam,8000,0.589,0.740625,7379,288.59,0.020041,90244992,0.151625,HIGH,
run_c6d6719a,internal,vision_stl10,2026-03-10T22:31:24.340534+00:00,vision,stl10,cnn,10,3000,0.75,,2.3026,1.0,9216.0,n_d_lr_grid,647386,3e-05,64,0.0001,adam,8000,0.533,0.520312,7802,289.58,0.02011,90244992,-0.012688,LOW,
run_a9c9a27f,internal,vision_stl10,2026-03-10T22:36:13.806546+00:00,vision,stl10,cnn,10,3000,0.75,,2.3026,1.0,9216.0,n_d_lr_grid,1148874,0.01,64,0.0001,adam,8000,0.553,0.795312,5969,289.38,0.020096,158075392,0.242312,HIGH,
run_e276ee6d,internal,vision_stl10,2026-03-10T22:41:02.996258+00:00,vision,stl10,cnn,10,3000,0.75,,2.3026,1.0,9216.0,n_d_lr_grid,1148874,0.003,64,0.0001,adam,8000,0.598,0.9375,7285,289.11,0.020077,158075392,0.3395,HIGH,
run_6eb34075,internal,vision_stl10,2026-03-10T22:45:51.738609+00:00,vision,stl10,cnn,10,3000,0.75,,2.3026,1.0,9216.0,n_d_lr_grid,1148874,0.001,64,0.0001,adam,8000,0.619,0.976562,3196,288.67,0.020047,158075392,0.357563,HIGH,
run_3145e35a,internal,vision_stl10,2026-03-10T22:50:39.980799+00:00,vision,stl10,cnn,10,3000,0.75,,2.3026,1.0,9216.0,n_d_lr_grid,1148874,0.0003,64,0.0001,adam,8000,0.632,0.965625,3713,288.17,0.020012,158075392,0.333625,HIGH,
run_61264a7a,internal,vision_stl10,2026-03-10T22:55:28.120588+00:00,vision,stl10,cnn,10,3000,0.75,,2.3026,1.0,9216.0,n_d_lr_grid,1148874,0.0001,64,0.0001,adam,8000,0.625,0.884375,7050,288.05,0.020004,158075392,0.259375,HIGH,
run_ed5c0d5b,internal,vision_stl10,2026-03-10T23:00:17.148065+00:00,vision,stl10,cnn,10,3000,0.75,,2.3026,1.0,9216.0,n_d_lr_grid,1148874,3e-05,64,0.0001,adam,8000,0.542,0.625,6862,288.95,0.020066,158075392,0.083,MEDIUM,
run_b3da0a65,internal,vision_stl10,2026-03-10T23:05:09.404805+00:00,vision,stl10,cnn,10,3000,0.75,,2.3026,1.0,9216.0,n_d_lr_grid,2580394,0.01,64,0.0001,adam,8000,0.566,0.790625,5452,292.17,0.020289,350359296,0.224625,HIGH,
run_b3b16938,internal,vision_stl10,2026-03-10T23:10:01.023724+00:00,vision,stl10,cnn,10,3000,0.75,,2.3026,1.0,9216.0,n_d_lr_grid,2580394,0.003,64,0.0001,adam,8000,0.6,0.95625,5217,291.51,0.020244,350359296,0.35625,HIGH,
run_4f4517c0,internal,vision_stl10,2026-03-10T23:14:54.118015+00:00,vision,stl10,cnn,10,3000,0.75,,2.3026,1.0,9216.0,n_d_lr_grid,2580394,0.001,64,0.0001,adam,8000,0.619,0.971875,4512,292.94,0.020343,350359296,0.352875,HIGH,
run_b2a6726d,internal,vision_stl10,2026-03-10T23:19:47.281510+00:00,vision,stl10,cnn,10,3000,0.75,,2.3026,1.0,9216.0,n_d_lr_grid,2580394,0.0003,64,0.0001,adam,8000,0.627,0.9875,7050,293.05,0.020351,350359296,0.3605,HIGH,
run_ab95e43c,internal,vision_stl10,2026-03-10T23:24:38.567504+00:00,vision,stl10,cnn,10,3000,0.75,,2.3026,1.0,9216.0,n_d_lr_grid,2580394,0.0001,64,0.0001,adam,8000,0.624,0.95625,6674,291.16,0.02022,350359296,0.33225,HIGH,
run_c9ded10f,internal,vision_stl10,2026-03-10T23:29:29.722981+00:00,vision,stl10,cnn,10,3000,0.75,,2.3026,1.0,9216.0,n_d_lr_grid,2580394,3e-05,64,0.0001,adam,8000,0.584,0.6875,7473,291.04,0.020211,350359296,0.1035,MEDIUM,
run_2bce20ad,internal,vision_stl10,2026-03-10T23:34:27.329905+00:00,vision,stl10,cnn,10,3000,0.75,,2.3026,1.0,9216.0,n_d_lr_grid,4583306,0.01,64,0.0001,adam,8000,0.563,0.770312,6533,297.46,0.020657,618140672,0.207313,HIGH,
run_66024054,internal,vision_stl10,2026-03-10T23:39:22.938370+00:00,vision,stl10,cnn,10,3000,0.75,,2.3026,1.0,9216.0,n_d_lr_grid,4583306,0.003,64,0.0001,adam,8000,0.591,0.953125,4747,295.47,0.020519,618140672,0.362125,HIGH,
run_8f61ae54,internal,vision_stl10,2026-03-10T23:44:16.883272+00:00,vision,stl10,cnn,10,3000,0.75,,2.3026,1.0,9216.0,n_d_lr_grid,4583306,0.001,64,0.0001,adam,8000,0.62,0.978125,2444,293.8,0.020403,618140672,0.358125,HIGH,
run_1c5d67ac,internal,vision_stl10,2026-03-10T23:49:12.961175+00:00,vision,stl10,cnn,10,3000,0.75,,2.3026,1.0,9216.0,n_d_lr_grid,4583306,0.0003,64,0.0001,adam,8000,0.643,0.975,2303,295.96,0.020553,618140672,0.332,HIGH,
run_0a0f8024,internal,vision_stl10,2026-03-10T23:54:06.901719+00:00,vision,stl10,cnn,10,3000,0.75,,2.3026,1.0,9216.0,n_d_lr_grid,4583306,0.0001,64,0.0001,adam,8000,0.64,0.985938,2914,293.79,0.020402,618140672,0.345938,HIGH,
run_8cf7b88f,internal,vision_stl10,2026-03-10T23:59:02.162905+00:00,vision,stl10,cnn,10,3000,0.75,,2.3026,1.0,9216.0,n_d_lr_grid,4583306,3e-05,64,0.0001,adam,8000,0.61,0.803125,7708,295.14,0.020496,618140672,0.193125,HIGH,
run_eac877dc,internal,vision_stl10,2026-03-11T00:03:14.064407+00:00,vision,stl10,cnn,10,4000,1.0,,2.3026,1.0,9216.0,n_d_lr_grid,72954,0.01,64,0.0001,adam,8000,0.548,0.574849,6867,251.82,0.017487,11207296,0.026849,LOW,
run_125d4248,internal,vision_stl10,2026-03-11T00:07:25.829444+00:00,vision,stl10,cnn,10,4000,1.0,,2.3026,1.0,9216.0,n_d_lr_grid,72954,0.003,64,0.0001,adam,8000,0.568,0.696321,5229,251.69,0.017479,11207296,0.128321,MEDIUM,
run_0f8bf934,internal,vision_stl10,2026-03-11T00:11:37.726961+00:00,vision,stl10,cnn,10,4000,1.0,,2.3026,1.0,9216.0,n_d_lr_grid,72954,0.001,64,0.0001,adam,8000,0.577,0.66255,6993,251.82,0.017488,11207296,0.08555,MEDIUM,
run_c1d0d18f,internal,vision_stl10,2026-03-11T00:15:49.994360+00:00,vision,stl10,cnn,10,4000,1.0,,2.3026,1.0,9216.0,n_d_lr_grid,72954,0.0003,64,0.0001,adam,8000,0.536,0.565524,7623,252.19,0.017513,11207296,0.029524,LOW,
run_9fc37108,internal,vision_stl10,2026-03-11T00:20:01.792654+00:00,vision,stl10,cnn,10,4000,1.0,,2.3026,1.0,9216.0,n_d_lr_grid,72954,0.0001,64,0.0001,adam,8000,0.493,0.452117,7245,251.73,0.017481,11207296,-0.040883,LOW,
run_026cb590,internal,vision_stl10,2026-03-11T00:24:14.498366+00:00,vision,stl10,cnn,10,4000,1.0,,2.3026,1.0,9216.0,n_d_lr_grid,72954,3e-05,64,0.0001,adam,8000,0.413,0.348538,7686,252.63,0.017544,11207296,-0.064462,LOW,
run_7455aaf6,internal,vision_stl10,2026-03-11T00:28:26.776699+00:00,vision,stl10,cnn,10,4000,1.0,,2.3026,1.0,9216.0,n_d_lr_grid,288746,0.01,64,0.0001,adam,8000,0.577,0.645161,6615,252.2,0.017514,41288960,0.068161,MEDIUM,
run_85c72955,internal,vision_stl10,2026-03-11T00:32:39.192078+00:00,vision,stl10,cnn,10,4000,1.0,,2.3026,1.0,9216.0,n_d_lr_grid,288746,0.003,64,0.0001,adam,8000,0.614,0.871724,2583,252.35,0.017524,41288960,0.257724,HIGH,
run_ee4ea7d5,internal,vision_stl10,2026-03-11T00:36:51.375060+00:00,vision,stl10,cnn,10,4000,1.0,,2.3026,1.0,9216.0,n_d_lr_grid,288746,0.001,64,0.0001,adam,8000,0.627,0.882308,4536,252.11,0.017507,41288960,0.255308,HIGH,
run_9d513d05,internal,vision_stl10,2026-03-11T00:41:03.422483+00:00,vision,stl10,cnn,10,4000,1.0,,2.3026,1.0,9216.0,n_d_lr_grid,288746,0.0003,64,0.0001,adam,8000,0.614,0.75378,7497,251.97,0.017498,41288960,0.13978,MEDIUM,
run_4337c3a1,internal,vision_stl10,2026-03-11T00:45:16.234020+00:00,vision,stl10,cnn,10,4000,1.0,,2.3026,1.0,9216.0,n_d_lr_grid,288746,0.0001,64,0.0001,adam,8000,0.554,0.579637,7686,252.73,0.017551,41288960,0.025637,LOW,
run_40e4f18f,internal,vision_stl10,2026-03-11T00:49:28.678821+00:00,vision,stl10,cnn,10,4000,1.0,,2.3026,1.0,9216.0,n_d_lr_grid,288746,3e-05,64,0.0001,adam,8000,0.477,0.438508,7371,252.37,0.017526,41288960,-0.038492,LOW,
run_704e0b0e,internal,vision_stl10,2026-03-11T00:53:41.742832+00:00,vision,stl10,cnn,10,4000,1.0,,2.3026,1.0,9216.0,n_d_lr_grid,647386,0.01,64,0.0001,adam,8000,0.598,0.670867,6426,252.93,0.017565,90244992,0.072867,MEDIUM,
run_298b3baf,internal,vision_stl10,2026-03-11T00:57:55.514122+00:00,vision,stl10,cnn,10,4000,1.0,,2.3026,1.0,9216.0,n_d_lr_grid,647386,0.003,64,0.0001,adam,8000,0.623,0.910282,3150,253.69,0.017617,90244992,0.287282,HIGH,
run_519184b3,internal,vision_stl10,2026-03-11T01:02:07.859071+00:00,vision,stl10,cnn,10,4000,1.0,,2.3026,1.0,9216.0,n_d_lr_grid,647386,0.001,64,0.0001,adam,8000,0.647,0.945817,3528,252.27,0.017519,90244992,0.298817,HIGH,
run_a328ed61,internal,vision_stl10,2026-03-11T01:06:21.924992+00:00,vision,stl10,cnn,10,4000,1.0,,2.3026,1.0,9216.0,n_d_lr_grid,647386,0.0003,64,0.0001,adam,8000,0.63,0.887601,6111,253.98,0.017638,90244992,0.257601,HIGH,
run_58f09fc1,internal,vision_stl10,2026-03-11T01:10:33.952027+00:00,vision,stl10,cnn,10,4000,1.0,,2.3026,1.0,9216.0,n_d_lr_grid,647386,0.0001,64,0.0001,adam,8000,0.602,0.705645,7812,251.94,0.017496,90244992,0.103645,MEDIUM,
run_65cb3a8c,internal,vision_stl10,2026-03-11T01:14:45.452729+00:00,vision,stl10,cnn,10,4000,1.0,,2.3026,1.0,9216.0,n_d_lr_grid,647386,3e-05,64,0.0001,adam,8000,0.534,0.52747,8000,251.41,0.017459,90244992,-0.00653,LOW,
run_055b353f,internal,vision_stl10,2026-03-11T01:18:58.589930+00:00,vision,stl10,cnn,10,4000,1.0,,2.3026,1.0,9216.0,n_d_lr_grid,1148874,0.01,64,0.0001,adam,8000,0.592,0.655242,7560,253.04,0.017572,158075392,0.063242,MEDIUM,
run_397eaab4,internal,vision_stl10,2026-03-11T01:23:12.241758+00:00,vision,stl10,cnn,10,4000,1.0,,2.3026,1.0,9216.0,n_d_lr_grid,1148874,0.003,64,0.0001,adam,8000,0.625,0.922379,4599,253.55,0.017608,158075392,0.297379,HIGH,
run_886d5c82,internal,vision_stl10,2026-03-11T01:27:27.073438+00:00,vision,stl10,cnn,10,4000,1.0,,2.3026,1.0,9216.0,n_d_lr_grid,1148874,0.001,64,0.0001,adam,8000,0.629,0.956149,6552,254.73,0.017689,158075392,0.327149,HIGH,
run_586fc226,internal,vision_stl10,2026-03-11T01:31:39.357675+00:00,vision,stl10,cnn,10,4000,1.0,,2.3026,1.0,9216.0,n_d_lr_grid,1148874,0.0003,64,0.0001,adam,8000,0.644,0.943044,6363,252.18,0.017513,158075392,0.299044,HIGH,
run_2fa537cb,internal,vision_stl10,2026-03-11T01:35:52.853150+00:00,vision,stl10,cnn,10,4000,1.0,,2.3026,1.0,9216.0,n_d_lr_grid,1148874,0.0001,64,0.0001,adam,8000,0.626,0.791583,7938,253.4,0.017597,158075392,0.165583,HIGH,
run_7c930d52,internal,vision_stl10,2026-03-11T01:40:06.384226+00:00,vision,stl10,cnn,10,4000,1.0,,2.3026,1.0,9216.0,n_d_lr_grid,1148874,3e-05,64,0.0001,adam,8000,0.556,0.573085,7938,253.44,0.0176,158075392,0.017085,LOW,
run_042b3727,internal,vision_stl10,2026-03-11T01:44:23.523757+00:00,vision,stl10,cnn,10,4000,1.0,,2.3026,1.0,9216.0,n_d_lr_grid,2580394,0.01,64,0.0001,adam,8000,0.578,0.664819,7119,257.02,0.017849,350359296,0.086819,MEDIUM,
run_1914cd32,internal,vision_stl10,2026-03-11T01:48:39.206363+00:00,vision,stl10,cnn,10,4000,1.0,,2.3026,1.0,9216.0,n_d_lr_grid,2580394,0.003,64,0.0001,adam,8000,0.622,0.929183,3969,255.58,0.017749,350359296,0.307183,HIGH,
run_628ff9b8,internal,vision_stl10,2026-03-11T01:52:54.264459+00:00,vision,stl10,cnn,10,4000,1.0,,2.3026,1.0,9216.0,n_d_lr_grid,2580394,0.001,64,0.0001,adam,8000,0.658,0.973286,7938,254.95,0.017705,350359296,0.315286,HIGH,
run_c4bb3718,internal,vision_stl10,2026-03-11T01:57:09.563786+00:00,vision,stl10,cnn,10,4000,1.0,,2.3026,1.0,9216.0,n_d_lr_grid,2580394,0.0003,64,0.0001,adam,8000,0.657,0.971522,5859,255.18,0.017721,350359296,0.314522,HIGH,
run_b4366562,internal,vision_stl10,2026-03-11T02:01:25.782109+00:00,vision,stl10,cnn,10,4000,1.0,,2.3026,1.0,9216.0,n_d_lr_grid,2580394,0.0001,64,0.0001,adam,8000,0.652,0.909274,6426,256.12,0.017786,350359296,0.257274,HIGH,
run_020f6555,internal,vision_stl10,2026-03-11T02:05:41.980530+00:00,vision,stl10,cnn,10,4000,1.0,,2.3026,1.0,9216.0,n_d_lr_grid,2580394,3e-05,64,0.0001,adam,8000,0.599,0.66381,7875,256.08,0.017783,350359296,0.06481,MEDIUM,
run_c6eca2cb,internal,vision_stl10,2026-03-11T02:10:00.689102+00:00,vision,stl10,cnn,10,4000,1.0,,2.3026,1.0,9216.0,n_d_lr_grid,4583306,0.01,64,0.0001,adam,8000,0.58,0.657006,7875,258.55,0.017955,618140672,0.077006,MEDIUM,
run_46decb45,internal,vision_stl10,2026-03-11T02:14:18.410998+00:00,vision,stl10,cnn,10,4000,1.0,,2.3026,1.0,9216.0,n_d_lr_grid,4583306,0.003,64,0.0001,adam,8000,0.638,0.93498,4284,257.57,0.017887,618140672,0.29698,HIGH,
run_f9e47818,internal,vision_stl10,2026-03-11T02:18:36.424829+00:00,vision,stl10,cnn,10,4000,1.0,,2.3026,1.0,9216.0,n_d_lr_grid,4583306,0.001,64,0.0001,adam,8000,0.644,0.972026,3591,257.84,0.017906,618140672,0.328026,HIGH,
run_f74111f7,internal,vision_stl10,2026-03-11T02:22:56.604936+00:00,vision,stl10,cnn,10,4000,1.0,,2.3026,1.0,9216.0,n_d_lr_grid,4583306,0.0003,64,0.0001,adam,8000,0.655,0.976562,3591,260.05,0.018059,618140672,0.321562,HIGH,
run_a561640d,internal,vision_stl10,2026-03-11T02:27:14.757188+00:00,vision,stl10,cnn,10,4000,1.0,,2.3026,1.0,9216.0,n_d_lr_grid,4583306,0.0001,64,0.0001,adam,8000,0.667,0.954385,5859,258.0,0.017917,618140672,0.287385,HIGH,
run_dfa81703,internal,vision_stl10,2026-03-11T02:31:33.773166+00:00,vision,stl10,cnn,10,4000,1.0,,2.3026,1.0,9216.0,n_d_lr_grid,4583306,3e-05,64,0.0001,adam,8000,0.622,0.741935,7497,258.87,0.017977,618140672,0.119935,MEDIUM,
run_f9bb52cf,internal,tabular_covertype,2026-03-11T05:40:57.749794+00:00,tabular,covertype,mlp,7,56939,0.1,,1.2052,103.1311,54.0,n_d_lr_grid,3623,0.01,256,0.0001,adam,8000,0.760757,0.734275,6467,46.27,0.003213,6752,-0.026482,LOW,
run_ae6dc70a,internal,tabular_covertype,2026-03-11T05:41:43.498686+00:00,tabular,covertype,mlp,7,56939,0.1,,1.2052,103.1311,54.0,n_d_lr_grid,3623,0.003,256,0.0001,adam,8000,0.768675,0.738742,8000,45.68,0.003172,6752,-0.029933,LOW,
run_79c77184,internal,tabular_covertype,2026-03-11T05:42:29.570633+00:00,tabular,covertype,mlp,7,56939,0.1,,1.2052,103.1311,54.0,n_d_lr_grid,3623,0.001,256,0.0001,adam,8000,0.764286,0.736739,7805,46.0,0.003194,6752,-0.027547,LOW,
run_5fd21f56,internal,tabular_covertype,2026-03-11T05:43:15.708733+00:00,tabular,covertype,mlp,7,56939,0.1,,1.2052,103.1311,54.0,n_d_lr_grid,3623,0.0003,256,0.0001,adam,8000,0.742771,0.719812,7805,46.07,0.003199,6752,-0.022959,LOW,
run_b58184b1,internal,tabular_covertype,2026-03-11T05:44:01.822076+00:00,tabular,covertype,mlp,7,56939,0.1,,1.2052,103.1311,54.0,n_d_lr_grid,3623,0.0001,256,0.0001,adam,8000,0.714544,0.686358,8000,46.04,0.003197,6752,-0.028186,LOW,
run_dc689daf,internal,tabular_covertype,2026-03-11T05:44:48.405426+00:00,tabular,covertype,mlp,7,56939,0.1,,1.2052,103.1311,54.0,n_d_lr_grid,3623,3e-05,256,0.0001,adam,8000,0.671945,0.602825,7805,46.51,0.00323,6752,-0.06912,LOW,
run_0eb642d5,internal,tabular_covertype,2026-03-11T05:45:34.684113+00:00,tabular,covertype,mlp,7,56939,0.1,,1.2052,103.1311,54.0,n_d_lr_grid,10311,0.01,256,0.0001,adam,8000,0.782272,0.750942,5129,46.21,0.003209,19648,-0.03133,LOW,
run_d2795640,internal,tabular_covertype,2026-03-11T05:46:21.680703+00:00,tabular,covertype,mlp,7,56939,0.1,,1.2052,103.1311,54.0,n_d_lr_grid,10311,0.003,256,0.0001,adam,8000,0.796902,0.767067,6690,46.93,0.003259,19648,-0.029835,LOW,
run_6ca6f023,internal,tabular_covertype,2026-03-11T05:47:07.466672+00:00,tabular,covertype,mlp,7,56939,0.1,,1.2052,103.1311,54.0,n_d_lr_grid,10311,0.001,256,0.0001,adam,8000,0.784768,0.757111,7805,45.72,0.003175,19648,-0.027656,LOW,
run_5800c81a,internal,tabular_covertype,2026-03-11T05:47:54.278387+00:00,tabular,covertype,mlp,7,56939,0.1,,1.2052,103.1311,54.0,n_d_lr_grid,10311,0.0003,256,0.0001,adam,8000,0.751463,0.732492,7805,46.74,0.003246,19648,-0.018971,LOW,
run_ce8b9213,internal,tabular_covertype,2026-03-11T05:48:41.402268+00:00,tabular,covertype,mlp,7,56939,0.1,,1.2052,103.1311,54.0,n_d_lr_grid,10311,0.0001,256,0.0001,adam,8000,0.734079,0.702484,8000,47.05,0.003267,19648,-0.031595,LOW,
run_5ef179c8,internal,tabular_covertype,2026-03-11T05:49:28.012871+00:00,tabular,covertype,mlp,7,56939,0.1,,1.2052,103.1311,54.0,n_d_lr_grid,10311,3e-05,256,0.0001,adam,8000,0.686489,0.641286,7805,46.53,0.003231,19648,-0.045203,LOW,
run_e9724efe,internal,tabular_covertype,2026-03-11T05:50:14.247801+00:00,tabular,covertype,mlp,7,56939,0.1,,1.2052,103.1311,54.0,n_d_lr_grid,32903,0.01,256,0.0001,adam,8000,0.793029,0.768209,7805,46.16,0.003206,63872,-0.02482,LOW,
run_27ae7008,internal,tabular_covertype,2026-03-11T05:50:59.904776+00:00,tabular,covertype,mlp,7,56939,0.1,,1.2052,103.1311,54.0,n_d_lr_grid,32903,0.003,256,0.0001,adam,8000,0.824269,0.794792,7136,45.58,0.003165,63872,-0.029477,LOW,
run_24fd0a02,internal,tabular_covertype,2026-03-11T05:51:46.027408+00:00,tabular,covertype,mlp,7,56939,0.1,,1.2052,103.1311,54.0,n_d_lr_grid,32903,0.001,256,0.0001,adam,8000,0.814888,0.788682,7805,46.05,0.003198,63872,-0.026206,LOW,
run_4d6324e7,internal,tabular_covertype,2026-03-11T05:52:32.171674+00:00,tabular,covertype,mlp,7,56939,0.1,,1.2052,103.1311,54.0,n_d_lr_grid,32903,0.0003,256,0.0001,adam,8000,0.772289,0.752744,8000,46.07,0.003199,63872,-0.019545,LOW,
run_33468b85,internal,tabular_covertype,2026-03-11T05:53:18.627531+00:00,tabular,covertype,mlp,7,56939,0.1,,1.2052,103.1311,54.0,n_d_lr_grid,32903,0.0001,256,0.0001,adam,8000,0.739587,0.720413,8000,46.39,0.003221,63872,-0.019174,LOW,
run_882e82a8,internal,tabular_covertype,2026-03-11T05:54:04.910998+00:00,tabular,covertype,mlp,7,56939,0.1,,1.2052,103.1311,54.0,n_d_lr_grid,32903,3e-05,256,0.0001,adam,8000,0.716867,0.676442,7805,46.22,0.00321,63872,-0.040425,LOW,
run_2df908d5,internal,tabular_covertype,2026-03-11T05:54:51.213940+00:00,tabular,covertype,mlp,7,56939,0.1,,1.2052,103.1311,54.0,n_d_lr_grid,114951,0.01,256,0.0001,adam,8000,0.795955,0.769131,5352,46.23,0.00321,226048,-0.026825,LOW,
run_f3825100,internal,tabular_covertype,2026-03-11T05:55:38.805888+00:00,tabular,covertype,mlp,7,56939,0.1,,1.2052,103.1311,54.0,n_d_lr_grid,114951,0.003,256,0.0001,adam,8000,0.843115,0.817408,7805,47.52,0.0033,226048,-0.025707,LOW,
run_65ccad15,internal,tabular_covertype,2026-03-11T05:56:26.049522+00:00,tabular,covertype,mlp,7,56939,0.1,,1.2052,103.1311,54.0,n_d_lr_grid,114951,0.001,256,0.0001,adam,8000,0.847504,0.819952,7805,47.17,0.003276,226048,-0.027552,LOW,
run_4c4c0fbc,internal,tabular_covertype,2026-03-11T05:57:13.071432+00:00,tabular,covertype,mlp,7,56939,0.1,,1.2052,103.1311,54.0,n_d_lr_grid,114951,0.0003,256,0.0001,adam,8000,0.802754,0.776382,8000,46.94,0.00326,226048,-0.026372,LOW,
run_8c1a0c94,internal,tabular_covertype,2026-03-11T05:57:59.761702+00:00,tabular,covertype,mlp,7,56939,0.1,,1.2052,103.1311,54.0,n_d_lr_grid,114951,0.0001,256,0.0001,adam,8000,0.758864,0.738642,8000,46.62,0.003237,226048,-0.020222,LOW,
run_e5c9efef,internal,tabular_covertype,2026-03-11T05:58:47.115857+00:00,tabular,covertype,mlp,7,56939,0.1,,1.2052,103.1311,54.0,n_d_lr_grid,114951,3e-05,256,0.0001,adam,8000,0.725645,0.703385,7359,47.28,0.003283,226048,-0.02226,LOW,
run_881fee42,internal,tabular_covertype,2026-03-11T05:59:34.371355+00:00,tabular,covertype,mlp,7,56939,0.1,,1.2052,103.1311,54.0,n_d_lr_grid,426503,0.01,256,0.0001,adam,8000,0.789845,0.768249,6690,47.18,0.003276,845312,-0.021596,LOW,
run_0270589c,internal,tabular_covertype,2026-03-11T06:00:21.436003+00:00,tabular,covertype,mlp,7,56939,0.1,,1.2052,103.1311,54.0,n_d_lr_grid,426503,0.003,256,0.0001,adam,8000,0.849139,0.826903,7359,46.97,0.003262,845312,-0.022236,LOW,
run_a0cd8c79,internal,tabular_covertype,2026-03-11T06:01:07.540242+00:00,tabular,covertype,mlp,7,56939,0.1,,1.2052,103.1311,54.0,n_d_lr_grid,426503,0.001,256,0.0001,adam,8000,0.870396,0.84992,7582,46.02,0.003196,845312,-0.020476,LOW,
run_4bbddb01,internal,tabular_covertype,2026-03-11T06:01:55.035662+00:00,tabular,covertype,mlp,7,56939,0.1,,1.2052,103.1311,54.0,n_d_lr_grid,426503,0.0003,256,0.0001,adam,8000,0.832444,0.807993,7582,47.41,0.003293,845312,-0.024451,LOW,
run_cd5ffaf3,internal,tabular_covertype,2026-03-11T06:02:41.441977+00:00,tabular,covertype,mlp,7,56939,0.1,,1.2052,103.1311,54.0,n_d_lr_grid,426503,0.0001,256,0.0001,adam,8000,0.783046,0.761178,7805,46.33,0.003217,845312,-0.021869,LOW,
run_5d8b0c87,internal,tabular_covertype,2026-03-11T06:03:29.097862+00:00,tabular,covertype,mlp,7,56939,0.1,,1.2052,103.1311,54.0,n_d_lr_grid,426503,3e-05,256,0.0001,adam,8000,0.746213,0.726522,7582,47.57,0.003304,845312,-0.019691,LOW,
run_91e8c620,internal,tabular_covertype,2026-03-11T06:04:16.628602+00:00,tabular,covertype,mlp,7,56939,0.1,,1.2052,103.1311,54.0,n_d_lr_grid,1639431,0.01,256,0.0001,adam,8000,0.794492,0.766667,7582,47.44,0.003294,3263488,-0.027826,LOW,
run_1e07c498,internal,tabular_covertype,2026-03-11T06:05:03.963244+00:00,tabular,covertype,mlp,7,56939,0.1,,1.2052,103.1311,54.0,n_d_lr_grid,1639431,0.003,256,0.0001,adam,8000,0.846386,0.825501,8000,47.23,0.00328,3263488,-0.020885,LOW,
run_be50a661,internal,tabular_covertype,2026-03-11T06:05:51.432071+00:00,tabular,covertype,mlp,7,56939,0.1,,1.2052,103.1311,54.0,n_d_lr_grid,1639431,0.001,256,0.0001,adam,8000,0.872978,0.863181,8000,47.34,0.003287,3263488,-0.009797,LOW,
run_e861f49d,internal,tabular_covertype,2026-03-11T06:06:38.100213+00:00,tabular,covertype,mlp,7,56939,0.1,,1.2052,103.1311,54.0,n_d_lr_grid,1639431,0.0003,256,0.0001,adam,8000,0.857057,0.840845,8000,46.57,0.003234,3263488,-0.016211,LOW,
run_e54592a7,internal,tabular_covertype,2026-03-11T06:07:24.840300+00:00,tabular,covertype,mlp,7,56939,0.1,,1.2052,103.1311,54.0,n_d_lr_grid,1639431,0.0001,256,0.0001,adam,8000,0.81463,0.790405,7805,46.63,0.003238,3263488,-0.024225,LOW,
run_37126b05,internal,tabular_covertype,2026-03-11T06:08:11.651064+00:00,tabular,covertype,mlp,7,56939,0.1,,1.2052,103.1311,54.0,n_d_lr_grid,1639431,3e-05,256,0.0001,adam,8000,0.769966,0.747736,7359,46.71,0.003244,3263488,-0.022229,LOW,
run_e3a9d4f9,internal,tabular_covertype,2026-03-11T06:09:02.338923+00:00,tabular,covertype,mlp,7,56939,0.1,,1.2052,103.1311,54.0,n_d_lr_grid,6424583,0.01,256,0.0001,adam,8000,0.788124,0.766146,5129,50.5,0.003507,12818432,-0.021978,LOW,
run_8377697d,internal,tabular_covertype,2026-03-11T06:09:53.883717+00:00,tabular,covertype,mlp,7,56939,0.1,,1.2052,103.1311,54.0,n_d_lr_grid,6424583,0.003,256,0.0001,adam,8000,0.843976,0.822336,7582,51.38,0.003568,12818432,-0.02164,LOW,
run_4d0c7575,internal,tabular_covertype,2026-03-11T06:10:45.418405+00:00,tabular,covertype,mlp,7,56939,0.1,,1.2052,103.1311,54.0,n_d_lr_grid,6424583,0.001,256,0.0001,adam,8000,0.873322,0.863061,7359,51.37,0.003568,12818432,-0.010261,LOW,
run_479742c0,internal,tabular_covertype,2026-03-11T06:11:36.103141+00:00,tabular,covertype,mlp,7,56939,0.1,,1.2052,103.1311,54.0,n_d_lr_grid,6424583,0.0003,256,0.0001,adam,8000,0.867728,0.86226,8000,50.5,0.003507,12818432,-0.005468,LOW,
run_ae260c89,internal,tabular_covertype,2026-03-11T06:12:26.623516+00:00,tabular,covertype,mlp,7,56939,0.1,,1.2052,103.1311,54.0,n_d_lr_grid,6424583,0.0001,256,0.0001,adam,8000,0.839329,0.820913,8000,50.35,0.003496,12818432,-0.018415,LOW,
run_7357f8c6,internal,tabular_covertype,2026-03-11T06:13:17.623332+00:00,tabular,covertype,mlp,7,56939,0.1,,1.2052,103.1311,54.0,n_d_lr_grid,6424583,3e-05,256,0.0001,adam,8000,0.79062,0.771314,8000,50.84,0.003531,12818432,-0.019306,LOW,
run_940844de,internal,tabular_covertype,2026-03-11T06:14:48.924448+00:00,tabular,covertype,mlp,7,56939,0.1,,1.2052,103.1311,54.0,n_d_lr_grid,25432071,0.01,256,0.0001,adam,8000,0.78864,0.766166,7136,90.76,0.006303,50802688,-0.022474,LOW,
run_4ee6367e,internal,tabular_covertype,2026-03-11T06:16:20.737261+00:00,tabular,covertype,mlp,7,56939,0.1,,1.2052,103.1311,54.0,n_d_lr_grid,25432071,0.003,256,0.0001,adam,8000,0.841222,0.820272,6467,91.32,0.006341,50802688,-0.02095,LOW,
run_fdcf7d33,internal,tabular_covertype,2026-03-11T06:17:52.787661+00:00,tabular,covertype,mlp,7,56939,0.1,,1.2052,103.1311,54.0,n_d_lr_grid,25432071,0.001,256,0.0001,adam,8000,0.872461,0.858834,7805,91.57,0.006359,50802688,-0.013627,LOW,
run_a426c426,internal,tabular_covertype,2026-03-11T06:19:24.380491+00:00,tabular,covertype,mlp,7,56939,0.1,,1.2052,103.1311,54.0,n_d_lr_grid,25432071,0.0003,256,0.0001,adam,8000,0.870654,0.865825,8000,91.13,0.006328,50802688,-0.004829,LOW,
run_b285bc86,internal,tabular_covertype,2026-03-11T06:20:56.000830+00:00,tabular,covertype,mlp,7,56939,0.1,,1.2052,103.1311,54.0,n_d_lr_grid,25432071,0.0001,256,0.0001,adam,8000,0.858864,0.847877,7805,91.12,0.006328,50802688,-0.010987,LOW,
run_3c88d046,internal,tabular_covertype,2026-03-11T06:22:27.758280+00:00,tabular,covertype,mlp,7,56939,0.1,,1.2052,103.1311,54.0,n_d_lr_grid,25432071,3e-05,256,0.0001,adam,8000,0.812823,0.796975,8000,91.29,0.00634,50802688,-0.015848,LOW,
run_899b9ec4,internal,tabular_covertype,2026-03-11T06:23:08.004556+00:00,tabular,covertype,mlp,7,113878,0.2,,1.2052,103.1311,54.0,n_d_lr_grid,3623,0.01,256,0.0001,adam,8000,0.756799,0.732498,6230,40.13,0.002786,6752,-0.0243,LOW,
run_95b093eb,internal,tabular_covertype,2026-03-11T06:23:48.948449+00:00,tabular,covertype,mlp,7,113878,0.2,,1.2052,103.1311,54.0,n_d_lr_grid,3623,0.003,256,0.0001,adam,8000,0.766437,0.739314,4895,40.83,0.002835,6752,-0.027123,LOW,
run_ca5eaf3f,internal,tabular_covertype,2026-03-11T06:24:29.445092+00:00,tabular,covertype,mlp,7,113878,0.2,,1.2052,103.1311,54.0,n_d_lr_grid,3623,0.001,256,0.0001,adam,8000,0.761274,0.73512,7120,40.37,0.002804,6752,-0.026153,LOW,
run_0ce4bcfa,internal,tabular_covertype,2026-03-11T06:25:10.652042+00:00,tabular,covertype,mlp,7,113878,0.2,,1.2052,103.1311,54.0,n_d_lr_grid,3623,0.0003,256,0.0001,adam,8000,0.74191,0.715113,8000,41.1,0.002854,6752,-0.026797,LOW,
run_02b80146,internal,tabular_covertype,2026-03-11T06:25:51.649963+00:00,tabular,covertype,mlp,7,113878,0.2,,1.2052,103.1311,54.0,n_d_lr_grid,3623,0.0001,256,0.0001,adam,8000,0.714716,0.682301,7565,40.88,0.002839,6752,-0.032415,LOW,
run_bea671e4,internal,tabular_covertype,2026-03-11T06:26:31.365715+00:00,tabular,covertype,mlp,7,113878,0.2,,1.2052,103.1311,54.0,n_d_lr_grid,3623,3e-05,256,0.0001,adam,8000,0.673064,0.598815,8000,39.59,0.00275,6752,-0.074249,LOW,
run_10d42b06,internal,tabular_covertype,2026-03-11T06:27:11.664526+00:00,tabular,covertype,mlp,7,113878,0.2,,1.2052,103.1311,54.0,n_d_lr_grid,10311,0.01,256,0.0001,adam,8000,0.780809,0.750386,7565,40.19,0.002791,19648,-0.030423,LOW,
run_36ee61bc,internal,tabular_covertype,2026-03-11T06:27:52.352699+00:00,tabular,covertype,mlp,7,113878,0.2,,1.2052,103.1311,54.0,n_d_lr_grid,10311,0.003,256,0.0001,adam,8000,0.789329,0.762473,8000,40.57,0.002817,19648,-0.026856,LOW,
run_03684262,internal,tabular_covertype,2026-03-11T06:28:32.182513+00:00,tabular,covertype,mlp,7,113878,0.2,,1.2052,103.1311,54.0,n_d_lr_grid,10311,0.001,256,0.0001,adam,8000,0.783563,0.756026,8000,39.69,0.002756,19648,-0.027537,LOW,
run_35728adf,internal,tabular_covertype,2026-03-11T06:29:12.409905+00:00,tabular,covertype,mlp,7,113878,0.2,,1.2052,103.1311,54.0,n_d_lr_grid,10311,0.0003,256,0.0001,adam,8000,0.752582,0.7294,8000,40.11,0.002786,19648,-0.023182,LOW,
run_0b36ad4b,internal,tabular_covertype,2026-03-11T06:29:52.529157+00:00,tabular,covertype,mlp,7,113878,0.2,,1.2052,103.1311,54.0,n_d_lr_grid,10311,0.0001,256,0.0001,adam,8000,0.735026,0.700269,8000,40.0,0.002777,19648,-0.034756,LOW,
run_31bc2e05,internal,tabular_covertype,2026-03-11T06:30:32.643354+00:00,tabular,covertype,mlp,7,113878,0.2,,1.2052,103.1311,54.0,n_d_lr_grid,10311,3e-05,256,0.0001,adam,8000,0.684768,0.638227,8000,40.0,0.002778,19648,-0.04654,LOW,
run_7b5390f9,internal,tabular_covertype,2026-03-11T06:31:13.587325+00:00,tabular,covertype,mlp,7,113878,0.2,,1.2052,103.1311,54.0,n_d_lr_grid,32903,0.01,256,0.0001,adam,8000,0.789243,0.762392,7565,40.83,0.002836,63872,-0.02685,LOW,
run_0cd00aa3,internal,tabular_covertype,2026-03-11T06:31:55.111953+00:00,tabular,covertype,mlp,7,113878,0.2,,1.2052,103.1311,54.0,n_d_lr_grid,32903,0.003,256,0.0001,adam,8000,0.823236,0.791173,8000,41.41,0.002876,63872,-0.032063,LOW,
run_418b4026,internal,tabular_covertype,2026-03-11T06:32:36.089541+00:00,tabular,covertype,mlp,7,113878,0.2,,1.2052,103.1311,54.0,n_d_lr_grid,32903,0.001,256,0.0001,adam,8000,0.815835,0.783773,7565,40.86,0.002837,63872,-0.032061,LOW,
run_cc092e17,internal,tabular_covertype,2026-03-11T06:33:16.829139+00:00,tabular,covertype,mlp,7,113878,0.2,,1.2052,103.1311,54.0,n_d_lr_grid,32903,0.0003,256,0.0001,adam,8000,0.771515,0.749084,8000,40.62,0.002821,63872,-0.022431,LOW,
run_2014eb3b,internal,tabular_covertype,2026-03-11T06:33:57.716562+00:00,tabular,covertype,mlp,7,113878,0.2,,1.2052,103.1311,54.0,n_d_lr_grid,32903,0.0001,256,0.0001,adam,8000,0.740706,0.717699,8000,40.76,0.002831,63872,-0.023006,LOW,
run_7f4e8d32,internal,tabular_covertype,2026-03-11T06:34:38.694537+00:00,tabular,covertype,mlp,7,113878,0.2,,1.2052,103.1311,54.0,n_d_lr_grid,32903,3e-05,256,0.0001,adam,8000,0.717384,0.675826,7565,40.87,0.002838,63872,-0.041558,LOW,
run_364d28b0,internal,tabular_covertype,2026-03-11T06:35:19.430393+00:00,tabular,covertype,mlp,7,113878,0.2,,1.2052,103.1311,54.0,n_d_lr_grid,114951,0.01,256,0.0001,adam,8000,0.790964,0.765544,7120,40.62,0.002821,226048,-0.02542,LOW,
run_e712c581,internal,tabular_covertype,2026-03-11T06:36:00.938847+00:00,tabular,covertype,mlp,7,113878,0.2,,1.2052,103.1311,54.0,n_d_lr_grid,114951,0.003,256,0.0001,adam,8000,0.841738,0.81171,8000,41.38,0.002874,226048,-0.030029,LOW,
run_0c29564c,internal,tabular_covertype,2026-03-11T06:36:42.223536+00:00,tabular,covertype,mlp,7,113878,0.2,,1.2052,103.1311,54.0,n_d_lr_grid,114951,0.001,256,0.0001,adam,8000,0.846558,0.813587,8000,41.16,0.002858,226048,-0.032971,LOW,
run_e3ff847c,internal,tabular_covertype,2026-03-11T06:37:23.189898+00:00,tabular,covertype,mlp,7,113878,0.2,,1.2052,103.1311,54.0,n_d_lr_grid,114951,0.0003,256,0.0001,adam,8000,0.800947,0.771525,8000,40.84,0.002836,226048,-0.029422,LOW,
run_a394c9cf,internal,tabular_covertype,2026-03-11T06:38:03.981351+00:00,tabular,covertype,mlp,7,113878,0.2,,1.2052,103.1311,54.0,n_d_lr_grid,114951,0.0001,256,0.0001,adam,8000,0.759639,0.736629,8000,40.67,0.002824,226048,-0.02301,LOW,
run_13dd790a,internal,tabular_covertype,2026-03-11T06:38:44.614582+00:00,tabular,covertype,mlp,7,113878,0.2,,1.2052,103.1311,54.0,n_d_lr_grid,114951,3e-05,256,0.0001,adam,8000,0.725818,0.703143,8000,40.5,0.002813,226048,-0.022675,LOW,
run_f9ddf8b7,internal,tabular_covertype,2026-03-11T06:39:26.332554+00:00,tabular,covertype,mlp,7,113878,0.2,,1.2052,103.1311,54.0,n_d_lr_grid,426503,0.01,256,0.0001,adam,8000,0.789587,0.764036,4450,41.59,0.002888,845312,-0.025551,LOW,
run_ded4951f,internal,tabular_covertype,2026-03-11T06:40:07.570242+00:00,tabular,covertype,mlp,7,113878,0.2,,1.2052,103.1311,54.0,n_d_lr_grid,426503,0.003,256,0.0001,adam,8000,0.847676,0.818373,7565,41.11,0.002855,845312,-0.029304,LOW,
run_b1c42d46,internal,tabular_covertype,2026-03-11T06:40:49.195142+00:00,tabular,covertype,mlp,7,113878,0.2,,1.2052,103.1311,54.0,n_d_lr_grid,426503,0.001,256,0.0001,adam,8000,0.869793,0.84146,8000,41.5,0.002882,845312,-0.028333,LOW,
run_7d03e94b,internal,tabular_covertype,2026-03-11T06:41:30.528076+00:00,tabular,covertype,mlp,7,113878,0.2,,1.2052,103.1311,54.0,n_d_lr_grid,426503,0.0003,256,0.0001,adam,8000,0.837091,0.80158,8000,41.2,0.002861,845312,-0.035511,LOW,
run_e53731a4,internal,tabular_covertype,2026-03-11T06:42:12.054207+00:00,tabular,covertype,mlp,7,113878,0.2,,1.2052,103.1311,54.0,n_d_lr_grid,426503,0.0001,256,0.0001,adam,8000,0.783046,0.757498,8000,41.4,0.002875,845312,-0.025548,LOW,
run_e957b8f3,internal,tabular_covertype,2026-03-11T06:42:53.491457+00:00,tabular,covertype,mlp,7,113878,0.2,,1.2052,103.1311,54.0,n_d_lr_grid,426503,3e-05,256,0.0001,adam,8000,0.746472,0.722324,8000,41.31,0.002868,845312,-0.024148,LOW,
run_88216127,internal,tabular_covertype,2026-03-11T06:43:34.972314+00:00,tabular,covertype,mlp,7,113878,0.2,,1.2052,103.1311,54.0,n_d_lr_grid,1639431,0.01,256,0.0001,adam,8000,0.788296,0.763147,8000,41.33,0.00287,3263488,-0.025149,LOW,
run_7178b927,internal,tabular_covertype,2026-03-11T06:44:15.948957+00:00,tabular,covertype,mlp,7,113878,0.2,,1.2052,103.1311,54.0,n_d_lr_grid,1639431,0.003,256,0.0001,adam,8000,0.846644,0.819801,8000,40.85,0.002837,3263488,-0.026843,LOW,
run_60909e45,internal,tabular_covertype,2026-03-11T06:44:57.683051+00:00,tabular,covertype,mlp,7,113878,0.2,,1.2052,103.1311,54.0,n_d_lr_grid,1639431,0.001,256,0.0001,adam,8000,0.878313,0.854005,8000,41.6,0.002889,3263488,-0.024308,LOW,
run_ec725eb0,internal,tabular_covertype,2026-03-11T06:45:39.269911+00:00,tabular,covertype,mlp,7,113878,0.2,,1.2052,103.1311,54.0,n_d_lr_grid,1639431,0.0003,256,0.0001,adam,8000,0.862823,0.83266,8000,41.44,0.002878,3263488,-0.030163,LOW,
run_e896cd41,internal,tabular_covertype,2026-03-11T06:46:19.506273+00:00,tabular,covertype,mlp,7,113878,0.2,,1.2052,103.1311,54.0,n_d_lr_grid,1639431,0.0001,256,0.0001,adam,8000,0.815835,0.78583,8000,40.1,0.002785,3263488,-0.030005,LOW,
run_4d3ab520,internal,tabular_covertype,2026-03-11T06:47:01.027773+00:00,tabular,covertype,mlp,7,113878,0.2,,1.2052,103.1311,54.0,n_d_lr_grid,1639431,3e-05,256,0.0001,adam,8000,0.771859,0.74481,7565,41.38,0.002874,3263488,-0.027049,LOW,
run_84491579,internal,tabular_covertype,2026-03-11T06:47:46.242830+00:00,tabular,covertype,mlp,7,113878,0.2,,1.2052,103.1311,54.0,n_d_lr_grid,6424583,0.01,256,0.0001,adam,8000,0.789931,0.764664,6230,44.98,0.003123,12818432,-0.025267,LOW,
run_61b26943,internal,tabular_covertype,2026-03-11T06:48:31.205869+00:00,tabular,covertype,mlp,7,113878,0.2,,1.2052,103.1311,54.0,n_d_lr_grid,6424583,0.003,256,0.0001,adam,8000,0.840534,0.816334,8000,44.77,0.003109,12818432,-0.024199,LOW,
run_6cdb4d33,internal,tabular_covertype,2026-03-11T06:49:16.441013+00:00,tabular,covertype,mlp,7,113878,0.2,,1.2052,103.1311,54.0,n_d_lr_grid,6424583,0.001,256,0.0001,adam,8000,0.875215,0.853412,8000,45.04,0.003128,12818432,-0.021803,LOW,
run_9ebcf3a5,internal,tabular_covertype,2026-03-11T06:50:01.492913+00:00,tabular,covertype,mlp,7,113878,0.2,,1.2052,103.1311,54.0,n_d_lr_grid,6424583,0.0003,256,0.0001,adam,8000,0.870396,0.851751,8000,44.87,0.003116,12818432,-0.018645,LOW,
run_95e56152,internal,tabular_covertype,2026-03-11T06:50:46.277361+00:00,tabular,covertype,mlp,7,113878,0.2,,1.2052,103.1311,54.0,n_d_lr_grid,6424583,0.0001,256,0.0001,adam,8000,0.837263,0.812886,8000,44.58,0.003096,12818432,-0.024377,LOW,
run_00ab9819,internal,tabular_covertype,2026-03-11T06:51:31.093490+00:00,tabular,covertype,mlp,7,113878,0.2,,1.2052,103.1311,54.0,n_d_lr_grid,6424583,3e-05,256,0.0001,adam,8000,0.795095,0.767601,8000,44.63,0.003099,12818432,-0.027494,LOW,
run_1d4c654e,internal,tabular_covertype,2026-03-11T06:52:53.608274+00:00,tabular,covertype,mlp,7,113878,0.2,,1.2052,103.1311,54.0,n_d_lr_grid,25432071,0.01,256,0.0001,adam,8000,0.791997,0.762446,7120,82.01,0.005695,50802688,-0.02955,LOW,
run_13e9c1fe,internal,tabular_covertype,2026-03-11T06:54:16.178033+00:00,tabular,covertype,mlp,7,113878,0.2,,1.2052,103.1311,54.0,n_d_lr_grid,25432071,0.003,256,0.0001,adam,8000,0.837263,0.813614,8000,82.08,0.0057,50802688,-0.02365,LOW,
run_e0d894ff,internal,tabular_covertype,2026-03-11T06:55:38.754506+00:00,tabular,covertype,mlp,7,113878,0.2,,1.2052,103.1311,54.0,n_d_lr_grid,25432071,0.001,256,0.0001,adam,8000,0.871859,0.851724,7120,82.08,0.0057,50802688,-0.020135,LOW,
run_6ebbf78f,internal,tabular_covertype,2026-03-11T06:57:03.357472+00:00,tabular,covertype,mlp,7,113878,0.2,,1.2052,103.1311,54.0,n_d_lr_grid,25432071,0.0003,256,0.0001,adam,8000,0.869449,0.856483,7565,84.11,0.005841,50802688,-0.012966,LOW,
run_47236a36,internal,tabular_covertype,2026-03-11T06:58:28.371885+00:00,tabular,covertype,mlp,7,113878,0.2,,1.2052,103.1311,54.0,n_d_lr_grid,25432071,0.0001,256,0.0001,adam,8000,0.861618,0.838856,8000,84.49,0.005867,50802688,-0.022762,LOW,
run_c8fcfa38,internal,tabular_covertype,2026-03-11T06:59:53.184393+00:00,tabular,covertype,mlp,7,113878,0.2,,1.2052,103.1311,54.0,n_d_lr_grid,25432071,3e-05,256,0.0001,adam,8000,0.815491,0.79049,8000,84.32,0.005856,50802688,-0.025,LOW,
run_f5289b72,internal,tabular_covertype,2026-03-11T07:00:32.539805+00:00,tabular,covertype,mlp,7,199287,0.35,,1.2052,103.1311,54.0,n_d_lr_grid,3623,0.01,256,0.0001,adam,8000,0.761015,0.730432,6232,39.19,0.002722,6752,-0.030584,LOW,
run_946d371b,internal,tabular_covertype,2026-03-11T07:01:12.660184+00:00,tabular,covertype,mlp,7,199287,0.35,,1.2052,103.1311,54.0,n_d_lr_grid,3623,0.003,256,0.0001,adam,8000,0.765491,0.739286,7790,39.95,0.002774,6752,-0.026205,LOW,
run_048f92f1,internal,tabular_covertype,2026-03-11T07:01:52.987955+00:00,tabular,covertype,mlp,7,199287,0.35,,1.2052,103.1311,54.0,n_d_lr_grid,3623,0.001,256,0.0001,adam,8000,0.761532,0.734226,7011,40.16,0.002789,6752,-0.027306,LOW,
run_52ae8efc,internal,tabular_covertype,2026-03-11T07:02:31.984412+00:00,tabular,covertype,mlp,7,199287,0.35,,1.2052,103.1311,54.0,n_d_lr_grid,3623,0.0003,256,0.0001,adam,8000,0.742427,0.715383,8000,38.81,0.002695,6752,-0.027044,LOW,
run_5b3d8863,internal,tabular_covertype,2026-03-11T07:03:11.138741+00:00,tabular,covertype,mlp,7,199287,0.35,,1.2052,103.1311,54.0,n_d_lr_grid,3623,0.0001,256,0.0001,adam,8000,0.714372,0.681975,7790,38.97,0.002706,6752,-0.032396,LOW,
run_4f5ae396,internal,tabular_covertype,2026-03-11T07:03:49.969382+00:00,tabular,covertype,mlp,7,199287,0.35,,1.2052,103.1311,54.0,n_d_lr_grid,3623,3e-05,256,0.0001,adam,8000,0.671429,0.599479,7790,38.64,0.002683,6752,-0.071949,LOW,
run_96cdb581,internal,tabular_covertype,2026-03-11T07:04:29.061659+00:00,tabular,covertype,mlp,7,199287,0.35,,1.2052,103.1311,54.0,n_d_lr_grid,10311,0.01,256,0.0001,adam,8000,0.777625,0.746708,5453,38.89,0.002701,19648,-0.030917,LOW,
run_a40ad803,internal,tabular_covertype,2026-03-11T07:05:08.151698+00:00,tabular,covertype,mlp,7,199287,0.35,,1.2052,103.1311,54.0,n_d_lr_grid,10311,0.003,256,0.0001,adam,8000,0.793546,0.760863,7790,38.91,0.002702,19648,-0.032683,LOW,
run_69427d5f,internal,tabular_covertype,2026-03-11T07:06:07.389130+00:00,tabular,covertype,mlp,7,199287,0.35,,1.2052,103.1311,54.0,n_d_lr_grid,10311,0.001,256,0.0001,adam,8000,0.782272,0.757943,7790,59.06,0.004102,19648,-0.024329,LOW,
run_b68afc71,internal,tabular_covertype,2026-03-11T07:07:16.476919+00:00,tabular,covertype,mlp,7,199287,0.35,,1.2052,103.1311,54.0,n_d_lr_grid,10311,0.0003,256,0.0001,adam,8000,0.751119,0.730934,7790,68.89,0.004784,19648,-0.020185,LOW,
run_5165a5fe,internal,tabular_covertype,2026-03-11T07:08:25.585631+00:00,tabular,covertype,mlp,7,199287,0.35,,1.2052,103.1311,54.0,n_d_lr_grid,10311,0.0001,256,0.0001,adam,8000,0.731325,0.699981,7790,68.92,0.004786,19648,-0.031344,LOW,
run_b1a155b1,internal,tabular_covertype,2026-03-11T07:09:39.357696+00:00,tabular,covertype,mlp,7,199287,0.35,,1.2052,103.1311,54.0,n_d_lr_grid,10311,3e-05,256,0.0001,adam,8000,0.683993,0.636217,7790,73.58,0.00511,19648,-0.047777,LOW,
run_342b90a8,internal,tabular_covertype,2026-03-11T07:10:51.176612+00:00,tabular,covertype,mlp,7,199287,0.35,,1.2052,103.1311,54.0,n_d_lr_grid,32903,0.01,256,0.0001,adam,8000,0.79346,0.764862,7011,71.62,0.004974,63872,-0.028597,LOW,
run_6fe19335,internal,tabular_covertype,2026-03-11T07:12:04.877331+00:00,tabular,covertype,mlp,7,199287,0.35,,1.2052,103.1311,54.0,n_d_lr_grid,32903,0.003,256,0.0001,adam,8000,0.820826,0.788746,7011,73.49,0.005104,63872,-0.03208,LOW,
run_271439a0,internal,tabular_covertype,2026-03-11T07:13:18.022037+00:00,tabular,covertype,mlp,7,199287,0.35,,1.2052,103.1311,54.0,n_d_lr_grid,32903,0.001,256,0.0001,adam,8000,0.816351,0.783166,7790,72.94,0.005065,63872,-0.033185,LOW,
run_92e98af7,internal,tabular_covertype,2026-03-11T07:14:31.187039+00:00,tabular,covertype,mlp,7,199287,0.35,,1.2052,103.1311,54.0,n_d_lr_grid,32903,0.0003,256,0.0001,adam,8000,0.772892,0.749107,8000,72.97,0.005067,63872,-0.023784,LOW,
run_401ded87,internal,tabular_covertype,2026-03-11T07:15:45.223844+00:00,tabular,covertype,mlp,7,199287,0.35,,1.2052,103.1311,54.0,n_d_lr_grid,32903,0.0001,256,0.0001,adam,8000,0.741738,0.717467,7790,73.83,0.005127,63872,-0.024272,LOW,
run_e471a390,internal,tabular_covertype,2026-03-11T07:16:59.209049+00:00,tabular,covertype,mlp,7,199287,0.35,,1.2052,103.1311,54.0,n_d_lr_grid,32903,3e-05,256,0.0001,adam,8000,0.718589,0.676302,8000,73.77,0.005123,63872,-0.042287,LOW,
run_503dd4ab,internal,tabular_covertype,2026-03-11T07:18:14.169558+00:00,tabular,covertype,mlp,7,199287,0.35,,1.2052,103.1311,54.0,n_d_lr_grid,114951,0.01,256,0.0001,adam,8000,0.790706,0.762593,7790,74.76,0.005192,226048,-0.028113,LOW,
run_abf0a9b5,internal,tabular_covertype,2026-03-11T07:19:28.030580+00:00,tabular,covertype,mlp,7,199287,0.35,,1.2052,103.1311,54.0,n_d_lr_grid,114951,0.003,256,0.0001,adam,8000,0.837005,0.807143,8000,73.66,0.005115,226048,-0.029862,LOW,
run_0de0a4c3,internal,tabular_covertype,2026-03-11T07:20:40.374185+00:00,tabular,covertype,mlp,7,199287,0.35,,1.2052,103.1311,54.0,n_d_lr_grid,114951,0.001,256,0.0001,adam,8000,0.84957,0.812872,7790,72.09,0.005007,226048,-0.036698,LOW,
run_137cf5f8,internal,tabular_covertype,2026-03-11T07:21:53.069843+00:00,tabular,covertype,mlp,7,199287,0.35,,1.2052,103.1311,54.0,n_d_lr_grid,114951,0.0003,256,0.0001,adam,8000,0.79957,0.769847,8000,72.48,0.005034,226048,-0.029722,LOW,
run_bceb3b0a,internal,tabular_covertype,2026-03-11T07:23:04.726137+00:00,tabular,covertype,mlp,7,199287,0.35,,1.2052,103.1311,54.0,n_d_lr_grid,114951,0.0001,256,0.0001,adam,8000,0.759983,0.733836,7790,71.45,0.004962,226048,-0.026147,LOW,
run_41e53334,internal,tabular_covertype,2026-03-11T07:24:16.083778+00:00,tabular,covertype,mlp,7,199287,0.35,,1.2052,103.1311,54.0,n_d_lr_grid,114951,3e-05,256,0.0001,adam,8000,0.729604,0.697935,8000,71.15,0.004941,226048,-0.031669,LOW,
run_1e55f5ec,internal,tabular_covertype,2026-03-11T07:25:26.744925+00:00,tabular,covertype,mlp,7,199287,0.35,,1.2052,103.1311,54.0,n_d_lr_grid,426503,0.01,256,0.0001,adam,8000,0.790706,0.765625,6232,70.45,0.004892,845312,-0.025081,LOW,
run_8820d67d,internal,tabular_covertype,2026-03-11T07:26:37.218745+00:00,tabular,covertype,mlp,7,199287,0.35,,1.2052,103.1311,54.0,n_d_lr_grid,426503,0.003,256,0.0001,adam,8000,0.845955,0.819699,8000,70.28,0.004881,845312,-0.026257,LOW,
run_231c4176,internal,tabular_covertype,2026-03-11T07:27:31.977776+00:00,tabular,covertype,mlp,7,199287,0.35,,1.2052,103.1311,54.0,n_d_lr_grid,426503,0.001,256,0.0001,adam,8000,0.866351,0.840141,8000,54.57,0.00379,845312,-0.02621,LOW,
run_39a7ebf1,internal,tabular_covertype,2026-03-11T07:28:42.468337+00:00,tabular,covertype,mlp,7,199287,0.35,,1.2052,103.1311,54.0,n_d_lr_grid,426503,0.0003,256,0.0001,adam,8000,0.833907,0.802083,7790,70.3,0.004882,845312,-0.031824,LOW,
run_a800366d,internal,tabular_covertype,2026-03-11T07:29:52.606360+00:00,tabular,covertype,mlp,7,199287,0.35,,1.2052,103.1311,54.0,n_d_lr_grid,426503,0.0001,256,0.0001,adam,8000,0.784596,0.756492,8000,69.95,0.004858,845312,-0.028104,LOW,
run_411594b9,internal,tabular_covertype,2026-03-11T07:31:02.170539+00:00,tabular,covertype,mlp,7,199287,0.35,,1.2052,103.1311,54.0,n_d_lr_grid,426503,3e-05,256,0.0001,adam,8000,0.746299,0.722117,7790,69.37,0.004817,845312,-0.024183,LOW,
run_33b649bf,internal,tabular_covertype,2026-03-11T07:32:10.262775+00:00,tabular,covertype,mlp,7,199287,0.35,,1.2052,103.1311,54.0,n_d_lr_grid,1639431,0.01,256,0.0001,adam,8000,0.789415,0.765495,6232,67.89,0.004715,3263488,-0.02392,LOW,
run_3331d7a8,internal,tabular_covertype,2026-03-11T07:33:19.646875+00:00,tabular,covertype,mlp,7,199287,0.35,,1.2052,103.1311,54.0,n_d_lr_grid,1639431,0.003,256,0.0001,adam,8000,0.848365,0.818378,7790,69.17,0.004803,3263488,-0.029987,LOW,
run_03322ae8,internal,tabular_covertype,2026-03-11T07:34:26.999232+00:00,tabular,covertype,mlp,7,199287,0.35,,1.2052,103.1311,54.0,n_d_lr_grid,1639431,0.001,256,0.0001,adam,8000,0.875215,0.853404,7790,67.14,0.004663,3263488,-0.021811,LOW,
run_bb7dfdd2,internal,tabular_covertype,2026-03-11T07:35:34.640417+00:00,tabular,covertype,mlp,7,199287,0.35,,1.2052,103.1311,54.0,n_d_lr_grid,1639431,0.0003,256,0.0001,adam,8000,0.859208,0.833557,8000,67.43,0.004683,3263488,-0.025652,LOW,
run_80371307,internal,tabular_covertype,2026-03-11T07:36:43.398078+00:00,tabular,covertype,mlp,7,199287,0.35,,1.2052,103.1311,54.0,n_d_lr_grid,1639431,0.0001,256,0.0001,adam,8000,0.817298,0.789379,8000,68.53,0.004759,3263488,-0.027919,LOW,
run_be0f9ce3,internal,tabular_covertype,2026-03-11T07:37:51.596725+00:00,tabular,covertype,mlp,7,199287,0.35,,1.2052,103.1311,54.0,n_d_lr_grid,1639431,3e-05,256,0.0001,adam,8000,0.772461,0.746001,8000,67.95,0.004719,3263488,-0.026461,LOW,
run_36cb7c37,internal,tabular_covertype,2026-03-11T07:39:07.692478+00:00,tabular,covertype,mlp,7,199287,0.35,,1.2052,103.1311,54.0,n_d_lr_grid,6424583,0.01,256,0.0001,adam,8000,0.789501,0.76369,7011,75.81,0.005265,12818432,-0.02581,LOW,
run_bf856a75,internal,tabular_covertype,2026-03-11T07:40:24.591541+00:00,tabular,covertype,mlp,7,199287,0.35,,1.2052,103.1311,54.0,n_d_lr_grid,6424583,0.003,256,0.0001,adam,8000,0.844836,0.815216,8000,76.63,0.005321,12818432,-0.029621,LOW,
run_a0195aa0,internal,tabular_covertype,2026-03-11T07:41:40.678041+00:00,tabular,covertype,mlp,7,199287,0.35,,1.2052,103.1311,54.0,n_d_lr_grid,6424583,0.001,256,0.0001,adam,8000,0.872375,0.85253,8000,75.76,0.005261,12818432,-0.019845,LOW,
run_6c4b8ac8,internal,tabular_covertype,2026-03-11T07:42:56.738423+00:00,tabular,covertype,mlp,7,199287,0.35,,1.2052,103.1311,54.0,n_d_lr_grid,6424583,0.0003,256,0.0001,adam,8000,0.868244,0.852195,8000,75.73,0.005259,12818432,-0.016049,LOW,
run_a8791072,internal,tabular_covertype,2026-03-11T07:44:13.408861+00:00,tabular,covertype,mlp,7,199287,0.35,,1.2052,103.1311,54.0,n_d_lr_grid,6424583,0.0001,256,0.0001,adam,8000,0.837866,0.813616,8000,76.39,0.005305,12818432,-0.02425,LOW,
run_cdadce63,internal,tabular_covertype,2026-03-11T07:45:29.461477+00:00,tabular,covertype,mlp,7,199287,0.35,,1.2052,103.1311,54.0,n_d_lr_grid,6424583,3e-05,256,0.0001,adam,8000,0.793287,0.76795,8000,75.75,0.00526,12818432,-0.025337,LOW,
run_62baa331,internal,tabular_covertype,2026-03-11T07:48:17.317499+00:00,tabular,covertype,mlp,7,199287,0.35,,1.2052,103.1311,54.0,n_d_lr_grid,25432071,0.01,256,0.0001,adam,8000,0.785886,0.762091,7790,167.3,0.011618,50802688,-0.023796,LOW,
run_4f45e999,internal,tabular_covertype,2026-03-11T07:51:04.878338+00:00,tabular,covertype,mlp,7,199287,0.35,,1.2052,103.1311,54.0,n_d_lr_grid,25432071,0.003,256,0.0001,adam,8000,0.840189,0.811737,7011,166.99,0.011597,50802688,-0.028452,LOW,
run_a427ed6b,internal,tabular_covertype,2026-03-11T07:53:51.364175+00:00,tabular,covertype,mlp,7,199287,0.35,,1.2052,103.1311,54.0,n_d_lr_grid,25432071,0.001,256,0.0001,adam,8000,0.871256,0.850242,8000,165.92,0.011522,50802688,-0.021015,LOW,
run_c0583e94,internal,tabular_covertype,2026-03-11T07:56:36.949133+00:00,tabular,covertype,mlp,7,199287,0.35,,1.2052,103.1311,54.0,n_d_lr_grid,25432071,0.0003,256,0.0001,adam,8000,0.872461,0.856231,8000,165.03,0.011461,50802688,-0.01623,LOW,
run_ebf790b5,internal,tabular_covertype,2026-03-11T07:59:24.125382+00:00,tabular,covertype,mlp,7,199287,0.35,,1.2052,103.1311,54.0,n_d_lr_grid,25432071,0.0001,256,0.0001,adam,8000,0.859552,0.839193,8000,166.61,0.01157,50802688,-0.02036,LOW,
run_25608f90,internal,tabular_covertype,2026-03-11T08:01:49.976264+00:00,tabular,covertype,mlp,7,199287,0.35,,1.2052,103.1311,54.0,n_d_lr_grid,25432071,3e-05,256,0.0001,adam,8000,0.815404,0.791946,8000,145.26,0.010087,50802688,-0.023459,LOW,
run_6c5af255,internal,tabular_covertype,2026-03-11T08:02:57.977330+00:00,tabular,covertype,mlp,7,284696,0.5,,1.2052,103.1311,54.0,n_d_lr_grid,3623,0.01,256,0.0001,adam,8000,0.757057,0.731553,3339,67.75,0.004705,6752,-0.025504,LOW,
run_46738c72,internal,tabular_covertype,2026-03-11T08:04:04.766332+00:00,tabular,covertype,mlp,7,284696,0.5,,1.2052,103.1311,54.0,n_d_lr_grid,3623,0.003,256,0.0001,adam,8000,0.76747,0.739571,7791,66.54,0.004621,6752,-0.027899,LOW,
run_487d3dfc,internal,tabular_covertype,2026-03-11T08:05:11.281946+00:00,tabular,covertype,mlp,7,284696,0.5,,1.2052,103.1311,54.0,n_d_lr_grid,3623,0.001,256,0.0001,adam,8000,0.762565,0.737029,7791,66.14,0.004593,6752,-0.025536,LOW,
run_99c08a12,internal,tabular_covertype,2026-03-11T08:06:20.188323+00:00,tabular,covertype,mlp,7,284696,0.5,,1.2052,103.1311,54.0,n_d_lr_grid,3623,0.0003,256,0.0001,adam,8000,0.741652,0.71589,8000,68.63,0.004766,6752,-0.025762,LOW,
run_331168fb,internal,tabular_covertype,2026-03-11T08:07:27.374440+00:00,tabular,covertype,mlp,7,284696,0.5,,1.2052,103.1311,54.0,n_d_lr_grid,3623,0.0001,256,0.0001,adam,8000,0.71506,0.683295,7791,66.93,0.004648,6752,-0.031766,LOW,
run_a7ed3045,internal,tabular_covertype,2026-03-11T08:08:34.850495+00:00,tabular,covertype,mlp,7,284696,0.5,,1.2052,103.1311,54.0,n_d_lr_grid,3623,3e-05,256,0.0001,adam,8000,0.674871,0.599264,8000,67.24,0.004669,6752,-0.075607,LOW,
run_e84b8b2d,internal,tabular_covertype,2026-03-11T08:09:41.932808+00:00,tabular,covertype,mlp,7,284696,0.5,,1.2052,103.1311,54.0,n_d_lr_grid,10311,0.01,256,0.0001,adam,8000,0.777281,0.747701,8000,66.85,0.004642,19648,-0.029579,LOW,
run_a1252b1e,internal,tabular_covertype,2026-03-11T08:10:50.224811+00:00,tabular,covertype,mlp,7,284696,0.5,,1.2052,103.1311,54.0,n_d_lr_grid,10311,0.003,256,0.0001,adam,8000,0.797074,0.761625,8000,68.06,0.004726,19648,-0.035449,LOW,
run_19e5aee6,internal,tabular_covertype,2026-03-11T08:11:58.527068+00:00,tabular,covertype,mlp,7,284696,0.5,,1.2052,103.1311,54.0,n_d_lr_grid,10311,0.001,256,0.0001,adam,8000,0.783735,0.754374,8000,68.07,0.004727,19648,-0.029361,LOW,
run_9c9ce205,internal,tabular_covertype,2026-03-11T08:13:06.906216+00:00,tabular,covertype,mlp,7,284696,0.5,,1.2052,103.1311,54.0,n_d_lr_grid,10311,0.0003,256,0.0001,adam,8000,0.751635,0.729179,8000,68.14,0.004732,19648,-0.022456,LOW,
run_055e77c2,internal,tabular_covertype,2026-03-11T08:14:15.840335+00:00,tabular,covertype,mlp,7,284696,0.5,,1.2052,103.1311,54.0,n_d_lr_grid,10311,0.0001,256,0.0001,adam,8000,0.735026,0.698714,8000,68.7,0.004771,19648,-0.036312,LOW,
run_3f6262f7,internal,tabular_covertype,2026-03-11T08:15:24.221211+00:00,tabular,covertype,mlp,7,284696,0.5,,1.2052,103.1311,54.0,n_d_lr_grid,10311,3e-05,256,0.0001,adam,8000,0.688812,0.637018,8000,68.14,0.004732,19648,-0.051795,LOW,
run_fae20f73,internal,tabular_covertype,2026-03-11T08:16:32.703417+00:00,tabular,covertype,mlp,7,284696,0.5,,1.2052,103.1311,54.0,n_d_lr_grid,32903,0.01,256,0.0001,adam,8000,0.789071,0.76028,6678,68.22,0.004737,63872,-0.028791,LOW,
run_0e0368d6,internal,tabular_covertype,2026-03-11T08:17:40.536747+00:00,tabular,covertype,mlp,7,284696,0.5,,1.2052,103.1311,54.0,n_d_lr_grid,32903,0.003,256,0.0001,adam,8000,0.819793,0.788315,8000,67.58,0.004693,63872,-0.031479,LOW,
run_64f8edd3,internal,tabular_covertype,2026-03-11T08:18:49.440765+00:00,tabular,covertype,mlp,7,284696,0.5,,1.2052,103.1311,54.0,n_d_lr_grid,32903,0.001,256,0.0001,adam,8000,0.816179,0.782446,8000,68.66,0.004768,63872,-0.033733,LOW,
run_7fff7709,internal,tabular_covertype,2026-03-11T08:19:59.416489+00:00,tabular,covertype,mlp,7,284696,0.5,,1.2052,103.1311,54.0,n_d_lr_grid,32903,0.0003,256,0.0001,adam,8000,0.772547,0.747103,8000,69.74,0.004843,63872,-0.025444,LOW,
run_563ce5f5,internal,tabular_covertype,2026-03-11T08:21:07.403384+00:00,tabular,covertype,mlp,7,284696,0.5,,1.2052,103.1311,54.0,n_d_lr_grid,32903,0.0001,256,0.0001,adam,8000,0.740534,0.717797,8000,67.76,0.004705,63872,-0.022737,LOW,
run_402668cd,internal,tabular_covertype,2026-03-11T08:22:15.650717+00:00,tabular,covertype,mlp,7,284696,0.5,,1.2052,103.1311,54.0,n_d_lr_grid,32903,3e-05,256,0.0001,adam,8000,0.718761,0.677463,8000,67.99,0.004721,63872,-0.041297,LOW,
run_2db17581,internal,tabular_covertype,2026-03-11T08:23:25.811813+00:00,tabular,covertype,mlp,7,284696,0.5,,1.2052,103.1311,54.0,n_d_lr_grid,114951,0.01,256,0.0001,adam,8000,0.785456,0.765326,5565,69.92,0.004855,226048,-0.02013,LOW,
run_b0e2981c,internal,tabular_covertype,2026-03-11T08:24:38.243290+00:00,tabular,covertype,mlp,7,284696,0.5,,1.2052,103.1311,54.0,n_d_lr_grid,114951,0.003,256,0.0001,adam,8000,0.842771,0.810519,8000,72.19,0.005014,226048,-0.032252,LOW,
run_f3836109,internal,tabular_covertype,2026-03-11T08:25:48.916495+00:00,tabular,covertype,mlp,7,284696,0.5,,1.2052,103.1311,54.0,n_d_lr_grid,114951,0.001,256,0.0001,adam,8000,0.848021,0.812238,7791,70.43,0.004891,226048,-0.035782,LOW,
run_0b8d091d,internal,tabular_covertype,2026-03-11T08:26:58.281352+00:00,tabular,covertype,mlp,7,284696,0.5,,1.2052,103.1311,54.0,n_d_lr_grid,114951,0.0003,256,0.0001,adam,8000,0.800516,0.772671,7791,69.12,0.0048,226048,-0.027845,LOW,
run_cf7ed176,internal,tabular_covertype,2026-03-11T08:28:07.293648+00:00,tabular,covertype,mlp,7,284696,0.5,,1.2052,103.1311,54.0,n_d_lr_grid,114951,0.0001,256,0.0001,adam,8000,0.75938,0.74086,8000,68.77,0.004775,226048,-0.01852,LOW,
run_7ce72b46,internal,tabular_covertype,2026-03-11T08:29:16.931295+00:00,tabular,covertype,mlp,7,284696,0.5,,1.2052,103.1311,54.0,n_d_lr_grid,114951,3e-05,256,0.0001,adam,8000,0.728571,0.704564,8000,69.38,0.004818,226048,-0.024007,LOW,
run_8779c9c6,internal,tabular_covertype,2026-03-11T08:30:01.642502+00:00,tabular,covertype,mlp,7,284696,0.5,,1.2052,103.1311,54.0,n_d_lr_grid,426503,0.01,256,0.0001,adam,8000,0.793287,0.762242,8000,44.46,0.003087,845312,-0.031045,LOW,
run_7374c983,internal,tabular_covertype,2026-03-11T08:30:40.602248+00:00,tabular,covertype,mlp,7,284696,0.5,,1.2052,103.1311,54.0,n_d_lr_grid,426503,0.003,256,0.0001,adam,8000,0.847246,0.818107,8000,38.73,0.00269,845312,-0.029139,LOW,
run_2e6e8265,internal,tabular_covertype,2026-03-11T08:31:20.167972+00:00,tabular,covertype,mlp,7,284696,0.5,,1.2052,103.1311,54.0,n_d_lr_grid,426503,0.001,256,0.0001,adam,8000,0.871084,0.840984,8000,39.29,0.002729,845312,-0.0301,LOW,
run_c34b2075,internal,tabular_covertype,2026-03-11T08:31:59.146107+00:00,tabular,covertype,mlp,7,284696,0.5,,1.2052,103.1311,54.0,n_d_lr_grid,426503,0.0003,256,0.0001,adam,8000,0.833219,0.801062,8000,38.75,0.002691,845312,-0.032157,LOW,
run_12c541b0,internal,tabular_covertype,2026-03-11T08:32:37.213107+00:00,tabular,covertype,mlp,7,284696,0.5,,1.2052,103.1311,54.0,n_d_lr_grid,426503,0.0001,256,0.0001,adam,8000,0.785886,0.758074,8000,37.83,0.002627,845312,-0.027812,LOW,
run_cce13a2e,internal,tabular_covertype,2026-03-11T08:33:14.116937+00:00,tabular,covertype,mlp,7,284696,0.5,,1.2052,103.1311,54.0,n_d_lr_grid,426503,3e-05,256,0.0001,adam,8000,0.746472,0.722039,7791,36.64,0.002545,845312,-0.024432,LOW,
run_11837679,internal,tabular_covertype,2026-03-11T08:33:53.251837+00:00,tabular,covertype,mlp,7,284696,0.5,,1.2052,103.1311,54.0,n_d_lr_grid,1639431,0.01,256,0.0001,adam,8000,0.791136,0.763438,8000,38.89,0.002701,3263488,-0.027698,LOW,
run_26d78a74,internal,tabular_covertype,2026-03-11T08:34:31.602202+00:00,tabular,covertype,mlp,7,284696,0.5,,1.2052,103.1311,54.0,n_d_lr_grid,1639431,0.003,256,0.0001,adam,8000,0.850516,0.817621,8000,38.06,0.002643,3263488,-0.032895,LOW,
run_6a3f8982,internal,tabular_covertype,2026-03-11T08:35:10.551244+00:00,tabular,covertype,mlp,7,284696,0.5,,1.2052,103.1311,54.0,n_d_lr_grid,1639431,0.001,256,0.0001,adam,8000,0.880981,0.850983,8000,38.71,0.002688,3263488,-0.029998,LOW,
run_e85b0d97,internal,tabular_covertype,2026-03-11T08:35:48.656161+00:00,tabular,covertype,mlp,7,284696,0.5,,1.2052,103.1311,54.0,n_d_lr_grid,1639431,0.0003,256,0.0001,adam,8000,0.861618,0.832162,8000,37.86,0.002629,3263488,-0.029456,LOW,
run_3501cadf,internal,tabular_covertype,2026-03-11T08:36:27.822539+00:00,tabular,covertype,mlp,7,284696,0.5,,1.2052,103.1311,54.0,n_d_lr_grid,1639431,0.0001,256,0.0001,adam,8000,0.815232,0.786109,8000,38.92,0.002703,3263488,-0.029123,LOW,
run_792ad061,internal,tabular_covertype,2026-03-11T08:37:07.378032+00:00,tabular,covertype,mlp,7,284696,0.5,,1.2052,103.1311,54.0,n_d_lr_grid,1639431,3e-05,256,0.0001,adam,8000,0.770224,0.744337,8000,39.31,0.00273,3263488,-0.025887,LOW,
run_58bf089f,internal,tabular_covertype,2026-03-11T08:37:49.609564+00:00,tabular,covertype,mlp,7,284696,0.5,,1.2052,103.1311,54.0,n_d_lr_grid,6424583,0.01,256,0.0001,adam,8000,0.788812,0.762036,8000,41.9,0.00291,12818432,-0.026776,LOW,
run_58b875f7,internal,tabular_covertype,2026-03-11T08:38:31.630394+00:00,tabular,covertype,mlp,7,284696,0.5,,1.2052,103.1311,54.0,n_d_lr_grid,6424583,0.003,256,0.0001,adam,8000,0.846644,0.814294,8000,41.69,0.002895,12818432,-0.032349,LOW,
run_9073842a,internal,tabular_covertype,2026-03-11T08:39:14.829449+00:00,tabular,covertype,mlp,7,284696,0.5,,1.2052,103.1311,54.0,n_d_lr_grid,6424583,0.001,256,0.0001,adam,8000,0.872806,0.850927,7791,42.89,0.002979,12818432,-0.021878,LOW,
run_1fd7b6e9,internal,tabular_covertype,2026-03-11T08:39:57.659238+00:00,tabular,covertype,mlp,7,284696,0.5,,1.2052,103.1311,54.0,n_d_lr_grid,6424583,0.0003,256,0.0001,adam,8000,0.873322,0.848105,7791,42.46,0.002949,12818432,-0.025217,LOW,
run_b04d386e,internal,tabular_covertype,2026-03-11T08:40:39.816185+00:00,tabular,covertype,mlp,7,284696,0.5,,1.2052,103.1311,54.0,n_d_lr_grid,6424583,0.0001,256,0.0001,adam,8000,0.839759,0.812612,7791,41.83,0.002905,12818432,-0.027147,LOW,
run_c8e647be,internal,tabular_covertype,2026-03-11T08:41:21.694830+00:00,tabular,covertype,mlp,7,284696,0.5,,1.2052,103.1311,54.0,n_d_lr_grid,6424583,3e-05,256,0.0001,adam,8000,0.792255,0.766242,8000,41.57,0.002887,12818432,-0.026013,LOW,
run_160854b1,internal,tabular_covertype,2026-03-11T08:42:41.684949+00:00,tabular,covertype,mlp,7,284696,0.5,,1.2052,103.1311,54.0,n_d_lr_grid,25432071,0.01,256,0.0001,adam,8000,0.788812,0.761214,8000,79.4,0.005514,50802688,-0.027598,LOW,
run_ad57976c,internal,tabular_covertype,2026-03-11T08:44:01.818139+00:00,tabular,covertype,mlp,7,284696,0.5,,1.2052,103.1311,54.0,n_d_lr_grid,25432071,0.003,256,0.0001,adam,8000,0.838985,0.812014,8000,79.53,0.005523,50802688,-0.02697,LOW,
run_942c3528,internal,tabular_covertype,2026-03-11T08:45:22.044873+00:00,tabular,covertype,mlp,7,284696,0.5,,1.2052,103.1311,54.0,n_d_lr_grid,25432071,0.001,256,0.0001,adam,8000,0.876334,0.849993,8000,79.64,0.00553,50802688,-0.026341,LOW,
run_6c61cba2,internal,tabular_covertype,2026-03-11T08:46:41.949595+00:00,tabular,covertype,mlp,7,284696,0.5,,1.2052,103.1311,54.0,n_d_lr_grid,25432071,0.0003,256,0.0001,adam,8000,0.867212,0.852777,8000,79.32,0.005508,50802688,-0.014434,LOW,
run_674bacf3,internal,tabular_covertype,2026-03-11T08:48:01.976993+00:00,tabular,covertype,mlp,7,284696,0.5,,1.2052,103.1311,54.0,n_d_lr_grid,25432071,0.0001,256,0.0001,adam,8000,0.85852,0.836274,8000,79.4,0.005514,50802688,-0.022246,LOW,
run_5984e134,internal,tabular_covertype,2026-03-11T08:49:21.795056+00:00,tabular,covertype,mlp,7,284696,0.5,,1.2052,103.1311,54.0,n_d_lr_grid,25432071,3e-05,256,0.0001,adam,8000,0.815232,0.794464,7791,79.22,0.005501,50802688,-0.020768,LOW,
run_db637e04,internal,tabular_covertype,2026-03-11T08:49:58.787508+00:00,tabular,covertype,mlp,7,427044,0.75,,1.2052,103.1311,54.0,n_d_lr_grid,3623,0.01,256,0.0001,adam,8000,0.760843,0.730669,6676,36.62,0.002543,6752,-0.030174,LOW,
run_152d0b1f,internal,tabular_covertype,2026-03-11T08:50:36.327431+00:00,tabular,covertype,mlp,7,427044,0.75,,1.2052,103.1311,54.0,n_d_lr_grid,3623,0.003,256,0.0001,adam,8000,0.763855,0.736892,8000,37.2,0.002584,6752,-0.026964,LOW,
run_c41a19dd,internal,tabular_covertype,2026-03-11T08:51:13.478150+00:00,tabular,covertype,mlp,7,427044,0.75,,1.2052,103.1311,54.0,n_d_lr_grid,3623,0.001,256,0.0001,adam,8000,0.766351,0.735065,8000,36.83,0.002558,6752,-0.031286,LOW,
run_c1f15df7,internal,tabular_covertype,2026-03-11T08:51:51.524891+00:00,tabular,covertype,mlp,7,427044,0.75,,1.2052,103.1311,54.0,n_d_lr_grid,3623,0.0003,256,0.0001,adam,8000,0.740017,0.714558,8000,37.72,0.00262,6752,-0.02546,LOW,
run_b847986d,internal,tabular_covertype,2026-03-11T08:52:28.342180+00:00,tabular,covertype,mlp,7,427044,0.75,,1.2052,103.1311,54.0,n_d_lr_grid,3623,0.0001,256,0.0001,adam,8000,0.714286,0.680626,8000,36.5,0.002535,6752,-0.03366,LOW,
run_e752c5ab,internal,tabular_covertype,2026-03-11T08:53:06.089883+00:00,tabular,covertype,mlp,7,427044,0.75,,1.2052,103.1311,54.0,n_d_lr_grid,3623,3e-05,256,0.0001,adam,8000,0.672978,0.592354,8000,37.43,0.002599,6752,-0.080623,LOW,
run_5e2112c3,internal,tabular_covertype,2026-03-11T08:53:43.455254+00:00,tabular,covertype,mlp,7,427044,0.75,,1.2052,103.1311,54.0,n_d_lr_grid,10311,0.01,256,0.0001,adam,8000,0.777194,0.748776,5007,37.04,0.002572,19648,-0.028419,LOW,
run_48112bbd,internal,tabular_covertype,2026-03-11T08:54:21.782752+00:00,tabular,covertype,mlp,7,427044,0.75,,1.2052,103.1311,54.0,n_d_lr_grid,10311,0.003,256,0.0001,adam,8000,0.794492,0.762329,8000,38.01,0.00264,19648,-0.032163,LOW,
run_fc425ebf,internal,tabular_covertype,2026-03-11T08:54:59.341629+00:00,tabular,covertype,mlp,7,427044,0.75,,1.2052,103.1311,54.0,n_d_lr_grid,10311,0.001,256,0.0001,adam,8000,0.782272,0.754051,8000,37.21,0.002584,19648,-0.028221,LOW,
run_b00e263b,internal,tabular_covertype,2026-03-11T08:55:35.760930+00:00,tabular,covertype,mlp,7,427044,0.75,,1.2052,103.1311,54.0,n_d_lr_grid,10311,0.0003,256,0.0001,adam,8000,0.751463,0.72825,8000,36.1,0.002507,19648,-0.023213,LOW,
run_7e319bad,internal,tabular_covertype,2026-03-11T08:56:12.459152+00:00,tabular,covertype,mlp,7,427044,0.75,,1.2052,103.1311,54.0,n_d_lr_grid,10311,0.0001,256,0.0001,adam,8000,0.730981,0.699711,8000,36.35,0.002524,19648,-0.03127,LOW,
run_7164a343,internal,tabular_covertype,2026-03-11T08:56:49.494016+00:00,tabular,covertype,mlp,7,427044,0.75,,1.2052,103.1311,54.0,n_d_lr_grid,10311,3e-05,256,0.0001,adam,8000,0.686059,0.633889,8000,36.68,0.002547,19648,-0.052169,LOW,
run_cabb24f2,internal,tabular_covertype,2026-03-11T08:57:27.448638+00:00,tabular,covertype,mlp,7,427044,0.75,,1.2052,103.1311,54.0,n_d_lr_grid,32903,0.01,256,0.0001,adam,8000,0.788038,0.762282,8000,37.59,0.00261,63872,-0.025756,LOW,
run_37edec38,internal,tabular_covertype,2026-03-11T08:58:03.562779+00:00,tabular,covertype,mlp,7,427044,0.75,,1.2052,103.1311,54.0,n_d_lr_grid,32903,0.003,256,0.0001,adam,8000,0.818589,0.786059,6676,35.75,0.002483,63872,-0.03253,LOW,
run_7a5d2646,internal,tabular_covertype,2026-03-11T08:58:39.687504+00:00,tabular,covertype,mlp,7,427044,0.75,,1.2052,103.1311,54.0,n_d_lr_grid,32903,0.001,256,0.0001,adam,8000,0.815404,0.782436,8000,35.81,0.002487,63872,-0.032968,LOW,
run_c299573d,internal,tabular_covertype,2026-03-11T08:59:17.606334+00:00,tabular,covertype,mlp,7,427044,0.75,,1.2052,103.1311,54.0,n_d_lr_grid,32903,0.0003,256,0.0001,adam,8000,0.772633,0.745182,8000,37.59,0.002611,63872,-0.027451,LOW,
run_7a85a3ea,internal,tabular_covertype,2026-03-11T08:59:55.088860+00:00,tabular,covertype,mlp,7,427044,0.75,,1.2052,103.1311,54.0,n_d_lr_grid,32903,0.0001,256,0.0001,adam,8000,0.739845,0.71567,8000,37.11,0.002577,63872,-0.024175,LOW,
run_b10b2780,internal,tabular_covertype,2026-03-11T09:00:33.090965+00:00,tabular,covertype,mlp,7,427044,0.75,,1.2052,103.1311,54.0,n_d_lr_grid,32903,3e-05,256,0.0001,adam,8000,0.717212,0.671736,8000,37.68,0.002617,63872,-0.045475,LOW,
run_54075d80,internal,tabular_covertype,2026-03-11T09:01:09.536230+00:00,tabular,covertype,mlp,7,427044,0.75,,1.2052,103.1311,54.0,n_d_lr_grid,114951,0.01,256,0.0001,adam,8000,0.79148,0.76543,8000,36.1,0.002507,226048,-0.02605,LOW,
run_c98a4aa6,internal,tabular_covertype,2026-03-11T09:01:47.096598+00:00,tabular,covertype,mlp,7,427044,0.75,,1.2052,103.1311,54.0,n_d_lr_grid,114951,0.003,256,0.0001,adam,8000,0.843804,0.807083,8000,37.21,0.002584,226048,-0.036721,LOW,
run_6423aa10,internal,tabular_covertype,2026-03-11T09:02:24.045745+00:00,tabular,covertype,mlp,7,427044,0.75,,1.2052,103.1311,54.0,n_d_lr_grid,114951,0.001,256,0.0001,adam,8000,0.849398,0.808334,8000,36.63,0.002544,226048,-0.041063,LOW,
run_e8517332,internal,tabular_covertype,2026-03-11T09:03:01.538886+00:00,tabular,covertype,mlp,7,427044,0.75,,1.2052,103.1311,54.0,n_d_lr_grid,114951,0.0003,256,0.0001,adam,8000,0.800602,0.770154,8000,37.17,0.002581,226048,-0.030449,LOW,
run_f2f47e62,internal,tabular_covertype,2026-03-11T09:03:39.213093+00:00,tabular,covertype,mlp,7,427044,0.75,,1.2052,103.1311,54.0,n_d_lr_grid,114951,0.0001,256,0.0001,adam,8000,0.75938,0.736951,8000,37.36,0.002594,226048,-0.02243,LOW,
run_cff84719,internal,tabular_covertype,2026-03-11T09:04:16.004808+00:00,tabular,covertype,mlp,7,427044,0.75,,1.2052,103.1311,54.0,n_d_lr_grid,114951,3e-05,256,0.0001,adam,8000,0.729002,0.701375,8000,36.47,0.002532,226048,-0.027626,LOW,
run_4ce0eee8,internal,tabular_covertype,2026-03-11T09:04:53.292459+00:00,tabular,covertype,mlp,7,427044,0.75,,1.2052,103.1311,54.0,n_d_lr_grid,426503,0.01,256,0.0001,adam,8000,0.786747,0.764734,3338,36.96,0.002567,845312,-0.022013,LOW,
run_1734e223,internal,tabular_covertype,2026-03-11T09:05:30.517266+00:00,tabular,covertype,mlp,7,427044,0.75,,1.2052,103.1311,54.0,n_d_lr_grid,426503,0.003,256,0.0001,adam,8000,0.846127,0.818076,8000,36.9,0.002562,845312,-0.028051,LOW,
run_48b8dcde,internal,tabular_covertype,2026-03-11T09:06:07.637939+00:00,tabular,covertype,mlp,7,427044,0.75,,1.2052,103.1311,54.0,n_d_lr_grid,426503,0.001,256,0.0001,adam,8000,0.869621,0.835008,8000,36.8,0.002555,845312,-0.034613,LOW,
run_76b97ec7,internal,tabular_covertype,2026-03-11T09:06:44.410745+00:00,tabular,covertype,mlp,7,427044,0.75,,1.2052,103.1311,54.0,n_d_lr_grid,426503,0.0003,256,0.0001,adam,8000,0.831756,0.796553,8000,36.44,0.002531,845312,-0.035202,LOW,
run_ee535300,internal,tabular_covertype,2026-03-11T09:07:23.397206+00:00,tabular,covertype,mlp,7,427044,0.75,,1.2052,103.1311,54.0,n_d_lr_grid,426503,0.0001,256,0.0001,adam,8000,0.784596,0.756715,8000,38.66,0.002685,845312,-0.027881,LOW,
run_c0ca0f4e,internal,tabular_covertype,2026-03-11T09:08:00.063170+00:00,tabular,covertype,mlp,7,427044,0.75,,1.2052,103.1311,54.0,n_d_lr_grid,426503,3e-05,256,0.0001,adam,8000,0.748537,0.721836,8000,36.33,0.002523,845312,-0.026701,LOW,
run_06d46370,internal,tabular_covertype,2026-03-11T09:08:38.992198+00:00,tabular,covertype,mlp,7,427044,0.75,,1.2052,103.1311,54.0,n_d_lr_grid,1639431,0.01,256,0.0001,adam,8000,0.792169,0.763926,6676,38.59,0.00268,3263488,-0.028243,LOW,
run_ed7ee99e,internal,tabular_covertype,2026-03-11T09:09:16.905730+00:00,tabular,covertype,mlp,7,427044,0.75,,1.2052,103.1311,54.0,n_d_lr_grid,1639431,0.003,256,0.0001,adam,8000,0.846386,0.816799,8000,37.51,0.002605,3263488,-0.029587,LOW,
run_6163765e,internal,tabular_covertype,2026-03-11T09:09:56.026576+00:00,tabular,covertype,mlp,7,427044,0.75,,1.2052,103.1311,54.0,n_d_lr_grid,1639431,0.001,256,0.0001,adam,8000,0.870826,0.848025,6676,38.72,0.002689,3263488,-0.022801,LOW,
run_d9bfb300,internal,tabular_covertype,2026-03-11T09:10:33.404596+00:00,tabular,covertype,mlp,7,427044,0.75,,1.2052,103.1311,54.0,n_d_lr_grid,1639431,0.0003,256,0.0001,adam,8000,0.862392,0.825378,8000,37.01,0.00257,3263488,-0.037014,LOW,
run_d2455c52,internal,tabular_covertype,2026-03-11T09:11:10.678047+00:00,tabular,covertype,mlp,7,427044,0.75,,1.2052,103.1311,54.0,n_d_lr_grid,1639431,0.0001,256,0.0001,adam,8000,0.812392,0.781991,8000,36.89,0.002562,3263488,-0.030402,LOW,
run_a3758004,internal,tabular_covertype,2026-03-11T09:11:47.629971+00:00,tabular,covertype,mlp,7,427044,0.75,,1.2052,103.1311,54.0,n_d_lr_grid,1639431,3e-05,256,0.0001,adam,8000,0.770224,0.743362,8000,36.62,0.002543,3263488,-0.026862,LOW,
run_080b410e,internal,tabular_covertype,2026-03-11T09:12:28.210576+00:00,tabular,covertype,mlp,7,427044,0.75,,1.2052,103.1311,54.0,n_d_lr_grid,6424583,0.01,256,0.0001,adam,8000,0.784165,0.762973,5007,40.12,0.002786,12818432,-0.021193,LOW,
run_3354bc93,internal,tabular_covertype,2026-03-11T09:13:10.308554+00:00,tabular,covertype,mlp,7,427044,0.75,,1.2052,103.1311,54.0,n_d_lr_grid,6424583,0.003,256,0.0001,adam,8000,0.842685,0.81273,8000,41.7,0.002896,12818432,-0.029955,LOW,
run_61a3bfbf,internal,tabular_covertype,2026-03-11T09:13:50.858079+00:00,tabular,covertype,mlp,7,427044,0.75,,1.2052,103.1311,54.0,n_d_lr_grid,6424583,0.001,256,0.0001,adam,8000,0.872633,0.847883,8000,40.15,0.002788,12818432,-0.02475,LOW,
run_690a675e,internal,tabular_covertype,2026-03-11T09:14:31.513245+00:00,tabular,covertype,mlp,7,427044,0.75,,1.2052,103.1311,54.0,n_d_lr_grid,6424583,0.0003,256,0.0001,adam,8000,0.8642,0.844966,8000,40.25,0.002795,12818432,-0.019234,LOW,
run_e37e3c33,internal,tabular_covertype,2026-03-11T09:15:12.567614+00:00,tabular,covertype,mlp,7,427044,0.75,,1.2052,103.1311,54.0,n_d_lr_grid,6424583,0.0001,256,0.0001,adam,8000,0.838038,0.808434,8000,40.66,0.002824,12818432,-0.029603,LOW,
run_6a3f4247,internal,tabular_covertype,2026-03-11T09:15:53.424761+00:00,tabular,covertype,mlp,7,427044,0.75,,1.2052,103.1311,54.0,n_d_lr_grid,6424583,3e-05,256,0.0001,adam,8000,0.79759,0.764784,8000,40.46,0.00281,12818432,-0.032806,LOW,
run_649ebf77,internal,tabular_covertype,2026-03-11T09:17:12.245870+00:00,tabular,covertype,mlp,7,427044,0.75,,1.2052,103.1311,54.0,n_d_lr_grid,25432071,0.01,256,0.0001,adam,8000,0.786575,0.763684,8000,78.13,0.005426,50802688,-0.022891,LOW,
run_c473bbd2,internal,tabular_covertype,2026-03-11T09:18:31.415437+00:00,tabular,covertype,mlp,7,427044,0.75,,1.2052,103.1311,54.0,n_d_lr_grid,25432071,0.003,256,0.0001,adam,8000,0.839329,0.811234,8000,78.48,0.00545,50802688,-0.028094,LOW,
run_155dd328,internal,tabular_covertype,2026-03-11T09:19:50.252846+00:00,tabular,covertype,mlp,7,427044,0.75,,1.2052,103.1311,54.0,n_d_lr_grid,25432071,0.001,256,0.0001,adam,8000,0.869966,0.845694,8000,78.12,0.005425,50802688,-0.024271,LOW,
run_3cf61b9f,internal,tabular_covertype,2026-03-11T09:21:09.161516+00:00,tabular,covertype,mlp,7,427044,0.75,,1.2052,103.1311,54.0,n_d_lr_grid,25432071,0.0003,256,0.0001,adam,8000,0.86747,0.849589,8000,78.21,0.005431,50802688,-0.017881,LOW,
run_c6cb61ae,internal,tabular_covertype,2026-03-11T09:22:27.800884+00:00,tabular,covertype,mlp,7,427044,0.75,,1.2052,103.1311,54.0,n_d_lr_grid,25432071,0.0001,256,0.0001,adam,8000,0.851635,0.83227,8000,77.95,0.005413,50802688,-0.019365,LOW,
run_24d81d2d,internal,tabular_covertype,2026-03-11T09:23:46.531568+00:00,tabular,covertype,mlp,7,427044,0.75,,1.2052,103.1311,54.0,n_d_lr_grid,25432071,3e-05,256,0.0001,adam,8000,0.81506,0.788154,8000,78.0,0.005417,50802688,-0.026906,LOW,
run_7adb4f91,internal,tabular_covertype,2026-03-11T09:24:23.168156+00:00,tabular,covertype,mlp,7,569392,1.0,,1.2052,103.1311,54.0,n_d_lr_grid,3623,0.01,256,0.0001,adam,8000,0.763511,0.730259,6675,36.22,0.002515,6752,-0.033252,LOW,
run_0dd7d08e,internal,tabular_covertype,2026-03-11T09:24:58.841357+00:00,tabular,covertype,mlp,7,569392,1.0,,1.2052,103.1311,54.0,n_d_lr_grid,3623,0.003,256,0.0001,adam,8000,0.769191,0.736262,8000,35.21,0.002445,6752,-0.032929,LOW,
run_4d17dcf4,internal,tabular_covertype,2026-03-11T09:25:36.230753+00:00,tabular,covertype,mlp,7,569392,1.0,,1.2052,103.1311,54.0,n_d_lr_grid,3623,0.001,256,0.0001,adam,8000,0.760929,0.733093,6675,36.98,0.002568,6752,-0.027837,LOW,
run_ca1329f0,internal,tabular_covertype,2026-03-11T09:26:13.819702+00:00,tabular,covertype,mlp,7,569392,1.0,,1.2052,103.1311,54.0,n_d_lr_grid,3623,0.0003,256,0.0001,adam,8000,0.740448,0.714552,8000,37.18,0.002582,6752,-0.025896,LOW,
run_d21deb45,internal,tabular_covertype,2026-03-11T09:26:50.197224+00:00,tabular,covertype,mlp,7,569392,1.0,,1.2052,103.1311,54.0,n_d_lr_grid,3623,0.0001,256,0.0001,adam,8000,0.713339,0.680775,6675,35.93,0.002495,6752,-0.032564,LOW,
run_6005d2ae,internal,tabular_covertype,2026-03-11T09:27:26.384431+00:00,tabular,covertype,mlp,7,569392,1.0,,1.2052,103.1311,54.0,n_d_lr_grid,3623,3e-05,256,0.0001,adam,8000,0.673752,0.591459,8000,35.73,0.002481,6752,-0.082293,LOW,
run_0d8ac231,internal,tabular_covertype,2026-03-11T09:28:03.829057+00:00,tabular,covertype,mlp,7,569392,1.0,,1.2052,103.1311,54.0,n_d_lr_grid,10311,0.01,256,0.0001,adam,8000,0.776076,0.751586,6675,36.98,0.002568,19648,-0.02449,LOW,
run_61a39533,internal,tabular_covertype,2026-03-11T09:28:41.912608+00:00,tabular,covertype,mlp,7,569392,1.0,,1.2052,103.1311,54.0,n_d_lr_grid,10311,0.003,256,0.0001,adam,8000,0.792771,0.762624,8000,37.6,0.002611,19648,-0.030147,LOW,
run_f2ed46aa,internal,tabular_covertype,2026-03-11T09:29:18.871427+00:00,tabular,covertype,mlp,7,569392,1.0,,1.2052,103.1311,54.0,n_d_lr_grid,10311,0.001,256,0.0001,adam,8000,0.779948,0.756011,8000,36.55,0.002538,19648,-0.023937,LOW,
run_b87576d3,internal,tabular_covertype,2026-03-11T09:29:55.959507+00:00,tabular,covertype,mlp,7,569392,1.0,,1.2052,103.1311,54.0,n_d_lr_grid,10311,0.0003,256,0.0001,adam,8000,0.754303,0.729104,8000,36.68,0.002547,19648,-0.025199,LOW,
run_31c6d5e0,internal,tabular_covertype,2026-03-11T09:30:32.554083+00:00,tabular,covertype,mlp,7,569392,1.0,,1.2052,103.1311,54.0,n_d_lr_grid,10311,0.0001,256,0.0001,adam,8000,0.735456,0.698585,8000,36.17,0.002512,19648,-0.036871,LOW,
run_c3e33d70,internal,tabular_covertype,2026-03-11T09:31:10.520602+00:00,tabular,covertype,mlp,7,569392,1.0,,1.2052,103.1311,54.0,n_d_lr_grid,10311,3e-05,256,0.0001,adam,8000,0.690964,0.63352,8000,37.56,0.002608,19648,-0.057444,LOW,
run_39afa912,internal,tabular_covertype,2026-03-11T09:31:49.296843+00:00,tabular,covertype,mlp,7,569392,1.0,,1.2052,103.1311,54.0,n_d_lr_grid,32903,0.01,256,0.0001,adam,8000,0.786231,0.762515,6675,38.36,0.002664,63872,-0.023716,LOW,
run_0e86ced2,internal,tabular_covertype,2026-03-11T09:32:26.457811+00:00,tabular,covertype,mlp,7,569392,1.0,,1.2052,103.1311,54.0,n_d_lr_grid,32903,0.003,256,0.0001,adam,8000,0.816954,0.786784,8000,36.75,0.002552,63872,-0.03017,LOW,
run_e70acf6d,internal,tabular_covertype,2026-03-11T09:33:03.842997+00:00,tabular,covertype,mlp,7,569392,1.0,,1.2052,103.1311,54.0,n_d_lr_grid,32903,0.001,256,0.0001,adam,8000,0.816781,0.781061,8000,36.91,0.002564,63872,-0.03572,LOW,
run_ffb86ae9,internal,tabular_covertype,2026-03-11T09:34:02.905815+00:00,tabular,covertype,mlp,7,569392,1.0,,1.2052,103.1311,54.0,n_d_lr_grid,32903,0.0003,256,0.0001,adam,8000,0.772289,0.745811,8000,58.64,0.004072,63872,-0.026478,LOW,
run_7770c3eb,internal,tabular_covertype,2026-03-11T09:35:08.967499+00:00,tabular,covertype,mlp,7,569392,1.0,,1.2052,103.1311,54.0,n_d_lr_grid,32903,0.0001,256,0.0001,adam,8000,0.742341,0.715858,8000,65.59,0.004555,63872,-0.026483,LOW,
run_fe9462bd,internal,tabular_covertype,2026-03-11T09:36:15.769639+00:00,tabular,covertype,mlp,7,569392,1.0,,1.2052,103.1311,54.0,n_d_lr_grid,32903,3e-05,256,0.0001,adam,8000,0.716351,0.672261,8000,66.37,0.004609,63872,-0.04409,LOW,
run_8939ae46,internal,tabular_covertype,2026-03-11T09:37:23.263796+00:00,tabular,covertype,mlp,7,569392,1.0,,1.2052,103.1311,54.0,n_d_lr_grid,114951,0.01,256,0.0001,adam,8000,0.790534,0.76441,6675,67.08,0.004658,226048,-0.026123,LOW,
run_08477dec,internal,tabular_covertype,2026-03-11T09:38:31.666187+00:00,tabular,covertype,mlp,7,569392,1.0,,1.2052,103.1311,54.0,n_d_lr_grid,114951,0.003,256,0.0001,adam,8000,0.843632,0.807939,8000,67.96,0.004719,226048,-0.035692,LOW,
run_35ce1562,internal,tabular_covertype,2026-03-11T09:39:38.990042+00:00,tabular,covertype,mlp,7,569392,1.0,,1.2052,103.1311,54.0,n_d_lr_grid,114951,0.001,256,0.0001,adam,8000,0.846386,0.808986,8000,66.88,0.004644,226048,-0.0374,LOW,
run_ae5116a0,internal,tabular_covertype,2026-03-11T09:40:48.136633+00:00,tabular,covertype,mlp,7,569392,1.0,,1.2052,103.1311,54.0,n_d_lr_grid,114951,0.0003,256,0.0001,adam,8000,0.799053,0.768883,8000,68.7,0.004771,226048,-0.030171,LOW,
run_59dd6dc6,internal,tabular_covertype,2026-03-11T09:41:56.352144+00:00,tabular,covertype,mlp,7,569392,1.0,,1.2052,103.1311,54.0,n_d_lr_grid,114951,0.0001,256,0.0001,adam,8000,0.760499,0.734593,8000,67.76,0.004706,226048,-0.025906,LOW,
run_f1062587,internal,tabular_covertype,2026-03-11T09:43:04.253557+00:00,tabular,covertype,mlp,7,569392,1.0,,1.2052,103.1311,54.0,n_d_lr_grid,114951,3e-05,256,0.0001,adam,8000,0.726936,0.700071,8000,67.47,0.004686,226048,-0.026866,LOW,
run_706ddf91,internal,tabular_covertype,2026-03-11T09:44:11.363302+00:00,tabular,covertype,mlp,7,569392,1.0,,1.2052,103.1311,54.0,n_d_lr_grid,426503,0.01,256,0.0001,adam,8000,0.789071,0.764631,8000,66.68,0.004631,845312,-0.024439,LOW,
run_d1978410,internal,tabular_covertype,2026-03-11T09:45:19.551579+00:00,tabular,covertype,mlp,7,569392,1.0,,1.2052,103.1311,54.0,n_d_lr_grid,426503,0.003,256,0.0001,adam,8000,0.84191,0.817028,6675,67.74,0.004704,845312,-0.024882,LOW,
run_6442f847,internal,tabular_covertype,2026-03-11T09:46:26.603110+00:00,tabular,covertype,mlp,7,569392,1.0,,1.2052,103.1311,54.0,n_d_lr_grid,426503,0.001,256,0.0001,adam,8000,0.871429,0.835027,8000,66.61,0.004625,845312,-0.036402,LOW,
run_edb4aab6,internal,tabular_covertype,2026-03-11T09:47:33.587529+00:00,tabular,covertype,mlp,7,569392,1.0,,1.2052,103.1311,54.0,n_d_lr_grid,426503,0.0003,256,0.0001,adam,8000,0.832788,0.797597,8000,66.54,0.004621,845312,-0.035191,LOW,
run_5c52016a,internal,tabular_covertype,2026-03-11T09:48:41.731180+00:00,tabular,covertype,mlp,7,569392,1.0,,1.2052,103.1311,54.0,n_d_lr_grid,426503,0.0001,256,0.0001,adam,8000,0.782702,0.756076,8000,67.71,0.004702,845312,-0.026626,LOW,
run_39fc71bf,internal,tabular_covertype,2026-03-11T09:49:49.198902+00:00,tabular,covertype,mlp,7,569392,1.0,,1.2052,103.1311,54.0,n_d_lr_grid,426503,3e-05,256,0.0001,adam,8000,0.747849,0.721966,8000,67.02,0.004655,845312,-0.025882,LOW,
run_a72af421,internal,tabular_covertype,2026-03-11T09:50:53.841907+00:00,tabular,covertype,mlp,7,569392,1.0,,1.2052,103.1311,54.0,n_d_lr_grid,1639431,0.01,256,0.0001,adam,8000,0.791136,0.762034,6675,64.17,0.004456,3263488,-0.029102,LOW,
run_32c39190,internal,tabular_covertype,2026-03-11T09:51:59.822944+00:00,tabular,covertype,mlp,7,569392,1.0,,1.2052,103.1311,54.0,n_d_lr_grid,1639431,0.003,256,0.0001,adam,8000,0.84389,0.815336,8000,65.52,0.00455,3263488,-0.028554,LOW,
run_018d999d,internal,tabular_covertype,2026-03-11T09:53:04.600140+00:00,tabular,covertype,mlp,7,569392,1.0,,1.2052,103.1311,54.0,n_d_lr_grid,1639431,0.001,256,0.0001,adam,8000,0.877539,0.846819,8000,64.32,0.004466,3263488,-0.03072,LOW,
run_93896f38,internal,tabular_covertype,2026-03-11T09:54:08.546457+00:00,tabular,covertype,mlp,7,569392,1.0,,1.2052,103.1311,54.0,n_d_lr_grid,1639431,0.0003,256,0.0001,adam,8000,0.856799,0.825168,8000,63.49,0.004409,3263488,-0.031631,LOW,
run_6b6322b0,internal,tabular_covertype,2026-03-11T09:55:13.852494+00:00,tabular,covertype,mlp,7,569392,1.0,,1.2052,103.1311,54.0,n_d_lr_grid,1639431,0.0001,256,0.0001,adam,8000,0.813769,0.780887,8000,64.84,0.004503,3263488,-0.032882,LOW,
run_d6fdf8b5,internal,tabular_covertype,2026-03-11T09:56:18.450099+00:00,tabular,covertype,mlp,7,569392,1.0,,1.2052,103.1311,54.0,n_d_lr_grid,1639431,3e-05,256,0.0001,adam,8000,0.770998,0.742046,8000,64.14,0.004454,3263488,-0.028952,LOW,
run_626cbe00,internal,tabular_covertype,2026-03-11T09:57:31.217415+00:00,tabular,covertype,mlp,7,569392,1.0,,1.2052,103.1311,54.0,n_d_lr_grid,6424583,0.01,256,0.0001,adam,8000,0.788726,0.760481,6675,72.23,0.005016,12818432,-0.028246,LOW,
run_b99c7d07,internal,tabular_covertype,2026-03-11T09:58:44.824372+00:00,tabular,covertype,mlp,7,569392,1.0,,1.2052,103.1311,54.0,n_d_lr_grid,6424583,0.003,256,0.0001,adam,8000,0.843546,0.813178,8000,73.09,0.005076,12818432,-0.030368,LOW,
run_89cab966,internal,tabular_covertype,2026-03-11T09:59:57.541371+00:00,tabular,covertype,mlp,7,569392,1.0,,1.2052,103.1311,54.0,n_d_lr_grid,6424583,0.001,256,0.0001,adam,8000,0.874785,0.848098,8000,72.2,0.005014,12818432,-0.026686,LOW,
run_63f1bfc0,internal,tabular_covertype,2026-03-11T10:01:10.343014+00:00,tabular,covertype,mlp,7,569392,1.0,,1.2052,103.1311,54.0,n_d_lr_grid,6424583,0.0003,256,0.0001,adam,8000,0.872892,0.845301,8000,72.28,0.00502,12818432,-0.027591,LOW,
run_efd10a44,internal,tabular_covertype,2026-03-11T10:02:23.534823+00:00,tabular,covertype,mlp,7,569392,1.0,,1.2052,103.1311,54.0,n_d_lr_grid,6424583,0.0001,256,0.0001,adam,8000,0.842943,0.808325,8000,72.67,0.005047,12818432,-0.034618,LOW,
run_12e68af9,internal,tabular_covertype,2026-03-11T10:03:36.290507+00:00,tabular,covertype,mlp,7,569392,1.0,,1.2052,103.1311,54.0,n_d_lr_grid,6424583,3e-05,256,0.0001,adam,8000,0.794062,0.764287,8000,72.21,0.005015,12818432,-0.029775,LOW,
run_95ef6e5d,internal,tabular_covertype,2026-03-11T10:06:20.353897+00:00,tabular,covertype,mlp,7,569392,1.0,,1.2052,103.1311,54.0,n_d_lr_grid,25432071,0.01,256,0.0001,adam,8000,0.782014,0.76199,8000,163.25,0.011337,50802688,-0.020024,LOW,
run_df029ab5,internal,tabular_covertype,2026-03-11T10:09:04.404513+00:00,tabular,covertype,mlp,7,569392,1.0,,1.2052,103.1311,54.0,n_d_lr_grid,25432071,0.003,256,0.0001,adam,8000,0.836919,0.810315,8000,163.23,0.011335,50802688,-0.026604,LOW,
run_76756012,internal,tabular_covertype,2026-03-11T10:11:48.228873+00:00,tabular,covertype,mlp,7,569392,1.0,,1.2052,103.1311,54.0,n_d_lr_grid,25432071,0.001,256,0.0001,adam,8000,0.871859,0.844502,8000,162.97,0.011318,50802688,-0.027357,LOW,
run_8b9bc2e8,internal,tabular_covertype,2026-03-11T10:14:31.560746+00:00,tabular,covertype,mlp,7,569392,1.0,,1.2052,103.1311,54.0,n_d_lr_grid,25432071,0.0003,256,0.0001,adam,8000,0.871859,0.848547,8000,162.51,0.011285,50802688,-0.023312,LOW,
run_73b3a932,internal,tabular_covertype,2026-03-11T10:17:15.055767+00:00,tabular,covertype,mlp,7,569392,1.0,,1.2052,103.1311,54.0,n_d_lr_grid,25432071,0.0001,256,0.0001,adam,8000,0.854389,0.831896,8000,162.68,0.011297,50802688,-0.022493,LOW,
run_9cec7a9a,internal,tabular_covertype,2026-03-11T10:19:58.989331+00:00,tabular,covertype,mlp,7,569392,1.0,,1.2052,103.1311,54.0,n_d_lr_grid,25432071,3e-05,256,0.0001,adam,8000,0.817556,0.788166,8000,163.12,0.011328,50802688,-0.02939,LOW,
run_d4ca7a9b,internal,tabular_mnist_tabular,2026-03-11T21:42:05.535513+00:00,tabular,mnist_tabular,mlp,10,6300,0.1,,,,,n_d_lr_grid,27034,0.01,256,0.0001,adam,6000,0.924,0.937143,2275,118.48,0.008228,53568,0.013143,LOW,
run_45d40f4c,internal,tabular_mnist_tabular,2026-03-11T21:44:06.153602+00:00,tabular,mnist_tabular,mlp,10,6300,0.1,,,,,n_d_lr_grid,27034,0.003,256,0.0001,adam,6000,0.922857,0.955397,3125,120.49,0.008367,53568,0.03254,LOW,
run_b1c87e60,internal,tabular_mnist_tabular,2026-03-11T21:46:04.352141+00:00,tabular,mnist_tabular,mlp,10,6300,0.1,,,,,n_d_lr_grid,27034,0.001,256,0.0001,adam,6000,0.916571,0.952222,1225,118.05,0.008198,53568,0.035651,LOW,
run_8b1cba80,internal,tabular_mnist_tabular,2026-03-11T21:48:03.187292+00:00,tabular,mnist_tabular,mlp,10,6300,0.1,,,,,n_d_lr_grid,27034,0.0003,256,0.0001,adam,6000,0.912857,0.928095,4825,118.71,0.008244,53568,0.015238,LOW,
run_f1af644a,internal,tabular_mnist_tabular,2026-03-11T21:50:02.638664+00:00,tabular,mnist_tabular,mlp,10,6300,0.1,,,,,n_d_lr_grid,27034,0.0001,256,0.0001,adam,6000,0.908571,0.850635,5975,119.33,0.008287,53568,-0.057937,LOW,
run_e55adf82,internal,tabular_mnist_tabular,2026-03-11T21:52:02.896117+00:00,tabular,mnist_tabular,mlp,10,6300,0.1,,,,,n_d_lr_grid,27034,3e-05,256,0.0001,adam,6000,0.849143,0.688413,6000,120.11,0.008341,53568,-0.16073,LOW,
run_de0d3940,internal,tabular_mnist_tabular,2026-03-11T21:54:01.356459+00:00,tabular,mnist_tabular,mlp,10,6300,0.1,,,,,n_d_lr_grid,57130,0.01,256,0.0001,adam,6000,0.942286,0.973333,5300,118.33,0.008217,113280,0.031048,LOW,
run_56e0a528,internal,tabular_mnist_tabular,2026-03-11T21:56:00.005634+00:00,tabular,mnist_tabular,mlp,10,6300,0.1,,,,,n_d_lr_grid,57130,0.003,256,0.0001,adam,6000,0.940714,0.988095,5500,118.52,0.008231,113280,0.047381,LOW,
run_b11c9dcd,internal,tabular_mnist_tabular,2026-03-11T21:57:59.198146+00:00,tabular,mnist_tabular,mlp,10,6300,0.1,,,,,n_d_lr_grid,57130,0.001,256,0.0001,adam,6000,0.935143,0.988413,5600,119.05,0.008268,113280,0.05327,MEDIUM,
run_d9e8892c,internal,tabular_mnist_tabular,2026-03-11T21:59:57.653258+00:00,tabular,mnist_tabular,mlp,10,6300,0.1,,,,,n_d_lr_grid,57130,0.0003,256,0.0001,adam,6000,0.929571,0.982857,3450,118.33,0.008217,113280,0.053286,MEDIUM,
run_e2ee4f0f,internal,tabular_mnist_tabular,2026-03-11T22:01:57.624499+00:00,tabular,mnist_tabular,mlp,10,6300,0.1,,,,,n_d_lr_grid,57130,0.0001,256,0.0001,adam,6000,0.925714,0.94873,5450,119.82,0.008321,113280,0.023016,LOW,
run_d21cc06a,internal,tabular_mnist_tabular,2026-03-11T22:03:57.391988+00:00,tabular,mnist_tabular,mlp,10,6300,0.1,,,,,n_d_lr_grid,57130,3e-05,256,0.0001,adam,6000,0.907429,0.877619,5950,119.64,0.008308,113280,-0.02981,LOW,
run_56be3783,internal,tabular_mnist_tabular,2026-03-11T22:05:56.423939+00:00,tabular,mnist_tabular,mlp,10,6300,0.1,,,,,n_d_lr_grid,126538,0.01,256,0.0001,adam,6000,0.95,0.979683,4250,118.9,0.008257,251136,0.029683,LOW,
run_c8ecfb7b,internal,tabular_mnist_tabular,2026-03-11T22:07:56.192779+00:00,tabular,mnist_tabular,mlp,10,6300,0.1,,,,,n_d_lr_grid,126538,0.003,256,0.0001,adam,6000,0.951143,0.993016,5525,119.63,0.008308,251136,0.041873,LOW,
run_424b43aa,internal,tabular_mnist_tabular,2026-03-11T22:09:56.924840+00:00,tabular,mnist_tabular,mlp,10,6300,0.1,,,,,n_d_lr_grid,126538,0.001,256,0.0001,adam,6000,0.946,0.997778,6000,120.59,0.008374,251136,0.051778,MEDIUM,
run_aae272a7,internal,tabular_mnist_tabular,2026-03-11T22:11:57.145474+00:00,tabular,mnist_tabular,mlp,10,6300,0.1,,,,,n_d_lr_grid,126538,0.0003,256,0.0001,adam,6000,0.942143,0.99746,4275,120.08,0.008339,251136,0.055317,MEDIUM,
run_237fca2b,internal,tabular_mnist_tabular,2026-03-11T22:13:55.745595+00:00,tabular,mnist_tabular,mlp,10,6300,0.1,,,,,n_d_lr_grid,126538,0.0001,256,0.0001,adam,6000,0.936571,0.985397,5750,118.47,0.008227,251136,0.048825,LOW,
run_878edf6e,internal,tabular_mnist_tabular,2026-03-11T22:15:54.023840+00:00,tabular,mnist_tabular,mlp,10,6300,0.1,,,,,n_d_lr_grid,126538,3e-05,256,0.0001,adam,6000,0.924857,0.932381,5850,118.15,0.008205,251136,0.007524,LOW,
run_be3c313e,internal,tabular_mnist_tabular,2026-03-11T22:17:53.006165+00:00,tabular,mnist_tabular,mlp,10,6300,0.1,,,,,n_d_lr_grid,302218,0.01,256,0.0001,adam,6000,0.951571,0.983492,4750,118.85,0.008253,600576,0.031921,LOW,
run_68d62085,internal,tabular_mnist_tabular,2026-03-11T22:19:53.511475+00:00,tabular,mnist_tabular,mlp,10,6300,0.1,,,,,n_d_lr_grid,302218,0.003,256,0.0001,adam,6000,0.953857,0.995238,2075,120.36,0.008359,600576,0.041381,LOW,
run_414eefc1,internal,tabular_mnist_tabular,2026-03-11T22:21:52.681624+00:00,tabular,mnist_tabular,mlp,10,6300,0.1,,,,,n_d_lr_grid,302218,0.001,256,0.0001,adam,6000,0.953571,0.997143,5975,119.03,0.008266,600576,0.043571,LOW,
run_f81dd6ef,internal,tabular_mnist_tabular,2026-03-11T22:23:50.851435+00:00,tabular,mnist_tabular,mlp,10,6300,0.1,,,,,n_d_lr_grid,302218,0.0003,256,0.0001,adam,6000,0.949286,0.999365,5725,118.02,0.008196,600576,0.050079,MEDIUM,
run_fd2a6c7e,internal,tabular_mnist_tabular,2026-03-11T22:25:51.521699+00:00,tabular,mnist_tabular,mlp,10,6300,0.1,,,,,n_d_lr_grid,302218,0.0001,256,0.0001,adam,6000,0.945286,0.995714,5925,120.54,0.008371,600576,0.050429,MEDIUM,
run_1058bc2e,internal,tabular_mnist_tabular,2026-03-11T22:27:50.670044+00:00,tabular,mnist_tabular,mlp,10,6300,0.1,,,,,n_d_lr_grid,302218,3e-05,256,0.0001,adam,6000,0.937143,0.971905,6000,119.0,0.008264,600576,0.034762,LOW,
run_56ae0121,internal,tabular_mnist_tabular,2026-03-11T22:29:50.410066+00:00,tabular,mnist_tabular,mlp,10,6300,0.1,,,,,n_d_lr_grid,801034,0.01,256,0.0001,adam,6000,0.950571,0.97619,5825,119.58,0.008304,1594368,0.025619,LOW,
run_39cfb318,internal,tabular_mnist_tabular,2026-03-11T22:31:49.980141+00:00,tabular,mnist_tabular,mlp,10,6300,0.1,,,,,n_d_lr_grid,801034,0.003,256,0.0001,adam,6000,0.955286,0.991905,3750,119.41,0.008292,1594368,0.036619,LOW,
run_2ddbaf71,internal,tabular_mnist_tabular,2026-03-11T22:33:50.239953+00:00,tabular,mnist_tabular,mlp,10,6300,0.1,,,,,n_d_lr_grid,801034,0.001,256,0.0001,adam,6000,0.955,0.998571,4850,120.12,0.008342,1594368,0.043571,LOW,
run_4bb30cd2,internal,tabular_mnist_tabular,2026-03-11T22:35:50.995787+00:00,tabular,mnist_tabular,mlp,10,6300,0.1,,,,,n_d_lr_grid,801034,0.0003,256,0.0001,adam,6000,0.952,0.999206,5975,120.6,0.008375,1594368,0.047206,LOW,
run_dffe07b2,internal,tabular_mnist_tabular,2026-03-11T22:37:51.663917+00:00,tabular,mnist_tabular,mlp,10,6300,0.1,,,,,n_d_lr_grid,801034,0.0001,256,0.0001,adam,6000,0.949429,0.999206,4675,120.53,0.00837,1594368,0.049778,LOW,
run_c96ceccb,internal,tabular_mnist_tabular,2026-03-11T22:39:52.335955+00:00,tabular,mnist_tabular,mlp,10,6300,0.1,,,,,n_d_lr_grid,801034,3e-05,256,0.0001,adam,6000,0.944714,0.994286,5650,120.51,0.008369,1594368,0.049571,LOW,
run_9ff7c550,internal,tabular_mnist_tabular,2026-03-11T22:41:53.494019+00:00,tabular,mnist_tabular,mlp,10,6300,0.1,,,,,n_d_lr_grid,2388490,0.01,256,0.0001,adam,6000,0.95,0.985238,3625,121.0,0.008403,4761600,0.035238,LOW,
run_314b0c30,internal,tabular_mnist_tabular,2026-03-11T22:43:54.609284+00:00,tabular,mnist_tabular,mlp,10,6300,0.1,,,,,n_d_lr_grid,2388490,0.003,256,0.0001,adam,6000,0.955857,0.993651,5800,120.96,0.0084,4761600,0.037794,LOW,
run_c52269ad,internal,tabular_mnist_tabular,2026-03-11T22:45:54.829097+00:00,tabular,mnist_tabular,mlp,10,6300,0.1,,,,,n_d_lr_grid,2388490,0.001,256,0.0001,adam,6000,0.957286,0.998413,3500,120.03,0.008336,4761600,0.041127,LOW,
run_07e141a5,internal,tabular_mnist_tabular,2026-03-11T22:47:56.458673+00:00,tabular,mnist_tabular,mlp,10,6300,0.1,,,,,n_d_lr_grid,2388490,0.0003,256,0.0001,adam,6000,0.954714,1.0,5875,121.47,0.008436,4761600,0.045286,LOW,
run_979baa4f,internal,tabular_mnist_tabular,2026-03-11T22:49:56.693936+00:00,tabular,mnist_tabular,mlp,10,6300,0.1,,,,,n_d_lr_grid,2388490,0.0001,256,0.0001,adam,6000,0.951571,1.0,5925,120.05,0.008337,4761600,0.048429,LOW,
run_91af3daa,internal,tabular_mnist_tabular,2026-03-11T22:51:56.649713+00:00,tabular,mnist_tabular,mlp,10,6300,0.1,,,,,n_d_lr_grid,2388490,3e-05,256,0.0001,adam,6000,0.948714,0.998889,4650,119.77,0.008318,4761600,0.050175,MEDIUM,
run_3e9437f0,internal,tabular_mnist_tabular,2026-03-11T22:54:02.340974+00:00,tabular,mnist_tabular,mlp,10,6300,0.1,,,,,n_d_lr_grid,7922698,0.01,256,0.0001,adam,6000,0.95,0.978571,1950,125.46,0.008712,15814656,0.028571,LOW,
run_6e891a5e,internal,tabular_mnist_tabular,2026-03-11T22:56:07.629015+00:00,tabular,mnist_tabular,mlp,10,6300,0.1,,,,,n_d_lr_grid,7922698,0.003,256,0.0001,adam,6000,0.956429,0.992857,5875,125.05,0.008684,15814656,0.036429,LOW,
run_6c1e8c83,internal,tabular_mnist_tabular,2026-03-11T22:58:13.984358+00:00,tabular,mnist_tabular,mlp,10,6300,0.1,,,,,n_d_lr_grid,7922698,0.001,256,0.0001,adam,6000,0.955,0.998413,2075,126.09,0.008756,15814656,0.043413,LOW,
run_e90af89a,internal,tabular_mnist_tabular,2026-03-11T23:00:20.406560+00:00,tabular,mnist_tabular,mlp,10,6300,0.1,,,,,n_d_lr_grid,7922698,0.0003,256,0.0001,adam,6000,0.954286,1.0,4550,126.19,0.008763,15814656,0.045714,LOW,
run_1da541be,internal,tabular_mnist_tabular,2026-03-11T23:02:26.277154+00:00,tabular,mnist_tabular,mlp,10,6300,0.1,,,,,n_d_lr_grid,7922698,0.0001,256,0.0001,adam,6000,0.951429,0.999841,5900,125.64,0.008725,15814656,0.048413,LOW,
run_08d9d0cd,internal,tabular_mnist_tabular,2026-03-11T23:04:33.255399+00:00,tabular,mnist_tabular,mlp,10,6300,0.1,,,,,n_d_lr_grid,7922698,3e-05,256,0.0001,adam,6000,0.949286,0.999841,4250,126.71,0.008799,15814656,0.050556,MEDIUM,
run_ec29435b,internal,tabular_mnist_tabular,2026-03-11T23:07:12.041248+00:00,tabular,mnist_tabular,mlp,10,6300,0.1,,,,,n_d_lr_grid,28428298,0.01,256,0.0001,adam,6000,0.950857,0.984444,3325,158.18,0.010985,56795136,0.033587,LOW,
run_f39cda98,internal,tabular_mnist_tabular,2026-03-11T23:09:50.000403+00:00,tabular,mnist_tabular,mlp,10,6300,0.1,,,,,n_d_lr_grid,28428298,0.003,256,0.0001,adam,6000,0.956857,0.991429,5650,157.42,0.010932,56795136,0.034571,LOW,
run_7a2a2c6b,internal,tabular_mnist_tabular,2026-03-11T23:12:27.220182+00:00,tabular,mnist_tabular,mlp,10,6300,0.1,,,,,n_d_lr_grid,28428298,0.001,256,0.0001,adam,6000,0.955286,0.999206,5800,156.68,0.01088,56795136,0.043921,LOW,
run_9dca007c,internal,tabular_mnist_tabular,2026-03-11T23:15:04.485068+00:00,tabular,mnist_tabular,mlp,10,6300,0.1,,,,,n_d_lr_grid,28428298,0.0003,256,0.0001,adam,6000,0.956286,1.0,4100,156.72,0.010884,56795136,0.043714,LOW,
run_7294ded6,internal,tabular_mnist_tabular,2026-03-11T23:17:41.609480+00:00,tabular,mnist_tabular,mlp,10,6300,0.1,,,,,n_d_lr_grid,28428298,0.0001,256,0.0001,adam,6000,0.950857,0.999048,2125,156.59,0.010874,56795136,0.04819,LOW,
run_9bd7910d,internal,tabular_mnist_tabular,2026-03-11T23:20:19.189793+00:00,tabular,mnist_tabular,mlp,10,6300,0.1,,,,,n_d_lr_grid,28428298,3e-05,256,0.0001,adam,6000,0.952857,0.999841,3725,157.04,0.010906,56795136,0.046984,LOW,
run_868ce5d0,internal,tabular_mnist_tabular,2026-03-11T23:21:33.262797+00:00,tabular,mnist_tabular,mlp,10,12600,0.2,,,,,n_d_lr_grid,27034,0.01,256,0.0001,adam,6000,0.936143,0.918175,4800,73.9,0.005132,53568,-0.017968,LOW,
run_557049e9,internal,tabular_mnist_tabular,2026-03-11T23:22:48.414220+00:00,tabular,mnist_tabular,mlp,10,12600,0.2,,,,,n_d_lr_grid,27034,0.003,256,0.0001,adam,6000,0.934571,0.933095,2600,74.97,0.005206,53568,-0.001476,LOW,
run_5ce134e0,internal,tabular_mnist_tabular,2026-03-11T23:24:04.148757+00:00,tabular,mnist_tabular,mlp,10,12600,0.2,,,,,n_d_lr_grid,27034,0.001,256,0.0001,adam,6000,0.933,0.937302,4100,75.55,0.005246,53568,0.004302,LOW,
run_48e823cc,internal,tabular_mnist_tabular,2026-03-11T23:25:18.782191+00:00,tabular,mnist_tabular,mlp,10,12600,0.2,,,,,n_d_lr_grid,27034,0.0003,256,0.0001,adam,6000,0.928143,0.909365,5950,74.46,0.005171,53568,-0.018778,LOW,
run_3b7cc438,internal,tabular_mnist_tabular,2026-03-11T23:26:34.522045+00:00,tabular,mnist_tabular,mlp,10,12600,0.2,,,,,n_d_lr_grid,27034,0.0001,256,0.0001,adam,6000,0.914714,0.842381,5700,75.56,0.005247,53568,-0.072333,LOW,
run_26973ca9,internal,tabular_mnist_tabular,2026-03-11T23:27:50.143602+00:00,tabular,mnist_tabular,mlp,10,12600,0.2,,,,,n_d_lr_grid,27034,3e-05,256,0.0001,adam,6000,0.860714,0.682857,5900,75.42,0.005238,53568,-0.177857,LOW,
run_863d09bf,internal,tabular_mnist_tabular,2026-03-11T23:29:05.046259+00:00,tabular,mnist_tabular,mlp,10,12600,0.2,,,,,n_d_lr_grid,57130,0.01,256,0.0001,adam,6000,0.955143,0.958651,3500,74.71,0.005188,113280,0.003508,LOW,
run_594700c3,internal,tabular_mnist_tabular,2026-03-11T23:30:20.997156+00:00,tabular,mnist_tabular,mlp,10,12600,0.2,,,,,n_d_lr_grid,57130,0.003,256,0.0001,adam,6000,0.952429,0.977857,5250,75.77,0.005262,113280,0.025429,LOW,
run_f4426ccf,internal,tabular_mnist_tabular,2026-03-11T23:31:36.372120+00:00,tabular,mnist_tabular,mlp,10,12600,0.2,,,,,n_d_lr_grid,57130,0.001,256,0.0001,adam,6000,0.948857,0.983254,5650,75.17,0.00522,113280,0.034397,LOW,
run_943ce140,internal,tabular_mnist_tabular,2026-03-11T23:32:51.152928+00:00,tabular,mnist_tabular,mlp,10,12600,0.2,,,,,n_d_lr_grid,57130,0.0003,256,0.0001,adam,6000,0.944286,0.969762,5750,74.6,0.005181,113280,0.025476,LOW,
run_42953093,internal,tabular_mnist_tabular,2026-03-11T23:34:05.983828+00:00,tabular,mnist_tabular,mlp,10,12600,0.2,,,,,n_d_lr_grid,57130,0.0001,256,0.0001,adam,6000,0.935286,0.928492,5850,74.65,0.005184,113280,-0.006794,LOW,
run_5c1f53be,internal,tabular_mnist_tabular,2026-03-11T23:35:21.121335+00:00,tabular,mnist_tabular,mlp,10,12600,0.2,,,,,n_d_lr_grid,57130,3e-05,256,0.0001,adam,6000,0.908429,0.860238,6000,74.94,0.005204,113280,-0.04819,LOW,
run_e21c1fec,internal,tabular_mnist_tabular,2026-03-11T23:36:36.197466+00:00,tabular,mnist_tabular,mlp,10,12600,0.2,,,,,n_d_lr_grid,126538,0.01,256,0.0001,adam,6000,0.959571,0.972619,2250,74.9,0.005201,251136,0.013048,LOW,
run_eed490c1,internal,tabular_mnist_tabular,2026-03-11T23:37:50.612538+00:00,tabular,mnist_tabular,mlp,10,12600,0.2,,,,,n_d_lr_grid,126538,0.003,256,0.0001,adam,6000,0.961857,0.988175,4950,74.21,0.005153,251136,0.026317,LOW,
run_4cecba4d,internal,tabular_mnist_tabular,2026-03-11T23:39:05.417285+00:00,tabular,mnist_tabular,mlp,10,12600,0.2,,,,,n_d_lr_grid,126538,0.001,256,0.0001,adam,6000,0.960714,0.993333,5800,74.63,0.005182,251136,0.032619,LOW,
run_1b13d67d,internal,tabular_mnist_tabular,2026-03-11T23:40:19.716154+00:00,tabular,mnist_tabular,mlp,10,12600,0.2,,,,,n_d_lr_grid,126538,0.0003,256,0.0001,adam,6000,0.954143,0.990317,4850,74.12,0.005147,251136,0.036175,LOW,
run_3838e4da,internal,tabular_mnist_tabular,2026-03-11T23:41:33.982500+00:00,tabular,mnist_tabular,mlp,10,12600,0.2,,,,,n_d_lr_grid,126538,0.0001,256,0.0001,adam,6000,0.947429,0.966429,5900,74.08,0.005145,251136,0.019,LOW,
run_0264e8e6,internal,tabular_mnist_tabular,2026-03-11T23:42:48.395974+00:00,tabular,mnist_tabular,mlp,10,12600,0.2,,,,,n_d_lr_grid,126538,3e-05,256,0.0001,adam,6000,0.929,0.91873,5800,74.23,0.005155,251136,-0.01027,LOW,
run_9b4f1225,internal,tabular_mnist_tabular,2026-03-11T23:44:03.518655+00:00,tabular,mnist_tabular,mlp,10,12600,0.2,,,,,n_d_lr_grid,302218,0.01,256,0.0001,adam,6000,0.960571,0.971111,1800,74.91,0.005202,600576,0.01054,LOW,
run_d4943ef4,internal,tabular_mnist_tabular,2026-03-11T23:45:18.077324+00:00,tabular,mnist_tabular,mlp,10,12600,0.2,,,,,n_d_lr_grid,302218,0.003,256,0.0001,adam,6000,0.966571,0.990794,4550,74.35,0.005163,600576,0.024222,LOW,
run_269c56d0,internal,tabular_mnist_tabular,2026-03-11T23:46:33.656351+00:00,tabular,mnist_tabular,mlp,10,12600,0.2,,,,,n_d_lr_grid,302218,0.001,256,0.0001,adam,6000,0.965571,0.996905,5500,75.4,0.005236,600576,0.031333,LOW,
run_c6fafefe,internal,tabular_mnist_tabular,2026-03-11T23:47:48.684821+00:00,tabular,mnist_tabular,mlp,10,12600,0.2,,,,,n_d_lr_grid,302218,0.0003,256,0.0001,adam,6000,0.960429,0.997063,5150,74.84,0.005197,600576,0.036635,LOW,
run_5a15c293,internal,tabular_mnist_tabular,2026-03-11T23:49:03.100354+00:00,tabular,mnist_tabular,mlp,10,12600,0.2,,,,,n_d_lr_grid,302218,0.0001,256,0.0001,adam,6000,0.955571,0.989444,5500,74.23,0.005155,600576,0.033873,LOW,
run_165ccd0a,internal,tabular_mnist_tabular,2026-03-11T23:50:18.678800+00:00,tabular,mnist_tabular,mlp,10,12600,0.2,,,,,n_d_lr_grid,302218,3e-05,256,0.0001,adam,6000,0.942857,0.954127,5950,75.38,0.005235,600576,0.01127,LOW,
run_fc340276,internal,tabular_mnist_tabular,2026-03-11T23:51:33.686103+00:00,tabular,mnist_tabular,mlp,10,12600,0.2,,,,,n_d_lr_grid,801034,0.01,256,0.0001,adam,6000,0.961429,0.972381,4100,74.82,0.005196,1594368,0.010952,LOW,
run_128041ad,internal,tabular_mnist_tabular,2026-03-11T23:52:48.458388+00:00,tabular,mnist_tabular,mlp,10,12600,0.2,,,,,n_d_lr_grid,801034,0.003,256,0.0001,adam,6000,0.964429,0.990556,5950,74.58,0.005179,1594368,0.026127,LOW,
run_22ec416f,internal,tabular_mnist_tabular,2026-03-11T23:54:03.115940+00:00,tabular,mnist_tabular,mlp,10,12600,0.2,,,,,n_d_lr_grid,801034,0.001,256,0.0001,adam,6000,0.967,0.997063,5800,74.44,0.00517,1594368,0.030063,LOW,
run_be9b2e8d,internal,tabular_mnist_tabular,2026-03-11T23:55:17.324444+00:00,tabular,mnist_tabular,mlp,10,12600,0.2,,,,,n_d_lr_grid,801034,0.0003,256,0.0001,adam,6000,0.965,0.99746,4700,74.02,0.00514,1594368,0.03246,LOW,
run_92956965,internal,tabular_mnist_tabular,2026-03-11T23:56:32.079287+00:00,tabular,mnist_tabular,mlp,10,12600,0.2,,,,,n_d_lr_grid,801034,0.0001,256,0.0001,adam,6000,0.961714,0.997698,5250,74.53,0.005176,1594368,0.035984,LOW,
run_e3d38788,internal,tabular_mnist_tabular,2026-03-11T23:57:46.327268+00:00,tabular,mnist_tabular,mlp,10,12600,0.2,,,,,n_d_lr_grid,801034,3e-05,256,0.0001,adam,6000,0.955571,0.981508,5800,74.05,0.005143,1594368,0.025937,LOW,
run_089673b1,internal,tabular_mnist_tabular,2026-03-11T23:59:01.987988+00:00,tabular,mnist_tabular,mlp,10,12600,0.2,,,,,n_d_lr_grid,2388490,0.01,256,0.0001,adam,6000,0.960286,0.969365,3300,75.45,0.00524,4761600,0.009079,LOW,
run_c1cb829a,internal,tabular_mnist_tabular,2026-03-12T00:00:17.983665+00:00,tabular,mnist_tabular,mlp,10,12600,0.2,,,,,n_d_lr_grid,2388490,0.003,256,0.0001,adam,6000,0.966,0.989127,2900,75.77,0.005262,4761600,0.023127,LOW,
run_ea16350b,internal,tabular_mnist_tabular,2026-03-12T00:01:33.437512+00:00,tabular,mnist_tabular,mlp,10,12600,0.2,,,,,n_d_lr_grid,2388490,0.001,256,0.0001,adam,6000,0.966714,0.997857,5300,75.23,0.005225,4761600,0.031143,LOW,
run_fe46e774,internal,tabular_mnist_tabular,2026-03-12T00:02:48.336650+00:00,tabular,mnist_tabular,mlp,10,12600,0.2,,,,,n_d_lr_grid,2388490,0.0003,256,0.0001,adam,6000,0.964143,0.999444,4700,74.69,0.005187,4761600,0.035302,LOW,
run_44a5962e,internal,tabular_mnist_tabular,2026-03-12T00:04:04.582390+00:00,tabular,mnist_tabular,mlp,10,12600,0.2,,,,,n_d_lr_grid,2388490,0.0001,256,0.0001,adam,6000,0.961857,0.999286,5600,76.01,0.005278,4761600,0.037429,LOW,
run_7645cb00,internal,tabular_mnist_tabular,2026-03-12T00:05:20.333664+00:00,tabular,mnist_tabular,mlp,10,12600,0.2,,,,,n_d_lr_grid,2388490,3e-05,256,0.0001,adam,6000,0.957286,0.994762,5750,75.53,0.005245,4761600,0.037476,LOW,
run_07b2b1ea,internal,tabular_mnist_tabular,2026-03-12T00:06:40.131349+00:00,tabular,mnist_tabular,mlp,10,12600,0.2,,,,,n_d_lr_grid,7922698,0.01,256,0.0001,adam,6000,0.960429,0.974127,5150,79.51,0.005522,15814656,0.013698,LOW,
run_f534f99d,internal,tabular_mnist_tabular,2026-03-12T00:07:59.351075+00:00,tabular,mnist_tabular,mlp,10,12600,0.2,,,,,n_d_lr_grid,7922698,0.003,256,0.0001,adam,6000,0.964857,0.990714,5450,78.94,0.005482,15814656,0.025857,LOW,
run_076756f6,internal,tabular_mnist_tabular,2026-03-12T00:09:19.363437+00:00,tabular,mnist_tabular,mlp,10,12600,0.2,,,,,n_d_lr_grid,7922698,0.001,256,0.0001,adam,6000,0.968143,0.995159,5500,79.69,0.005534,15814656,0.027016,LOW,
run_ae673edb,internal,tabular_mnist_tabular,2026-03-12T00:10:39.027776+00:00,tabular,mnist_tabular,mlp,10,12600,0.2,,,,,n_d_lr_grid,7922698,0.0003,256,0.0001,adam,6000,0.964286,0.996746,5200,79.38,0.005513,15814656,0.03246,LOW,
run_1aa1479b,internal,tabular_mnist_tabular,2026-03-12T00:11:58.559700+00:00,tabular,mnist_tabular,mlp,10,12600,0.2,,,,,n_d_lr_grid,7922698,0.0001,256,0.0001,adam,6000,0.962857,0.999206,4950,79.21,0.005501,15814656,0.036349,LOW,
run_eed4f890,internal,tabular_mnist_tabular,2026-03-12T00:13:17.910339+00:00,tabular,mnist_tabular,mlp,10,12600,0.2,,,,,n_d_lr_grid,7922698,3e-05,256,0.0001,adam,6000,0.960857,0.999286,5100,79.04,0.005489,15814656,0.038429,LOW,
run_00f0255c,internal,tabular_mnist_tabular,2026-03-12T00:15:08.033338+00:00,tabular,mnist_tabular,mlp,10,12600,0.2,,,,,n_d_lr_grid,28428298,0.01,256,0.0001,adam,6000,0.960286,0.970794,4650,109.49,0.007604,56795136,0.010508,LOW,
run_49f4b3e5,internal,tabular_mnist_tabular,2026-03-12T00:16:58.416483+00:00,tabular,mnist_tabular,mlp,10,12600,0.2,,,,,n_d_lr_grid,28428298,0.003,256,0.0001,adam,6000,0.965571,0.990317,4550,109.79,0.007624,56795136,0.024746,LOW,
run_98c6f1af,internal,tabular_mnist_tabular,2026-03-12T00:18:48.731108+00:00,tabular,mnist_tabular,mlp,10,12600,0.2,,,,,n_d_lr_grid,28428298,0.001,256,0.0001,adam,6000,0.966429,0.99381,5400,109.72,0.00762,56795136,0.027381,LOW,
run_ae0cefb5,internal,tabular_mnist_tabular,2026-03-12T00:20:39.136146+00:00,tabular,mnist_tabular,mlp,10,12600,0.2,,,,,n_d_lr_grid,28428298,0.0003,256,0.0001,adam,6000,0.963857,0.997222,3500,109.81,0.007626,56795136,0.033365,LOW,
run_68735211,internal,tabular_mnist_tabular,2026-03-12T00:22:29.510254+00:00,tabular,mnist_tabular,mlp,10,12600,0.2,,,,,n_d_lr_grid,28428298,0.0001,256,0.0001,adam,6000,0.962286,0.997619,4400,109.78,0.007623,56795136,0.035333,LOW,
run_ab7d83ab,internal,tabular_mnist_tabular,2026-03-12T00:24:19.925376+00:00,tabular,mnist_tabular,mlp,10,12600,0.2,,,,,n_d_lr_grid,28428298,3e-05,256,0.0001,adam,6000,0.962857,0.999683,4950,109.8,0.007625,56795136,0.036825,LOW,
run_15769d44,internal,tabular_mnist_tabular,2026-03-12T00:25:14.583020+00:00,tabular,mnist_tabular,mlp,10,22050,0.35,,,,,n_d_lr_grid,27034,0.01,256,0.0001,adam,6000,0.941857,0.904297,4785,54.4,0.003778,53568,-0.03756,LOW,
run_8d2ab727,internal,tabular_mnist_tabular,2026-03-12T00:26:09.648826+00:00,tabular,mnist_tabular,mlp,10,22050,0.35,,,,,n_d_lr_grid,27034,0.003,256,0.0001,adam,6000,0.943571,0.924619,5307,54.77,0.003804,53568,-0.018953,LOW,
run_2b8e7db0,internal,tabular_mnist_tabular,2026-03-12T00:27:05.857263+00:00,tabular,mnist_tabular,mlp,10,22050,0.35,,,,,n_d_lr_grid,27034,0.001,256,0.0001,adam,6000,0.942857,0.925363,5568,55.93,0.003884,53568,-0.017494,LOW,
run_703e33a6,internal,tabular_mnist_tabular,2026-03-12T00:28:00.461178+00:00,tabular,mnist_tabular,mlp,10,22050,0.35,,,,,n_d_lr_grid,27034,0.0003,256,0.0001,adam,6000,0.936286,0.897786,5655,54.32,0.003772,53568,-0.038499,LOW,
run_63861d1d,internal,tabular_mnist_tabular,2026-03-12T00:28:55.719479+00:00,tabular,mnist_tabular,mlp,10,22050,0.35,,,,,n_d_lr_grid,27034,0.0001,256,0.0001,adam,6000,0.914571,0.82473,6000,54.97,0.003818,53568,-0.089841,LOW,
run_cf1c439f,internal,tabular_mnist_tabular,2026-03-12T00:29:50.754044+00:00,tabular,mnist_tabular,mlp,10,22050,0.35,,,,,n_d_lr_grid,27034,3e-05,256,0.0001,adam,6000,0.859429,0.677967,6000,54.78,0.003804,53568,-0.181462,LOW,
run_e6304f10,internal,tabular_mnist_tabular,2026-03-12T00:30:46.225173+00:00,tabular,mnist_tabular,mlp,10,22050,0.35,,,,,n_d_lr_grid,57130,0.01,256,0.0001,adam,6000,0.958714,0.951032,3915,55.2,0.003833,113280,-0.007682,LOW,
run_f6c88bd2,internal,tabular_mnist_tabular,2026-03-12T00:31:42.637764+00:00,tabular,mnist_tabular,mlp,10,22050,0.35,,,,,n_d_lr_grid,57130,0.003,256,0.0001,adam,6000,0.961571,0.968936,4611,56.16,0.0039,113280,0.007365,LOW,
run_ba675c11,internal,tabular_mnist_tabular,2026-03-12T00:32:38.176650+00:00,tabular,mnist_tabular,mlp,10,22050,0.35,,,,,n_d_lr_grid,57130,0.001,256,0.0001,adam,6000,0.960143,0.97354,5568,55.28,0.003839,113280,0.013397,LOW,
run_cee90126,internal,tabular_mnist_tabular,2026-03-12T00:33:34.401352+00:00,tabular,mnist_tabular,mlp,10,22050,0.35,,,,,n_d_lr_grid,57130,0.0003,256,0.0001,adam,6000,0.952143,0.957961,4872,55.97,0.003887,113280,0.005818,LOW,
run_d1de3d5c,internal,tabular_mnist_tabular,2026-03-12T00:34:29.745523+00:00,tabular,mnist_tabular,mlp,10,22050,0.35,,,,,n_d_lr_grid,57130,0.0001,256,0.0001,adam,6000,0.94,0.91676,5742,55.05,0.003823,113280,-0.02324,LOW,
run_306c8bb5,internal,tabular_mnist_tabular,2026-03-12T00:35:24.013630+00:00,tabular,mnist_tabular,mlp,10,22050,0.35,,,,,n_d_lr_grid,57130,3e-05,256,0.0001,adam,6000,0.909286,0.85319,5916,54.01,0.003751,113280,-0.056096,LOW,
run_19cfa622,internal,tabular_mnist_tabular,2026-03-12T00:36:19.033671+00:00,tabular,mnist_tabular,mlp,10,22050,0.35,,,,,n_d_lr_grid,126538,0.01,256,0.0001,adam,6000,0.964,0.963635,5829,54.76,0.003803,251136,-0.000365,LOW,
run_d947876d,internal,tabular_mnist_tabular,2026-03-12T00:37:14.185876+00:00,tabular,mnist_tabular,mlp,10,22050,0.35,,,,,n_d_lr_grid,126538,0.003,256,0.0001,adam,6000,0.969,0.98498,4959,54.89,0.003812,251136,0.01598,LOW,
run_12817cd4,internal,tabular_mnist_tabular,2026-03-12T00:38:08.620974+00:00,tabular,mnist_tabular,mlp,10,22050,0.35,,,,,n_d_lr_grid,126538,0.001,256,0.0001,adam,6000,0.968857,0.990048,5046,54.15,0.00376,251136,0.021191,LOW,
run_da618366,internal,tabular_mnist_tabular,2026-03-12T00:39:03.034139+00:00,tabular,mnist_tabular,mlp,10,22050,0.35,,,,,n_d_lr_grid,126538,0.0003,256,0.0001,adam,6000,0.962143,0.983073,5916,54.15,0.003761,251136,0.02093,LOW,
run_4306869a,internal,tabular_mnist_tabular,2026-03-12T00:39:57.539022+00:00,tabular,mnist_tabular,mlp,10,22050,0.35,,,,,n_d_lr_grid,126538,0.0001,256,0.0001,adam,6000,0.952429,0.958054,6000,54.25,0.003767,251136,0.005626,LOW,
run_6610c611,internal,tabular_mnist_tabular,2026-03-12T00:40:51.819844+00:00,tabular,mnist_tabular,mlp,10,22050,0.35,,,,,n_d_lr_grid,126538,3e-05,256,0.0001,adam,6000,0.930857,0.911505,6000,54.01,0.003751,251136,-0.019352,LOW,
run_0b91a15f,internal,tabular_mnist_tabular,2026-03-12T00:41:46.728637+00:00,tabular,mnist_tabular,mlp,10,22050,0.35,,,,,n_d_lr_grid,302218,0.01,256,0.0001,adam,6000,0.965,0.963495,1653,54.63,0.003794,600576,-0.001505,LOW,
run_3eba291a,internal,tabular_mnist_tabular,2026-03-12T00:42:42.703361+00:00,tabular,mnist_tabular,mlp,10,22050,0.35,,,,,n_d_lr_grid,302218,0.003,256,0.0001,adam,6000,0.971,0.987909,4524,55.7,0.003868,600576,0.016909,LOW,
run_bc839c06,internal,tabular_mnist_tabular,2026-03-12T00:43:37.586676+00:00,tabular,mnist_tabular,mlp,10,22050,0.35,,,,,n_d_lr_grid,302218,0.001,256,0.0001,adam,6000,0.971429,0.993443,5133,54.62,0.003793,600576,0.022015,LOW,
run_f2e2ea1a,internal,tabular_mnist_tabular,2026-03-12T00:44:32.072510+00:00,tabular,mnist_tabular,mlp,10,22050,0.35,,,,,n_d_lr_grid,302218,0.0003,256,0.0001,adam,6000,0.967714,0.994606,5742,54.22,0.003765,600576,0.026891,LOW,
run_632bc3b2,internal,tabular_mnist_tabular,2026-03-12T00:45:26.985234+00:00,tabular,mnist_tabular,mlp,10,22050,0.35,,,,,n_d_lr_grid,302218,0.0001,256,0.0001,adam,6000,0.962714,0.982003,5829,54.61,0.003793,600576,0.019289,LOW,
run_9c4a95a2,internal,tabular_mnist_tabular,2026-03-12T00:46:21.759516+00:00,tabular,mnist_tabular,mlp,10,22050,0.35,,,,,n_d_lr_grid,302218,3e-05,256,0.0001,adam,6000,0.945143,0.940941,6000,54.48,0.003783,600576,-0.004202,LOW,
run_d42f77fd,internal,tabular_mnist_tabular,2026-03-12T00:47:16.544479+00:00,tabular,mnist_tabular,mlp,10,22050,0.35,,,,,n_d_lr_grid,801034,0.01,256,0.0001,adam,6000,0.965143,0.964053,5742,54.52,0.003786,1594368,-0.00109,LOW,
run_ff352817,internal,tabular_mnist_tabular,2026-03-12T00:48:11.194077+00:00,tabular,mnist_tabular,mlp,10,22050,0.35,,,,,n_d_lr_grid,801034,0.003,256,0.0001,adam,6000,0.971429,0.986886,3219,54.35,0.003774,1594368,0.015458,LOW,
run_cb6a1282,internal,tabular_mnist_tabular,2026-03-12T00:49:05.634016+00:00,tabular,mnist_tabular,mlp,10,22050,0.35,,,,,n_d_lr_grid,801034,0.001,256,0.0001,adam,6000,0.972714,0.995303,5655,54.18,0.003762,1594368,0.022589,LOW,
run_0b590ab1,internal,tabular_mnist_tabular,2026-03-12T00:50:00.174344+00:00,tabular,mnist_tabular,mlp,10,22050,0.35,,,,,n_d_lr_grid,801034,0.0003,256,0.0001,adam,6000,0.971,0.996977,4785,54.25,0.003768,1594368,0.025977,LOW,
run_c8335508,internal,tabular_mnist_tabular,2026-03-12T00:50:55.734852+00:00,tabular,mnist_tabular,mlp,10,22050,0.35,,,,,n_d_lr_grid,801034,0.0001,256,0.0001,adam,6000,0.968429,0.993211,4698,55.3,0.00384,1594368,0.024782,LOW,
run_138d6710,internal,tabular_mnist_tabular,2026-03-12T00:51:51.276654+00:00,tabular,mnist_tabular,mlp,10,22050,0.35,,,,,n_d_lr_grid,801034,3e-05,256,0.0001,adam,6000,0.959143,0.967215,5568,55.26,0.003838,1594368,0.008073,LOW,
run_5e31e166,internal,tabular_mnist_tabular,2026-03-12T00:52:46.118415+00:00,tabular,mnist_tabular,mlp,10,22050,0.35,,,,,n_d_lr_grid,2388490,0.01,256,0.0001,adam,6000,0.964143,0.963495,3393,54.56,0.003789,4761600,-0.000648,LOW,
run_34b13fb3,internal,tabular_mnist_tabular,2026-03-12T00:53:41.005011+00:00,tabular,mnist_tabular,mlp,10,22050,0.35,,,,,n_d_lr_grid,2388490,0.003,256,0.0001,adam,6000,0.971857,0.985073,6000,54.57,0.00379,4761600,0.013215,LOW,
run_44941613,internal,tabular_mnist_tabular,2026-03-12T00:54:36.680207+00:00,tabular,mnist_tabular,mlp,10,22050,0.35,,,,,n_d_lr_grid,2388490,0.001,256,0.0001,adam,6000,0.973143,0.995303,5133,55.39,0.003847,4761600,0.02216,LOW,
run_f1da9f79,internal,tabular_mnist_tabular,2026-03-12T00:55:31.286489+00:00,tabular,mnist_tabular,mlp,10,22050,0.35,,,,,n_d_lr_grid,2388490,0.0003,256,0.0001,adam,6000,0.972714,0.997675,5655,54.32,0.003772,4761600,0.024961,LOW,
run_9e3136f0,internal,tabular_mnist_tabular,2026-03-12T00:56:26.405576+00:00,tabular,mnist_tabular,mlp,10,22050,0.35,,,,,n_d_lr_grid,2388490,0.0001,256,0.0001,adam,6000,0.967857,0.997535,5568,54.84,0.003808,4761600,0.029678,LOW,
run_3414806e,internal,tabular_mnist_tabular,2026-03-12T00:57:21.813867+00:00,tabular,mnist_tabular,mlp,10,22050,0.35,,,,,n_d_lr_grid,2388490,3e-05,256,0.0001,adam,6000,0.962857,0.986421,5568,55.12,0.003828,4761600,0.023564,LOW,
run_2dd95e8c,internal,tabular_mnist_tabular,2026-03-12T00:58:21.043919+00:00,tabular,mnist_tabular,mlp,10,22050,0.35,,,,,n_d_lr_grid,7922698,0.01,256,0.0001,adam,6000,0.964429,0.96317,4959,58.86,0.004088,15814656,-0.001259,LOW,
run_0fbfa9fc,internal,tabular_mnist_tabular,2026-03-12T00:59:20.303610+00:00,tabular,mnist_tabular,mlp,10,22050,0.35,,,,,n_d_lr_grid,7922698,0.003,256,0.0001,adam,6000,0.970286,0.985538,4872,58.9,0.00409,15814656,0.015252,LOW,
run_662ac337,internal,tabular_mnist_tabular,2026-03-12T01:00:19.961620+00:00,tabular,mnist_tabular,mlp,10,22050,0.35,,,,,n_d_lr_grid,7922698,0.001,256,0.0001,adam,6000,0.971,0.994792,5916,59.28,0.004117,15814656,0.023792,LOW,
run_24c1dbbe,internal,tabular_mnist_tabular,2026-03-12T01:01:19.128256+00:00,tabular,mnist_tabular,mlp,10,22050,0.35,,,,,n_d_lr_grid,7922698,0.0003,256,0.0001,adam,6000,0.972286,0.99907,6000,58.8,0.004083,15814656,0.026784,LOW,
run_a148e1f6,internal,tabular_mnist_tabular,2026-03-12T01:02:18.780290+00:00,tabular,mnist_tabular,mlp,10,22050,0.35,,,,,n_d_lr_grid,7922698,0.0001,256,0.0001,adam,6000,0.970286,0.99893,4524,59.23,0.004113,15814656,0.028645,LOW,
run_a55c3841,internal,tabular_mnist_tabular,2026-03-12T01:03:18.520111+00:00,tabular,mnist_tabular,mlp,10,22050,0.35,,,,,n_d_lr_grid,7922698,3e-05,256,0.0001,adam,6000,0.967,0.997256,4785,59.38,0.004124,15814656,0.030256,LOW,
run_882c269e,internal,tabular_mnist_tabular,2026-03-12T01:04:48.558544+00:00,tabular,mnist_tabular,mlp,10,22050,0.35,,,,,n_d_lr_grid,28428298,0.01,256,0.0001,adam,6000,0.964286,0.962798,2784,89.34,0.006204,56795136,-0.001488,LOW,
run_160a2936,internal,tabular_mnist_tabular,2026-03-12T01:06:18.546219+00:00,tabular,mnist_tabular,mlp,10,22050,0.35,,,,,n_d_lr_grid,28428298,0.003,256,0.0001,adam,6000,0.973143,0.984468,5655,89.32,0.006203,56795136,0.011325,LOW,
run_1a44618e,internal,tabular_mnist_tabular,2026-03-12T01:07:48.108257+00:00,tabular,mnist_tabular,mlp,10,22050,0.35,,,,,n_d_lr_grid,28428298,0.001,256,0.0001,adam,6000,0.972143,0.994141,6000,88.89,0.006173,56795136,0.021998,LOW,
run_4e08a254,internal,tabular_mnist_tabular,2026-03-12T01:09:17.649861+00:00,tabular,mnist_tabular,mlp,10,22050,0.35,,,,,n_d_lr_grid,28428298,0.0003,256,0.0001,adam,6000,0.970571,0.995908,4002,88.87,0.006172,56795136,0.025336,LOW,
run_692083bd,internal,tabular_mnist_tabular,2026-03-12T01:10:47.165257+00:00,tabular,mnist_tabular,mlp,10,22050,0.35,,,,,n_d_lr_grid,28428298,0.0001,256,0.0001,adam,6000,0.969571,0.998093,4263,88.84,0.006169,56795136,0.028522,LOW,
run_55390af3,internal,tabular_mnist_tabular,2026-03-12T01:12:16.722479+00:00,tabular,mnist_tabular,mlp,10,22050,0.35,,,,,n_d_lr_grid,28428298,3e-05,256,0.0001,adam,6000,0.968571,0.999628,6000,88.88,0.006172,56795136,0.031057,LOW,
run_497d47eb,internal,tabular_mnist_tabular,2026-03-12T01:13:03.090510+00:00,tabular,mnist_tabular,mlp,10,31500,0.5,,,,,n_d_lr_grid,27034,0.01,256,0.0001,adam,6000,0.944714,0.900065,5084,46.04,0.003197,53568,-0.044649,LOW,
run_405218ca,internal,tabular_mnist_tabular,2026-03-12T01:13:50.729910+00:00,tabular,mnist_tabular,mlp,10,31500,0.5,,,,,n_d_lr_grid,27034,0.003,256,0.0001,adam,6000,0.946,0.91862,3224,47.3,0.003284,53568,-0.02738,LOW,
run_154628a3,internal,tabular_mnist_tabular,2026-03-12T01:14:38.378961+00:00,tabular,mnist_tabular,mlp,10,31500,0.5,,,,,n_d_lr_grid,27034,0.001,256,0.0001,adam,6000,0.946286,0.914876,4588,47.28,0.003283,53568,-0.031409,LOW,
run_a5ea402c,internal,tabular_mnist_tabular,2026-03-12T01:15:25.288347+00:00,tabular,mnist_tabular,mlp,10,31500,0.5,,,,,n_d_lr_grid,27034,0.0003,256,0.0001,adam,6000,0.937286,0.890544,5952,46.54,0.003232,53568,-0.046742,LOW,
run_7d751d04,internal,tabular_mnist_tabular,2026-03-12T01:16:12.386484+00:00,tabular,mnist_tabular,mlp,10,31500,0.5,,,,,n_d_lr_grid,27034,0.0001,256,0.0001,adam,6000,0.917,0.825684,5952,46.73,0.003245,53568,-0.091316,LOW,
run_3eaf98c3,internal,tabular_mnist_tabular,2026-03-12T01:16:59.207940+00:00,tabular,mnist_tabular,mlp,10,31500,0.5,,,,,n_d_lr_grid,27034,3e-05,256,0.0001,adam,6000,0.859571,0.678385,6000,46.48,0.003228,53568,-0.181186,LOW,
run_d9cd382a,internal,tabular_mnist_tabular,2026-03-12T01:17:45.934072+00:00,tabular,mnist_tabular,mlp,10,31500,0.5,,,,,n_d_lr_grid,57130,0.01,256,0.0001,adam,6000,0.960143,0.946452,5580,46.38,0.003221,113280,-0.013691,LOW,
run_26d86a22,internal,tabular_mnist_tabular,2026-03-12T01:18:34.296787+00:00,tabular,mnist_tabular,mlp,10,31500,0.5,,,,,n_d_lr_grid,57130,0.003,256,0.0001,adam,6000,0.963857,0.965576,4092,48.0,0.003333,113280,0.001719,LOW,
run_e59fc142,internal,tabular_mnist_tabular,2026-03-12T01:19:22.204154+00:00,tabular,mnist_tabular,mlp,10,31500,0.5,,,,,n_d_lr_grid,57130,0.001,256,0.0001,adam,6000,0.962286,0.969157,6000,47.58,0.003304,113280,0.006871,LOW,
run_f8414db7,internal,tabular_mnist_tabular,2026-03-12T01:20:08.777312+00:00,tabular,mnist_tabular,mlp,10,31500,0.5,,,,,n_d_lr_grid,57130,0.0003,256,0.0001,adam,6000,0.956714,0.953369,5952,46.24,0.003211,113280,-0.003345,LOW,
run_d63d1db6,internal,tabular_mnist_tabular,2026-03-12T01:20:55.601000+00:00,tabular,mnist_tabular,mlp,10,31500,0.5,,,,,n_d_lr_grid,57130,0.0001,256,0.0001,adam,6000,0.940714,0.916748,6000,46.48,0.003228,113280,-0.023966,LOW,
run_6e6f96db,internal,tabular_mnist_tabular,2026-03-12T01:21:42.794110+00:00,tabular,mnist_tabular,mlp,10,31500,0.5,,,,,n_d_lr_grid,57130,3e-05,256,0.0001,adam,6000,0.910429,0.850993,5952,46.86,0.003254,113280,-0.059436,LOW,
run_80abc6c1,internal,tabular_mnist_tabular,2026-03-12T01:22:29.912461+00:00,tabular,mnist_tabular,mlp,10,31500,0.5,,,,,n_d_lr_grid,126538,0.01,256,0.0001,adam,6000,0.966286,0.957357,3472,46.76,0.003247,251136,-0.008929,LOW,
run_0c1cf1c6,internal,tabular_mnist_tabular,2026-03-12T01:23:17.205057+00:00,tabular,mnist_tabular,mlp,10,31500,0.5,,,,,n_d_lr_grid,126538,0.003,256,0.0001,adam,6000,0.973286,0.98112,5084,46.92,0.003258,251136,0.007834,LOW,
run_a8cef0ec,internal,tabular_mnist_tabular,2026-03-12T01:24:04.181565+00:00,tabular,mnist_tabular,mlp,10,31500,0.5,,,,,n_d_lr_grid,126538,0.001,256,0.0001,adam,6000,0.971286,0.986898,5828,46.65,0.003239,251136,0.015612,LOW,
run_8358dec5,internal,tabular_mnist_tabular,2026-03-12T01:24:50.575256+00:00,tabular,mnist_tabular,mlp,10,31500,0.5,,,,,n_d_lr_grid,126538,0.0003,256,0.0001,adam,6000,0.966571,0.980225,5704,46.06,0.003199,251136,0.013653,LOW,
run_b3a544a3,internal,tabular_mnist_tabular,2026-03-12T01:25:37.372357+00:00,tabular,mnist_tabular,mlp,10,31500,0.5,,,,,n_d_lr_grid,126538,0.0001,256,0.0001,adam,6000,0.953857,0.952311,5952,46.46,0.003227,251136,-0.001546,LOW,
run_be2dc7e2,internal,tabular_mnist_tabular,2026-03-12T01:26:25.330112+00:00,tabular,mnist_tabular,mlp,10,31500,0.5,,,,,n_d_lr_grid,126538,3e-05,256,0.0001,adam,6000,0.929286,0.910726,5828,47.63,0.003307,251136,-0.01856,LOW,
run_3b30e575,internal,tabular_mnist_tabular,2026-03-12T01:27:13.292694+00:00,tabular,mnist_tabular,mlp,10,31500,0.5,,,,,n_d_lr_grid,302218,0.01,256,0.0001,adam,6000,0.966429,0.963216,5704,47.63,0.003307,600576,-0.003212,LOW,
run_b3c02d4f,internal,tabular_mnist_tabular,2026-03-12T01:28:00.159304+00:00,tabular,mnist_tabular,mlp,10,31500,0.5,,,,,n_d_lr_grid,302218,0.003,256,0.0001,adam,6000,0.973714,0.987061,3224,46.49,0.003229,600576,0.013346,LOW,
run_f2107fc1,internal,tabular_mnist_tabular,2026-03-12T01:28:46.434049+00:00,tabular,mnist_tabular,mlp,10,31500,0.5,,,,,n_d_lr_grid,302218,0.001,256,0.0001,adam,6000,0.974857,0.990641,5084,45.91,0.003188,600576,0.015784,LOW,
run_03a68cd2,internal,tabular_mnist_tabular,2026-03-12T01:29:33.206708+00:00,tabular,mnist_tabular,mlp,10,31500,0.5,,,,,n_d_lr_grid,302218,0.0003,256,0.0001,adam,6000,0.971,0.99235,5704,46.41,0.003223,600576,0.02135,LOW,
run_3f5445ca,internal,tabular_mnist_tabular,2026-03-12T01:30:20.522978+00:00,tabular,mnist_tabular,mlp,10,31500,0.5,,,,,n_d_lr_grid,302218,0.0001,256,0.0001,adam,6000,0.964429,0.975342,5704,46.98,0.003263,600576,0.010913,LOW,
run_da68d23f,internal,tabular_mnist_tabular,2026-03-12T01:31:07.688206+00:00,tabular,mnist_tabular,mlp,10,31500,0.5,,,,,n_d_lr_grid,302218,3e-05,256,0.0001,adam,6000,0.946,0.938883,5704,46.81,0.00325,600576,-0.007117,LOW,
run_984e4fde,internal,tabular_mnist_tabular,2026-03-12T01:31:55.508363+00:00,tabular,mnist_tabular,mlp,10,31500,0.5,,,,,n_d_lr_grid,801034,0.01,256,0.0001,adam,6000,0.965,0.961751,3968,47.47,0.003297,1594368,-0.003249,LOW,
run_61a98862,internal,tabular_mnist_tabular,2026-03-12T01:32:42.736068+00:00,tabular,mnist_tabular,mlp,10,31500,0.5,,,,,n_d_lr_grid,801034,0.003,256,0.0001,adam,6000,0.973857,0.986491,5208,46.87,0.003255,1594368,0.012634,LOW,
run_5995816c,internal,tabular_mnist_tabular,2026-03-12T01:33:29.915070+00:00,tabular,mnist_tabular,mlp,10,31500,0.5,,,,,n_d_lr_grid,801034,0.001,256,0.0001,adam,6000,0.975714,0.995117,6000,46.84,0.003252,1594368,0.019403,LOW,
run_aa237961,internal,tabular_mnist_tabular,2026-03-12T01:34:17.132491+00:00,tabular,mnist_tabular,mlp,10,31500,0.5,,,,,n_d_lr_grid,801034,0.0003,256,0.0001,adam,6000,0.974714,0.996908,5952,46.86,0.003254,1594368,0.022193,LOW,
run_2db316c9,internal,tabular_mnist_tabular,2026-03-12T01:35:04.415359+00:00,tabular,mnist_tabular,mlp,10,31500,0.5,,,,,n_d_lr_grid,801034,0.0001,256,0.0001,adam,6000,0.971857,0.991211,5952,46.94,0.00326,1594368,0.019354,LOW,
run_19546de0,internal,tabular_mnist_tabular,2026-03-12T01:35:51.166401+00:00,tabular,mnist_tabular,mlp,10,31500,0.5,,,,,n_d_lr_grid,801034,3e-05,256,0.0001,adam,6000,0.960714,0.963704,6000,46.39,0.003221,1594368,0.00299,LOW,
run_a0f0ac6d,internal,tabular_mnist_tabular,2026-03-12T01:36:39.380491+00:00,tabular,mnist_tabular,mlp,10,31500,0.5,,,,,n_d_lr_grid,2388490,0.01,256,0.0001,adam,6000,0.963,0.965088,4464,47.82,0.003321,4761600,0.002088,LOW,
run_d51f1dd1,internal,tabular_mnist_tabular,2026-03-12T01:37:27.608371+00:00,tabular,mnist_tabular,mlp,10,31500,0.5,,,,,n_d_lr_grid,2388490,0.003,256,0.0001,adam,6000,0.973571,0.986084,3472,47.83,0.003321,4761600,0.012513,LOW,
run_406c81fe,internal,tabular_mnist_tabular,2026-03-12T01:38:16.148682+00:00,tabular,mnist_tabular,mlp,10,31500,0.5,,,,,n_d_lr_grid,2388490,0.001,256,0.0001,adam,6000,0.974429,0.992676,5704,48.16,0.003345,4761600,0.018247,LOW,
run_3fe48058,internal,tabular_mnist_tabular,2026-03-12T01:39:03.580502+00:00,tabular,mnist_tabular,mlp,10,31500,0.5,,,,,n_d_lr_grid,2388490,0.0003,256,0.0001,adam,6000,0.974714,0.997477,5456,47.07,0.003269,4761600,0.022763,LOW,
run_8ecf96ab,internal,tabular_mnist_tabular,2026-03-12T01:39:51.299747+00:00,tabular,mnist_tabular,mlp,10,31500,0.5,,,,,n_d_lr_grid,2388490,0.0001,256,0.0001,adam,6000,0.973,0.99821,5456,47.35,0.003289,4761600,0.02521,LOW,
run_596d18df,internal,tabular_mnist_tabular,2026-03-12T01:40:38.165695+00:00,tabular,mnist_tabular,mlp,10,31500,0.5,,,,,n_d_lr_grid,2388490,3e-05,256,0.0001,adam,6000,0.964571,0.984538,5952,46.49,0.003229,4761600,0.019966,LOW,
run_f594d11e,internal,tabular_mnist_tabular,2026-03-12T01:41:30.034819+00:00,tabular,mnist_tabular,mlp,10,31500,0.5,,,,,n_d_lr_grid,7922698,0.01,256,0.0001,adam,6000,0.965714,0.959473,2356,51.43,0.003571,15814656,-0.006242,LOW,
run_f08720bd,internal,tabular_mnist_tabular,2026-03-12T01:42:21.829261+00:00,tabular,mnist_tabular,mlp,10,31500,0.5,,,,,n_d_lr_grid,7922698,0.003,256,0.0001,adam,6000,0.973571,0.985514,6000,51.35,0.003566,15814656,0.011943,LOW,
run_8bcafd5a,internal,tabular_mnist_tabular,2026-03-12T01:43:13.291821+00:00,tabular,mnist_tabular,mlp,10,31500,0.5,,,,,n_d_lr_grid,7922698,0.001,256,0.0001,adam,6000,0.974714,0.993001,5084,51.02,0.003543,15814656,0.018287,LOW,
run_35648d3f,internal,tabular_mnist_tabular,2026-03-12T01:44:05.478139+00:00,tabular,mnist_tabular,mlp,10,31500,0.5,,,,,n_d_lr_grid,7922698,0.0003,256,0.0001,adam,6000,0.973429,0.996908,4960,51.76,0.003594,15814656,0.023479,LOW,
run_e561ff65,internal,tabular_mnist_tabular,2026-03-12T01:44:57.464807+00:00,tabular,mnist_tabular,mlp,10,31500,0.5,,,,,n_d_lr_grid,7922698,0.0001,256,0.0001,adam,6000,0.973143,0.998128,5084,51.5,0.003577,15814656,0.024985,LOW,
run_f1043d23,internal,tabular_mnist_tabular,2026-03-12T01:45:49.583147+00:00,tabular,mnist_tabular,mlp,10,31500,0.5,,,,,n_d_lr_grid,7922698,3e-05,256,0.0001,adam,6000,0.971,0.996826,6000,51.65,0.003587,15814656,0.025826,LOW,
run_4d85b964,internal,tabular_mnist_tabular,2026-03-12T01:47:11.285777+00:00,tabular,mnist_tabular,mlp,10,31500,0.5,,,,,n_d_lr_grid,28428298,0.01,256,0.0001,adam,6000,0.965857,0.960042,3720,80.95,0.005622,56795136,-0.005815,LOW,
run_b2effc25,internal,tabular_mnist_tabular,2026-03-12T01:48:33.092014+00:00,tabular,mnist_tabular,mlp,10,31500,0.5,,,,,n_d_lr_grid,28428298,0.003,256,0.0001,adam,6000,0.974429,0.985107,5828,81.06,0.005629,56795136,0.010679,LOW,
run_d89f947e,internal,tabular_mnist_tabular,2026-03-12T01:49:55.026411+00:00,tabular,mnist_tabular,mlp,10,31500,0.5,,,,,n_d_lr_grid,28428298,0.001,256,0.0001,adam,6000,0.974714,0.99292,5704,81.19,0.005638,56795136,0.018206,LOW,
run_b8b64aef,internal,tabular_mnist_tabular,2026-03-12T01:51:16.548484+00:00,tabular,mnist_tabular,mlp,10,31500,0.5,,,,,n_d_lr_grid,28428298,0.0003,256,0.0001,adam,6000,0.973286,0.996257,3844,80.78,0.005609,56795136,0.022971,LOW,
run_259dc688,internal,tabular_mnist_tabular,2026-03-12T01:52:38.339190+00:00,tabular,mnist_tabular,mlp,10,31500,0.5,,,,,n_d_lr_grid,28428298,0.0001,256,0.0001,adam,6000,0.971286,0.997965,2356,81.04,0.005628,56795136,0.02668,LOW,
run_fb22b56c,internal,tabular_mnist_tabular,2026-03-12T01:53:59.884533+00:00,tabular,mnist_tabular,mlp,10,31500,0.5,,,,,n_d_lr_grid,28428298,3e-05,256,0.0001,adam,6000,0.971429,0.999268,5208,80.75,0.005608,56795136,0.027839,LOW,
run_66be9885,internal,tabular_mnist_tabular,2026-03-12T01:54:40.132865+00:00,tabular,mnist_tabular,mlp,10,47250,0.75,,,,,n_d_lr_grid,27034,0.01,256,0.0001,adam,6000,0.943714,0.899023,6000,39.8,0.002764,53568,-0.044691,LOW,
run_f79cfec4,internal,tabular_mnist_tabular,2026-03-12T01:55:20.279076+00:00,tabular,mnist_tabular,mlp,10,47250,0.75,,,,,n_d_lr_grid,27034,0.003,256,0.0001,adam,6000,0.952714,0.91709,5735,39.69,0.002756,53568,-0.035624,LOW,
run_02d719fd,internal,tabular_mnist_tabular,2026-03-12T01:56:01.591446+00:00,tabular,mnist_tabular,mlp,10,47250,0.75,,,,,n_d_lr_grid,27034,0.001,256,0.0001,adam,6000,0.946857,0.913672,5365,40.85,0.002837,53568,-0.033185,LOW,
run_7c95adf9,internal,tabular_mnist_tabular,2026-03-12T01:56:42.267055+00:00,tabular,mnist_tabular,mlp,10,47250,0.75,,,,,n_d_lr_grid,27034,0.0003,256,0.0001,adam,6000,0.941429,0.886035,5920,40.21,0.002793,53568,-0.055393,LOW,
run_ae42c0ee,internal,tabular_mnist_tabular,2026-03-12T01:57:23.558591+00:00,tabular,mnist_tabular,mlp,10,47250,0.75,,,,,n_d_lr_grid,27034,0.0001,256,0.0001,adam,6000,0.916,0.823486,6000,40.83,0.002835,53568,-0.092514,LOW,
run_fb8383d5,internal,tabular_mnist_tabular,2026-03-12T01:58:04.612738+00:00,tabular,mnist_tabular,mlp,10,47250,0.75,,,,,n_d_lr_grid,27034,3e-05,256,0.0001,adam,6000,0.856429,0.678027,6000,40.56,0.002817,53568,-0.178401,LOW,
run_17680b17,internal,tabular_mnist_tabular,2026-03-12T01:58:45.856663+00:00,tabular,mnist_tabular,mlp,10,47250,0.75,,,,,n_d_lr_grid,57130,0.01,256,0.0001,adam,6000,0.962143,0.943164,4995,40.75,0.00283,113280,-0.018979,LOW,
run_b504a1f0,internal,tabular_mnist_tabular,2026-03-12T01:59:26.984211+00:00,tabular,mnist_tabular,mlp,10,47250,0.75,,,,,n_d_lr_grid,57130,0.003,256,0.0001,adam,6000,0.966714,0.96167,4255,40.66,0.002824,113280,-0.005044,LOW,
run_49e95014,internal,tabular_mnist_tabular,2026-03-12T02:00:08.031550+00:00,tabular,mnist_tabular,mlp,10,47250,0.75,,,,,n_d_lr_grid,57130,0.001,256,0.0001,adam,6000,0.964,0.964795,4810,40.55,0.002816,113280,0.000795,LOW,
run_17ab21c4,internal,tabular_mnist_tabular,2026-03-12T02:00:48.714160+00:00,tabular,mnist_tabular,mlp,10,47250,0.75,,,,,n_d_lr_grid,57130,0.0003,256,0.0001,adam,6000,0.957,0.94751,5550,40.18,0.00279,113280,-0.00949,LOW,
run_c39fbce3,internal,tabular_mnist_tabular,2026-03-12T02:01:29.413658+00:00,tabular,mnist_tabular,mlp,10,47250,0.75,,,,,n_d_lr_grid,57130,0.0001,256,0.0001,adam,6000,0.942143,0.909326,6000,40.24,0.002795,113280,-0.032817,LOW,
run_ce0e94c9,internal,tabular_mnist_tabular,2026-03-12T02:02:11.094663+00:00,tabular,mnist_tabular,mlp,10,47250,0.75,,,,,n_d_lr_grid,57130,3e-05,256,0.0001,adam,6000,0.911,0.84668,6000,41.22,0.002862,113280,-0.06432,LOW,
run_ff2deb7f,internal,tabular_mnist_tabular,2026-03-12T02:02:51.318113+00:00,tabular,mnist_tabular,mlp,10,47250,0.75,,,,,n_d_lr_grid,126538,0.01,256,0.0001,adam,6000,0.968286,0.956201,4070,39.74,0.00276,251136,-0.012085,LOW,
run_8a435532,internal,tabular_mnist_tabular,2026-03-12T02:03:32.512213+00:00,tabular,mnist_tabular,mlp,10,47250,0.75,,,,,n_d_lr_grid,126538,0.003,256,0.0001,adam,6000,0.974143,0.976758,4810,40.73,0.002829,251136,0.002615,LOW,
run_b9876e63,internal,tabular_mnist_tabular,2026-03-12T02:04:12.830896+00:00,tabular,mnist_tabular,mlp,10,47250,0.75,,,,,n_d_lr_grid,126538,0.001,256,0.0001,adam,6000,0.974714,0.984521,5365,39.86,0.002768,251136,0.009807,LOW,
run_a987fa8f,internal,tabular_mnist_tabular,2026-03-12T02:04:54.100061+00:00,tabular,mnist_tabular,mlp,10,47250,0.75,,,,,n_d_lr_grid,126538,0.0003,256,0.0001,adam,6000,0.969,0.972998,5920,40.81,0.002834,251136,0.003998,LOW,
run_90ebdea3,internal,tabular_mnist_tabular,2026-03-12T02:05:34.262794+00:00,tabular,mnist_tabular,mlp,10,47250,0.75,,,,,n_d_lr_grid,126538,0.0001,256,0.0001,adam,6000,0.954571,0.946143,6000,39.7,0.002757,251136,-0.008429,LOW,
run_3757a3e3,internal,tabular_mnist_tabular,2026-03-12T02:06:15.690277+00:00,tabular,mnist_tabular,mlp,10,47250,0.75,,,,,n_d_lr_grid,126538,3e-05,256,0.0001,adam,6000,0.930857,0.906104,6000,40.96,0.002844,251136,-0.024754,LOW,
run_563ef47d,internal,tabular_mnist_tabular,2026-03-12T02:06:56.624852+00:00,tabular,mnist_tabular,mlp,10,47250,0.75,,,,,n_d_lr_grid,302218,0.01,256,0.0001,adam,6000,0.966857,0.957324,2405,40.41,0.002806,600576,-0.009533,LOW,
run_ce99416b,internal,tabular_mnist_tabular,2026-03-12T02:07:38.289099+00:00,tabular,mnist_tabular,mlp,10,47250,0.75,,,,,n_d_lr_grid,302218,0.003,256,0.0001,adam,6000,0.975857,0.981152,4810,41.2,0.002861,600576,0.005295,LOW,
run_39fb6745,internal,tabular_mnist_tabular,2026-03-12T02:08:18.449973+00:00,tabular,mnist_tabular,mlp,10,47250,0.75,,,,,n_d_lr_grid,302218,0.001,256,0.0001,adam,6000,0.977571,0.990723,6000,39.64,0.002753,600576,0.013151,LOW,
run_ff8d3002,internal,tabular_mnist_tabular,2026-03-12T02:08:59.582927+00:00,tabular,mnist_tabular,mlp,10,47250,0.75,,,,,n_d_lr_grid,302218,0.0003,256,0.0001,adam,6000,0.973,0.987402,4625,40.61,0.00282,600576,0.014402,LOW,
run_882eb29e,internal,tabular_mnist_tabular,2026-03-12T02:09:40.027748+00:00,tabular,mnist_tabular,mlp,10,47250,0.75,,,,,n_d_lr_grid,302218,0.0001,256,0.0001,adam,6000,0.964571,0.971191,5550,39.98,0.002776,600576,0.00662,LOW,
run_1fea902c,internal,tabular_mnist_tabular,2026-03-12T02:10:21.684303+00:00,tabular,mnist_tabular,mlp,10,47250,0.75,,,,,n_d_lr_grid,302218,3e-05,256,0.0001,adam,6000,0.946571,0.934521,6000,41.19,0.002861,600576,-0.01205,LOW,
run_3e5a37a2,internal,tabular_mnist_tabular,2026-03-12T02:11:02.205210+00:00,tabular,mnist_tabular,mlp,10,47250,0.75,,,,,n_d_lr_grid,801034,0.01,256,0.0001,adam,6000,0.965714,0.956934,6000,40.05,0.002781,1594368,-0.008781,LOW,
run_25c713bb,internal,tabular_mnist_tabular,2026-03-12T02:11:44.008433+00:00,tabular,mnist_tabular,mlp,10,47250,0.75,,,,,n_d_lr_grid,801034,0.003,256,0.0001,adam,6000,0.975429,0.982422,5365,41.33,0.00287,1594368,0.006993,LOW,
run_73e145b1,internal,tabular_mnist_tabular,2026-03-12T02:12:24.860437+00:00,tabular,mnist_tabular,mlp,10,47250,0.75,,,,,n_d_lr_grid,801034,0.001,256,0.0001,adam,6000,0.977429,0.992676,2405,40.38,0.002804,1594368,0.015247,LOW,
run_28dd349b,internal,tabular_mnist_tabular,2026-03-12T02:13:05.739341+00:00,tabular,mnist_tabular,mlp,10,47250,0.75,,,,,n_d_lr_grid,801034,0.0003,256,0.0001,adam,6000,0.977571,0.994092,5920,40.41,0.002806,1594368,0.01652,LOW,
run_9ccedc68,internal,tabular_mnist_tabular,2026-03-12T02:13:47.645159+00:00,tabular,mnist_tabular,mlp,10,47250,0.75,,,,,n_d_lr_grid,801034,0.0001,256,0.0001,adam,6000,0.974143,0.986133,6000,41.4,0.002875,1594368,0.01199,LOW,
run_f2182dd0,internal,tabular_mnist_tabular,2026-03-12T02:14:28.372394+00:00,tabular,mnist_tabular,mlp,10,47250,0.75,,,,,n_d_lr_grid,801034,3e-05,256,0.0001,adam,6000,0.960286,0.958252,6000,40.26,0.002796,1594368,-0.002034,LOW,
run_12b1ca7c,internal,tabular_mnist_tabular,2026-03-12T02:15:10.809309+00:00,tabular,mnist_tabular,mlp,10,47250,0.75,,,,,n_d_lr_grid,2388490,0.01,256,0.0001,adam,6000,0.966571,0.957959,5920,41.89,0.002909,4761600,-0.008612,LOW,
run_ab942be2,internal,tabular_mnist_tabular,2026-03-12T02:15:51.581942+00:00,tabular,mnist_tabular,mlp,10,47250,0.75,,,,,n_d_lr_grid,2388490,0.003,256,0.0001,adam,6000,0.975714,0.984131,5920,40.26,0.002796,4761600,0.008417,LOW,
run_764b7a56,internal,tabular_mnist_tabular,2026-03-12T02:16:33.716501+00:00,tabular,mnist_tabular,mlp,10,47250,0.75,,,,,n_d_lr_grid,2388490,0.001,256,0.0001,adam,6000,0.978286,0.990674,5735,41.63,0.002891,4761600,0.012388,LOW,
run_1cef3f7e,internal,tabular_mnist_tabular,2026-03-12T02:17:22.070629+00:00,tabular,mnist_tabular,mlp,10,47250,0.75,,,,,n_d_lr_grid,2388490,0.0003,256,0.0001,adam,6000,0.977429,0.996289,5550,47.86,0.003323,4761600,0.01886,LOW,
run_0af5c50c,internal,tabular_mnist_tabular,2026-03-12T02:18:14.301162+00:00,tabular,mnist_tabular,mlp,10,47250,0.75,,,,,n_d_lr_grid,2388490,0.0001,256,0.0001,adam,6000,0.975,0.994971,5920,51.74,0.003593,4761600,0.019971,LOW,
run_4f433a31,internal,tabular_mnist_tabular,2026-03-12T02:19:06.455825+00:00,tabular,mnist_tabular,mlp,10,47250,0.75,,,,,n_d_lr_grid,2388490,3e-05,256,0.0001,adam,6000,0.966714,0.975537,6000,51.66,0.003588,4761600,0.008823,LOW,
run_3b413107,internal,tabular_mnist_tabular,2026-03-12T02:19:52.237943+00:00,tabular,mnist_tabular,mlp,10,47250,0.75,,,,,n_d_lr_grid,7922698,0.01,256,0.0001,adam,6000,0.965429,0.955371,4995,45.18,0.003138,15814656,-0.010057,LOW,
run_df49f5cc,internal,tabular_mnist_tabular,2026-03-12T02:20:38.655379+00:00,tabular,mnist_tabular,mlp,10,47250,0.75,,,,,n_d_lr_grid,7922698,0.003,256,0.0001,adam,6000,0.973571,0.980664,4810,45.8,0.003181,15814656,0.007093,LOW,
run_20e2c370,internal,tabular_mnist_tabular,2026-03-12T02:21:24.835062+00:00,tabular,mnist_tabular,mlp,10,47250,0.75,,,,,n_d_lr_grid,7922698,0.001,256,0.0001,adam,6000,0.975143,0.989062,4440,45.61,0.003167,15814656,0.01392,LOW,
run_03a8ff30,internal,tabular_mnist_tabular,2026-03-12T02:22:11.896731+00:00,tabular,mnist_tabular,mlp,10,47250,0.75,,,,,n_d_lr_grid,7922698,0.0003,256,0.0001,adam,6000,0.976857,0.997412,5735,46.49,0.003229,15814656,0.020555,LOW,
run_8645f7e6,internal,tabular_mnist_tabular,2026-03-12T02:22:57.911774+00:00,tabular,mnist_tabular,mlp,10,47250,0.75,,,,,n_d_lr_grid,7922698,0.0001,256,0.0001,adam,6000,0.975286,0.997705,5920,45.42,0.003154,15814656,0.022419,LOW,
run_33b6d05b,internal,tabular_mnist_tabular,2026-03-12T02:23:44.054524+00:00,tabular,mnist_tabular,mlp,10,47250,0.75,,,,,n_d_lr_grid,7922698,3e-05,256,0.0001,adam,6000,0.972429,0.99126,6000,45.55,0.003163,15814656,0.018831,LOW,
run_ff5a1fba,internal,tabular_mnist_tabular,2026-03-12T02:24:59.794519+00:00,tabular,mnist_tabular,mlp,10,47250,0.75,,,,,n_d_lr_grid,28428298,0.01,256,0.0001,adam,6000,0.965571,0.954785,4810,74.86,0.005198,56795136,-0.010786,LOW,
run_d8f04717,internal,tabular_mnist_tabular,2026-03-12T02:26:15.845004+00:00,tabular,mnist_tabular,mlp,10,47250,0.75,,,,,n_d_lr_grid,28428298,0.003,256,0.0001,adam,6000,0.974143,0.981543,4070,75.17,0.00522,56795136,0.0074,LOW,
run_298b3f8d,internal,tabular_mnist_tabular,2026-03-12T02:27:31.573294+00:00,tabular,mnist_tabular,mlp,10,47250,0.75,,,,,n_d_lr_grid,28428298,0.001,256,0.0001,adam,6000,0.976714,0.989648,4440,74.81,0.005195,56795136,0.012934,LOW,
run_7547ed43,internal,tabular_mnist_tabular,2026-03-12T02:28:47.642742+00:00,tabular,mnist_tabular,mlp,10,47250,0.75,,,,,n_d_lr_grid,28428298,0.0003,256,0.0001,adam,6000,0.975286,0.994141,4070,75.18,0.005221,56795136,0.018855,LOW,
run_f67c7303,internal,tabular_mnist_tabular,2026-03-12T02:30:03.683944+00:00,tabular,mnist_tabular,mlp,10,47250,0.75,,,,,n_d_lr_grid,28428298,0.0001,256,0.0001,adam,6000,0.975,0.997998,3330,75.16,0.005219,56795136,0.022998,LOW,
run_37fe1891,internal,tabular_mnist_tabular,2026-03-12T02:31:19.446997+00:00,tabular,mnist_tabular,mlp,10,47250,0.75,,,,,n_d_lr_grid,28428298,3e-05,256,0.0001,adam,6000,0.975429,0.997754,6000,74.87,0.005199,56795136,0.022325,LOW,
run_3f088ef6,internal,tabular_mnist_tabular,2026-03-12T02:31:56.816639+00:00,tabular,mnist_tabular,mlp,10,63000,1.0,,,,,n_d_lr_grid,27034,0.01,256,0.0001,adam,6000,0.948,0.895182,2717,36.75,0.002552,53568,-0.052818,LOW,
run_8cff58a2,internal,tabular_mnist_tabular,2026-03-12T02:32:35.072209+00:00,tabular,mnist_tabular,mlp,10,63000,1.0,,,,,n_d_lr_grid,27034,0.003,256,0.0001,adam,6000,0.951857,0.90918,6000,37.66,0.002615,53568,-0.042677,LOW,
run_86703873,internal,tabular_mnist_tabular,2026-03-12T02:33:12.855875+00:00,tabular,mnist_tabular,mlp,10,63000,1.0,,,,,n_d_lr_grid,27034,0.001,256,0.0001,adam,6000,0.949857,0.910482,4693,37.15,0.00258,53568,-0.039375,LOW,
run_c1c51a09,internal,tabular_mnist_tabular,2026-03-12T02:33:50.530128+00:00,tabular,mnist_tabular,mlp,10,63000,1.0,,,,,n_d_lr_grid,27034,0.0003,256,0.0001,adam,6000,0.942286,0.883518,6000,37.08,0.002575,53568,-0.058768,LOW,
run_1b975e1e,internal,tabular_mnist_tabular,2026-03-12T02:34:27.903310+00:00,tabular,mnist_tabular,mlp,10,63000,1.0,,,,,n_d_lr_grid,27034,0.0001,256,0.0001,adam,6000,0.916714,0.814996,5681,36.73,0.002551,53568,-0.101719,LOW,
run_bede2aba,internal,tabular_mnist_tabular,2026-03-12T02:35:06.067628+00:00,tabular,mnist_tabular,mlp,10,63000,1.0,,,,,n_d_lr_grid,27034,3e-05,256,0.0001,adam,6000,0.859286,0.674642,6000,37.57,0.002609,53568,-0.184644,LOW,
run_b3870515,internal,tabular_mnist_tabular,2026-03-12T02:35:44.094579+00:00,tabular,mnist_tabular,mlp,10,63000,1.0,,,,,n_d_lr_grid,57130,0.01,256,0.0001,adam,6000,0.960286,0.943359,1235,37.41,0.002598,113280,-0.016926,LOW,
run_1828e2a9,internal,tabular_mnist_tabular,2026-03-12T02:36:22.842524+00:00,tabular,mnist_tabular,mlp,10,63000,1.0,,,,,n_d_lr_grid,57130,0.003,256,0.0001,adam,6000,0.968571,0.959798,4199,38.15,0.00265,113280,-0.008773,LOW,
run_f1563484,internal,tabular_mnist_tabular,2026-03-12T02:37:01.624341+00:00,tabular,mnist_tabular,mlp,10,63000,1.0,,,,,n_d_lr_grid,57130,0.001,256,0.0001,adam,6000,0.968,0.962457,6000,38.19,0.002652,113280,-0.005543,LOW,
run_a68f5b88,internal,tabular_mnist_tabular,2026-03-12T02:37:40.826474+00:00,tabular,mnist_tabular,mlp,10,63000,1.0,,,,,n_d_lr_grid,57130,0.0003,256,0.0001,adam,6000,0.960857,0.944444,6000,38.58,0.002679,113280,-0.016413,LOW,
run_26b321f3,internal,tabular_mnist_tabular,2026-03-12T02:38:19.108632+00:00,tabular,mnist_tabular,mlp,10,63000,1.0,,,,,n_d_lr_grid,57130,0.0001,256,0.0001,adam,6000,0.943143,0.909939,5928,37.68,0.002617,113280,-0.033204,LOW,
run_1bcafebf,internal,tabular_mnist_tabular,2026-03-12T02:38:56.566572+00:00,tabular,mnist_tabular,mlp,10,63000,1.0,,,,,n_d_lr_grid,57130,3e-05,256,0.0001,adam,6000,0.911857,0.847005,6000,36.83,0.002558,113280,-0.064852,LOW,
run_8ca8a548,internal,tabular_mnist_tabular,2026-03-12T02:39:34.024724+00:00,tabular,mnist_tabular,mlp,10,63000,1.0,,,,,n_d_lr_grid,126538,0.01,256,0.0001,adam,6000,0.966571,0.955187,5187,36.85,0.002559,251136,-0.011385,LOW,
run_9f22d3c8,internal,tabular_mnist_tabular,2026-03-12T02:40:11.763196+00:00,tabular,mnist_tabular,mlp,10,63000,1.0,,,,,n_d_lr_grid,126538,0.003,256,0.0001,adam,6000,0.974714,0.972982,3458,37.15,0.00258,251136,-0.001733,LOW,
run_86dacb5b,internal,tabular_mnist_tabular,2026-03-12T02:40:49.457323+00:00,tabular,mnist_tabular,mlp,10,63000,1.0,,,,,n_d_lr_grid,126538,0.001,256,0.0001,adam,6000,0.974714,0.980035,6000,37.1,0.002576,251136,0.00532,LOW,
run_12ba5c80,internal,tabular_mnist_tabular,2026-03-12T02:41:27.893193+00:00,tabular,mnist_tabular,mlp,10,63000,1.0,,,,,n_d_lr_grid,126538,0.0003,256,0.0001,adam,6000,0.97,0.969944,5434,37.84,0.002628,251136,-5.6e-05,LOW,
run_5f6a1339,internal,tabular_mnist_tabular,2026-03-12T02:42:05.881624+00:00,tabular,mnist_tabular,mlp,10,63000,1.0,,,,,n_d_lr_grid,126538,0.0001,256,0.0001,adam,6000,0.957571,0.943197,5928,37.39,0.002597,251136,-0.014375,LOW,
run_950e60f2,internal,tabular_mnist_tabular,2026-03-12T02:42:44.246268+00:00,tabular,mnist_tabular,mlp,10,63000,1.0,,,,,n_d_lr_grid,126538,3e-05,256,0.0001,adam,6000,0.931,0.903809,5928,37.77,0.002623,251136,-0.027191,LOW,
run_29caaa52,internal,tabular_mnist_tabular,2026-03-12T02:43:22.257829+00:00,tabular,mnist_tabular,mlp,10,63000,1.0,,,,,n_d_lr_grid,302218,0.01,256,0.0001,adam,6000,0.967571,0.95025,2964,37.39,0.002596,600576,-0.017322,LOW,
run_2c4fab26,internal,tabular_mnist_tabular,2026-03-12T02:44:00.380955+00:00,tabular,mnist_tabular,mlp,10,63000,1.0,,,,,n_d_lr_grid,302218,0.003,256,0.0001,adam,6000,0.977,0.979872,6000,37.52,0.002606,600576,0.002872,LOW,
run_5b438ad9,internal,tabular_mnist_tabular,2026-03-12T02:44:38.995896+00:00,tabular,mnist_tabular,mlp,10,63000,1.0,,,,,n_d_lr_grid,302218,0.001,256,0.0001,adam,6000,0.979143,0.98763,5434,38.02,0.002641,600576,0.008487,LOW,
run_db23740f,internal,tabular_mnist_tabular,2026-03-12T02:45:16.872164+00:00,tabular,mnist_tabular,mlp,10,63000,1.0,,,,,n_d_lr_grid,302218,0.0003,256,0.0001,adam,6000,0.976,0.985731,5928,37.27,0.002588,600576,0.009731,LOW,
run_be24f598,internal,tabular_mnist_tabular,2026-03-12T02:45:54.661967+00:00,tabular,mnist_tabular,mlp,10,63000,1.0,,,,,n_d_lr_grid,302218,0.0001,256,0.0001,adam,6000,0.966429,0.967773,5928,37.16,0.002581,600576,0.001345,LOW,
run_2b6b2a34,internal,tabular_mnist_tabular,2026-03-12T02:46:32.833529+00:00,tabular,mnist_tabular,mlp,10,63000,1.0,,,,,n_d_lr_grid,302218,3e-05,256,0.0001,adam,6000,0.948143,0.93316,6000,37.58,0.00261,600576,-0.014983,LOW,
run_99296e8e,internal,tabular_mnist_tabular,2026-03-12T02:47:11.677584+00:00,tabular,mnist_tabular,mlp,10,63000,1.0,,,,,n_d_lr_grid,801034,0.01,256,0.0001,adam,6000,0.962857,0.950304,4940,38.25,0.002656,1594368,-0.012553,LOW,
run_fb5c0133,internal,tabular_mnist_tabular,2026-03-12T02:47:50.639466+00:00,tabular,mnist_tabular,mlp,10,63000,1.0,,,,,n_d_lr_grid,801034,0.003,256,0.0001,adam,6000,0.976143,0.977973,4446,38.35,0.002663,1594368,0.00183,LOW,
run_d5a0ecbd,internal,tabular_mnist_tabular,2026-03-12T02:48:28.769643+00:00,tabular,mnist_tabular,mlp,10,63000,1.0,,,,,n_d_lr_grid,801034,0.001,256,0.0001,adam,6000,0.980571,0.989366,5928,37.5,0.002604,1594368,0.008795,LOW,
run_4c54a9bf,internal,tabular_mnist_tabular,2026-03-12T02:49:06.798855+00:00,tabular,mnist_tabular,mlp,10,63000,1.0,,,,,n_d_lr_grid,801034,0.0003,256,0.0001,adam,6000,0.978714,0.991753,4693,37.42,0.002599,1594368,0.013039,LOW,
run_27af49d5,internal,tabular_mnist_tabular,2026-03-12T02:49:44.879891+00:00,tabular,mnist_tabular,mlp,10,63000,1.0,,,,,n_d_lr_grid,801034,0.0001,256,0.0001,adam,6000,0.975429,0.980903,5928,37.42,0.002599,1594368,0.005474,LOW,
run_2f3e71cf,internal,tabular_mnist_tabular,2026-03-12T02:50:22.822294+00:00,tabular,mnist_tabular,mlp,10,63000,1.0,,,,,n_d_lr_grid,801034,3e-05,256,0.0001,adam,6000,0.961429,0.95638,6000,37.31,0.002591,1594368,-0.005048,LOW,
run_b192de20,internal,tabular_mnist_tabular,2026-03-12T02:51:01.116061+00:00,tabular,mnist_tabular,mlp,10,63000,1.0,,,,,n_d_lr_grid,2388490,0.01,256,0.0001,adam,6000,0.964857,0.952799,5681,37.61,0.002612,4761600,-0.012058,LOW,
run_e41f6a16,internal,tabular_mnist_tabular,2026-03-12T02:51:39.667944+00:00,tabular,mnist_tabular,mlp,10,63000,1.0,,,,,n_d_lr_grid,2388490,0.003,256,0.0001,adam,6000,0.977143,0.979329,5681,37.93,0.002634,4761600,0.002187,LOW,
run_4e4a8812,internal,tabular_mnist_tabular,2026-03-12T02:52:17.935364+00:00,tabular,mnist_tabular,mlp,10,63000,1.0,,,,,n_d_lr_grid,2388490,0.001,256,0.0001,adam,6000,0.979,0.99094,5681,37.63,0.002613,4761600,0.01194,LOW,
run_195c8d38,internal,tabular_mnist_tabular,2026-03-12T02:52:56.823104+00:00,tabular,mnist_tabular,mlp,10,63000,1.0,,,,,n_d_lr_grid,2388490,0.0003,256,0.0001,adam,6000,0.978857,0.995714,6000,38.25,0.002656,4761600,0.016857,LOW,
run_d61566e8,internal,tabular_mnist_tabular,2026-03-12T02:53:34.759554+00:00,tabular,mnist_tabular,mlp,10,63000,1.0,,,,,n_d_lr_grid,2388490,0.0001,256,0.0001,adam,6000,0.978,0.991645,6000,37.31,0.002591,4761600,0.013645,LOW,
run_d387a461,internal,tabular_mnist_tabular,2026-03-12T02:54:13.242260+00:00,tabular,mnist_tabular,mlp,10,63000,1.0,,,,,n_d_lr_grid,2388490,3e-05,256,0.0001,adam,6000,0.968286,0.97092,6000,37.83,0.002627,4761600,0.002634,LOW,
run_9b1c79ef,internal,tabular_mnist_tabular,2026-03-12T02:54:56.343438+00:00,tabular,mnist_tabular,mlp,10,63000,1.0,,,,,n_d_lr_grid,7922698,0.01,256,0.0001,adam,6000,0.964429,0.950955,6000,42.37,0.002942,15814656,-0.013474,LOW,
run_af5f235e,internal,tabular_mnist_tabular,2026-03-12T02:55:39.145604+00:00,tabular,mnist_tabular,mlp,10,63000,1.0,,,,,n_d_lr_grid,7922698,0.003,256,0.0001,adam,6000,0.976571,0.97895,6000,42.06,0.002921,15814656,0.002378,LOW,
run_3f6250b9,internal,tabular_mnist_tabular,2026-03-12T02:56:22.196256+00:00,tabular,mnist_tabular,mlp,10,63000,1.0,,,,,n_d_lr_grid,7922698,0.001,256,0.0001,adam,6000,0.979857,0.990017,6000,42.33,0.00294,15814656,0.01016,LOW,
run_0994a2aa,internal,tabular_mnist_tabular,2026-03-12T02:57:05.350684+00:00,tabular,mnist_tabular,mlp,10,63000,1.0,,,,,n_d_lr_grid,7922698,0.0003,256,0.0001,adam,6000,0.978857,0.995443,4446,42.41,0.002945,15814656,0.016586,LOW,
run_b10d1d81,internal,tabular_mnist_tabular,2026-03-12T02:57:48.432450+00:00,tabular,mnist_tabular,mlp,10,63000,1.0,,,,,n_d_lr_grid,7922698,0.0001,256,0.0001,adam,6000,0.979143,0.996853,5928,42.37,0.002942,15814656,0.01771,LOW,
run_b9474052,internal,tabular_mnist_tabular,2026-03-12T02:58:31.424052+00:00,tabular,mnist_tabular,mlp,10,63000,1.0,,,,,n_d_lr_grid,7922698,3e-05,256,0.0001,adam,6000,0.974429,0.98725,5928,42.3,0.002937,15814656,0.012822,LOW,
run_a6b59ce8,internal,tabular_mnist_tabular,2026-03-12T02:59:44.288770+00:00,tabular,mnist_tabular,mlp,10,63000,1.0,,,,,n_d_lr_grid,28428298,0.01,256,0.0001,adam,6000,0.964714,0.954698,3458,71.82,0.004988,56795136,-0.010016,LOW,
run_d8e58020,internal,tabular_mnist_tabular,2026-03-12T03:00:57.317049+00:00,tabular,mnist_tabular,mlp,10,63000,1.0,,,,,n_d_lr_grid,28428298,0.003,256,0.0001,adam,6000,0.976714,0.979438,6000,72.0,0.005,56795136,0.002724,LOW,
run_6da570c1,internal,tabular_mnist_tabular,2026-03-12T03:02:10.066704+00:00,tabular,mnist_tabular,mlp,10,63000,1.0,,,,,n_d_lr_grid,28428298,0.001,256,0.0001,adam,6000,0.979143,0.990072,6000,71.73,0.004981,56795136,0.010929,LOW,
run_a2b5220f,internal,tabular_mnist_tabular,2026-03-12T03:03:22.965132+00:00,tabular,mnist_tabular,mlp,10,63000,1.0,,,,,n_d_lr_grid,28428298,0.0003,256,0.0001,adam,6000,0.977857,0.993218,4446,71.88,0.004992,56795136,0.015361,LOW,
run_6ae2dd41,internal,tabular_mnist_tabular,2026-03-12T03:04:35.838719+00:00,tabular,mnist_tabular,mlp,10,63000,1.0,,,,,n_d_lr_grid,28428298,0.0001,256,0.0001,adam,6000,0.979286,0.997613,5434,71.84,0.004989,56795136,0.018327,LOW,
run_33cd61ac,internal,tabular_mnist_tabular,2026-03-12T03:05:48.538170+00:00,tabular,mnist_tabular,mlp,10,63000,1.0,,,,,n_d_lr_grid,28428298,3e-05,256,0.0001,adam,6000,0.978857,0.996799,6000,71.69,0.004979,56795136,0.017942,LOW,
run_86e32a4d,internal,tabular_higgs,2026-03-12T08:10:47.565652+00:00,tabular,higgs,mlp,2,99000,0.1,,0.6915,1.1231,28.0,n_d_lr_grid,2706,0.01,512,0.0001,adam,10000,0.7102,0.698224,1940,60.34,0.00419,4928,-0.011976,LOW,
run_97bd4269,internal,tabular_higgs,2026-03-12T08:11:48.055233+00:00,tabular,higgs,mlp,2,99000,0.1,,0.6915,1.1231,28.0,n_d_lr_grid,2706,0.003,512,0.0001,adam,10000,0.717,0.706423,9894,60.39,0.004194,4928,-0.010577,LOW,
run_f34665d6,internal,tabular_higgs,2026-03-12T08:12:48.537754+00:00,tabular,higgs,mlp,2,99000,0.1,,0.6915,1.1231,28.0,n_d_lr_grid,2706,0.001,512,0.0001,adam,10000,0.7157,0.706534,9894,60.39,0.004194,4928,-0.009166,LOW,
run_751baf28,internal,tabular_higgs,2026-03-12T08:13:48.306679+00:00,tabular,higgs,mlp,2,99000,0.1,,0.6915,1.1231,28.0,n_d_lr_grid,2706,0.0003,512,0.0001,adam,10000,0.6991,0.687979,9894,59.68,0.004145,4928,-0.011121,LOW,
run_1feab78d,internal,tabular_higgs,2026-03-12T08:14:47.667398+00:00,tabular,higgs,mlp,2,99000,0.1,,0.6915,1.1231,28.0,n_d_lr_grid,2706,0.0001,512,0.0001,adam,10000,0.6525,0.640791,10000,59.29,0.004117,4928,-0.011709,LOW,
run_3cbe0bf4,internal,tabular_higgs,2026-03-12T08:15:47.678341+00:00,tabular,higgs,mlp,2,99000,0.1,,0.6915,1.1231,28.0,n_d_lr_grid,2706,3e-05,512,0.0001,adam,10000,0.6012,0.573611,9894,59.93,0.004162,4928,-0.027589,LOW,
run_862048c1,internal,tabular_higgs,2026-03-12T08:16:48.912612+00:00,tabular,higgs,mlp,2,99000,0.1,,0.6915,1.1231,28.0,n_d_lr_grid,8482,0.01,512,0.0001,adam,10000,0.719,0.705594,5044,61.14,0.004246,16000,-0.013406,LOW,
run_e45ca1eb,internal,tabular_higgs,2026-03-12T08:17:48.582249+00:00,tabular,higgs,mlp,2,99000,0.1,,0.6915,1.1231,28.0,n_d_lr_grid,8482,0.003,512,0.0001,adam,10000,0.7257,0.717423,9312,59.58,0.004138,16000,-0.008277,LOW,
run_7037e22e,internal,tabular_higgs,2026-03-12T08:18:48.301551+00:00,tabular,higgs,mlp,2,99000,0.1,,0.6915,1.1231,28.0,n_d_lr_grid,8482,0.001,512,0.0001,adam,10000,0.7255,0.717773,10000,59.64,0.004142,16000,-0.007727,LOW,
run_e856e364,internal,tabular_higgs,2026-03-12T08:19:48.436288+00:00,tabular,higgs,mlp,2,99000,0.1,,0.6915,1.1231,28.0,n_d_lr_grid,8482,0.0003,512,0.0001,adam,10000,0.7064,0.699919,9506,60.06,0.004171,16000,-0.006481,LOW,
run_db6472d7,internal,tabular_higgs,2026-03-12T08:20:48.738185+00:00,tabular,higgs,mlp,2,99000,0.1,,0.6915,1.1231,28.0,n_d_lr_grid,8482,0.0001,512,0.0001,adam,10000,0.6738,0.66058,9894,60.23,0.004182,16000,-0.01322,LOW,
run_071eb1c3,internal,tabular_higgs,2026-03-12T08:21:49.491754+00:00,tabular,higgs,mlp,2,99000,0.1,,0.6915,1.1231,28.0,n_d_lr_grid,8482,3e-05,512,0.0001,adam,10000,0.6287,0.600568,10000,60.68,0.004214,16000,-0.028132,LOW,
run_16a41ac1,internal,tabular_higgs,2026-03-12T08:22:49.616868+00:00,tabular,higgs,mlp,2,99000,0.1,,0.6915,1.1231,28.0,n_d_lr_grid,29250,0.01,512,0.0001,adam,10000,0.72,0.710495,8730,60.05,0.00417,56576,-0.009505,LOW,
run_9a92f3a8,internal,tabular_higgs,2026-03-12T08:23:51.264265+00:00,tabular,higgs,mlp,2,99000,0.1,,0.6915,1.1231,28.0,n_d_lr_grid,29250,0.003,512,0.0001,adam,10000,0.7346,0.731777,9506,61.56,0.004275,56576,-0.002823,LOW,
run_5718b6bb,internal,tabular_higgs,2026-03-12T08:24:52.497189+00:00,tabular,higgs,mlp,2,99000,0.1,,0.6915,1.1231,28.0,n_d_lr_grid,29250,0.001,512,0.0001,adam,10000,0.7368,0.737673,7566,61.15,0.004246,56576,0.000873,LOW,
run_c97fbcfa,internal,tabular_higgs,2026-03-12T08:25:53.281644+00:00,tabular,higgs,mlp,2,99000,0.1,,0.6915,1.1231,28.0,n_d_lr_grid,29250,0.0003,512,0.0001,adam,10000,0.716,0.712762,9506,60.7,0.004215,56576,-0.003238,LOW,
run_b95e134f,internal,tabular_higgs,2026-03-12T08:26:53.529732+00:00,tabular,higgs,mlp,2,99000,0.1,,0.6915,1.1231,28.0,n_d_lr_grid,29250,0.0001,512,0.0001,adam,10000,0.6816,0.672723,10000,60.16,0.004178,56576,-0.008877,LOW,
run_ba4374c1,internal,tabular_higgs,2026-03-12T08:27:53.855532+00:00,tabular,higgs,mlp,2,99000,0.1,,0.6915,1.1231,28.0,n_d_lr_grid,29250,3e-05,512,0.0001,adam,10000,0.6434,0.624558,9894,60.25,0.004184,56576,-0.018842,LOW,
run_6c9974fb,internal,tabular_higgs,2026-03-12T08:28:54.980713+00:00,tabular,higgs,mlp,2,99000,0.1,,0.6915,1.1231,28.0,n_d_lr_grid,107650,0.01,512,0.0001,adam,10000,0.7211,0.709095,8342,61.05,0.004239,211456,-0.012005,LOW,
run_32e8e7ee,internal,tabular_higgs,2026-03-12T08:29:54.957410+00:00,tabular,higgs,mlp,2,99000,0.1,,0.6915,1.1231,28.0,n_d_lr_grid,107650,0.003,512,0.0001,adam,10000,0.7372,0.734264,7760,59.89,0.004159,211456,-0.002936,LOW,
run_655f6a89,internal,tabular_higgs,2026-03-12T08:30:55.283911+00:00,tabular,higgs,mlp,2,99000,0.1,,0.6915,1.1231,28.0,n_d_lr_grid,107650,0.001,512,0.0001,adam,10000,0.7388,0.7486,8342,60.24,0.004183,211456,0.0098,LOW,
run_1e0e8866,internal,tabular_higgs,2026-03-12T08:31:56.654681+00:00,tabular,higgs,mlp,2,99000,0.1,,0.6915,1.1231,28.0,n_d_lr_grid,107650,0.0003,512,0.0001,adam,10000,0.7282,0.72577,10000,61.28,0.004256,211456,-0.00243,LOW,
run_8aa4af0c,internal,tabular_higgs,2026-03-12T08:32:57.477782+00:00,tabular,higgs,mlp,2,99000,0.1,,0.6915,1.1231,28.0,n_d_lr_grid,107650,0.0001,512,0.0001,adam,10000,0.7012,0.689877,10000,60.74,0.004218,211456,-0.011323,LOW,
run_47a64030,internal,tabular_higgs,2026-03-12T08:33:57.366695+00:00,tabular,higgs,mlp,2,99000,0.1,,0.6915,1.1231,28.0,n_d_lr_grid,107650,3e-05,512,0.0001,adam,10000,0.6637,0.65028,10000,59.81,0.004154,211456,-0.01342,LOW,
run_0698edc1,internal,tabular_higgs,2026-03-12T08:34:58.718717+00:00,tabular,higgs,mlp,2,99000,0.1,,0.6915,1.1231,28.0,n_d_lr_grid,411906,0.01,512,0.0001,adam,10000,0.7187,0.70506,5820,61.27,0.004255,816128,-0.01364,LOW,
run_378bcea9,internal,tabular_higgs,2026-03-12T08:35:59.715737+00:00,tabular,higgs,mlp,2,99000,0.1,,0.6915,1.1231,28.0,n_d_lr_grid,411906,0.003,512,0.0001,adam,10000,0.7352,0.729068,8924,60.89,0.004228,816128,-0.006132,LOW,
run_ba95a654,internal,tabular_higgs,2026-03-12T08:37:00.403121+00:00,tabular,higgs,mlp,2,99000,0.1,,0.6915,1.1231,28.0,n_d_lr_grid,411906,0.001,512,0.0001,adam,10000,0.7404,0.76463,6790,60.61,0.004209,816128,0.02423,LOW,
run_0aae080a,internal,tabular_higgs,2026-03-12T08:38:01.431841+00:00,tabular,higgs,mlp,2,99000,0.1,,0.6915,1.1231,28.0,n_d_lr_grid,411906,0.0003,512,0.0001,adam,10000,0.7333,0.743459,10000,60.94,0.004232,816128,0.010159,LOW,
run_71f712af,internal,tabular_higgs,2026-03-12T08:39:02.637620+00:00,tabular,higgs,mlp,2,99000,0.1,,0.6915,1.1231,28.0,n_d_lr_grid,411906,0.0001,512,0.0001,adam,10000,0.7143,0.707547,10000,61.11,0.004244,816128,-0.006753,LOW,
run_d5aff72a,internal,tabular_higgs,2026-03-12T08:40:03.178587+00:00,tabular,higgs,mlp,2,99000,0.1,,0.6915,1.1231,28.0,n_d_lr_grid,411906,3e-05,512,0.0001,adam,10000,0.6864,0.669535,10000,60.45,0.004198,816128,-0.016865,LOW,
run_c267ec72,internal,tabular_higgs,2026-03-12T08:41:03.453956+00:00,tabular,higgs,mlp,2,99000,0.1,,0.6915,1.1231,28.0,n_d_lr_grid,1610242,0.01,512,0.0001,adam,10000,0.7184,0.707529,3880,60.16,0.004178,3205120,-0.010871,LOW,
run_02b34bb0,internal,tabular_higgs,2026-03-12T08:42:05.322991+00:00,tabular,higgs,mlp,2,99000,0.1,,0.6915,1.1231,28.0,n_d_lr_grid,1610242,0.003,512,0.0001,adam,10000,0.734,0.735794,10000,61.77,0.00429,3205120,0.001794,LOW,
run_4e210266,internal,tabular_higgs,2026-03-12T08:43:06.889553+00:00,tabular,higgs,mlp,2,99000,0.1,,0.6915,1.1231,28.0,n_d_lr_grid,1610242,0.001,512,0.0001,adam,10000,0.7368,0.788934,5626,61.47,0.004269,3205120,0.052134,MEDIUM,
run_03db2ab9,internal,tabular_higgs,2026-03-12T08:44:07.722513+00:00,tabular,higgs,mlp,2,99000,0.1,,0.6915,1.1231,28.0,n_d_lr_grid,1610242,0.0003,512,0.0001,adam,10000,0.7325,0.775391,8536,60.74,0.004218,3205120,0.042891,LOW,
run_98ac9c9d,internal,tabular_higgs,2026-03-12T08:45:09.158755+00:00,tabular,higgs,mlp,2,99000,0.1,,0.6915,1.1231,28.0,n_d_lr_grid,1610242,0.0001,512,0.0001,adam,10000,0.7201,0.732809,8342,61.32,0.004258,3205120,0.012709,LOW,
run_b62a5238,internal,tabular_higgs,2026-03-12T08:46:09.724267+00:00,tabular,higgs,mlp,2,99000,0.1,,0.6915,1.1231,28.0,n_d_lr_grid,1610242,3e-05,512,0.0001,adam,10000,0.7047,0.697229,9700,60.47,0.004199,3205120,-0.007471,LOW,
run_cc3c058f,internal,tabular_higgs,2026-03-12T08:47:20.646555+00:00,tabular,higgs,mlp,2,99000,0.1,,0.6915,1.1231,28.0,n_d_lr_grid,6366210,0.01,512,0.0001,adam,10000,0.7174,0.707252,7372,70.76,0.004914,12701696,-0.010148,LOW,
run_95be3d57,internal,tabular_higgs,2026-03-12T08:48:32.166412+00:00,tabular,higgs,mlp,2,99000,0.1,,0.6915,1.1231,28.0,n_d_lr_grid,6366210,0.003,512,0.0001,adam,10000,0.7346,0.735831,8536,71.32,0.004953,12701696,0.001231,LOW,
run_86772fcd,internal,tabular_higgs,2026-03-12T08:49:43.410092+00:00,tabular,higgs,mlp,2,99000,0.1,,0.6915,1.1231,28.0,n_d_lr_grid,6366210,0.001,512,0.0001,adam,10000,0.7384,0.789984,5626,71.08,0.004936,12701696,0.051584,MEDIUM,
run_a05a834f,internal,tabular_higgs,2026-03-12T08:50:53.676621+00:00,tabular,higgs,mlp,2,99000,0.1,,0.6915,1.1231,28.0,n_d_lr_grid,6366210,0.0003,512,0.0001,adam,10000,0.7286,0.812537,6402,70.07,0.004866,12701696,0.083937,MEDIUM,
run_de47b95c,internal,tabular_higgs,2026-03-12T08:52:04.579191+00:00,tabular,higgs,mlp,2,99000,0.1,,0.6915,1.1231,28.0,n_d_lr_grid,6366210,0.0001,512,0.0001,adam,10000,0.7244,0.769476,8730,70.75,0.004913,12701696,0.045076,LOW,
run_d13b7b4c,internal,tabular_higgs,2026-03-12T08:53:15.437333+00:00,tabular,higgs,mlp,2,99000,0.1,,0.6915,1.1231,28.0,n_d_lr_grid,6366210,3e-05,512,0.0001,adam,10000,0.7126,0.724573,9312,70.7,0.00491,12701696,0.011973,LOW,
run_fa9e0ddc,internal,tabular_higgs,2026-03-12T08:55:44.574460+00:00,tabular,higgs,mlp,2,99000,0.1,,0.6915,1.1231,28.0,n_d_lr_grid,25315330,0.01,512,0.0001,adam,10000,0.7212,0.708745,7760,148.68,0.010325,50569216,-0.012455,LOW,
run_0b1549ea,internal,tabular_higgs,2026-03-12T08:58:13.994389+00:00,tabular,higgs,mlp,2,99000,0.1,,0.6915,1.1231,28.0,n_d_lr_grid,25315330,0.003,512,0.0001,adam,10000,0.7349,0.735646,6014,148.98,0.010346,50569216,0.000746,LOW,
run_4b7be6a7,internal,tabular_higgs,2026-03-12T09:00:43.208179+00:00,tabular,higgs,mlp,2,99000,0.1,,0.6915,1.1231,28.0,n_d_lr_grid,25315330,0.001,512,0.0001,adam,10000,0.7408,0.785691,7372,148.75,0.01033,50569216,0.044891,LOW,
run_0338e78b,internal,tabular_higgs,2026-03-12T09:03:12.580069+00:00,tabular,higgs,mlp,2,99000,0.1,,0.6915,1.1231,28.0,n_d_lr_grid,25315330,0.0003,512,0.0001,adam,10000,0.7296,0.815282,8342,148.93,0.010342,50569216,0.085682,MEDIUM,
run_203ff415,internal,tabular_higgs,2026-03-12T09:05:42.112129+00:00,tabular,higgs,mlp,2,99000,0.1,,0.6915,1.1231,28.0,n_d_lr_grid,25315330,0.0001,512,0.0001,adam,10000,0.7205,0.810786,7954,149.09,0.010353,50569216,0.090286,MEDIUM,
run_c62db36a,internal,tabular_higgs,2026-03-12T09:08:11.714160+00:00,tabular,higgs,mlp,2,99000,0.1,,0.6915,1.1231,28.0,n_d_lr_grid,25315330,3e-05,512,0.0001,adam,10000,0.7191,0.756689,9118,149.16,0.010358,50569216,0.037589,LOW,
run_d48fa2e7,internal,tabular_higgs,2026-03-12T09:09:08.531395+00:00,tabular,higgs,mlp,2,198000,0.2,,0.6915,1.1231,28.0,n_d_lr_grid,2706,0.01,512,0.0001,adam,10000,0.7138,0.697362,7740,56.7,0.003937,4928,-0.016438,LOW,
run_dc85c545,internal,tabular_higgs,2026-03-12T09:10:04.596784+00:00,tabular,higgs,mlp,2,198000,0.2,,0.6915,1.1231,28.0,n_d_lr_grid,2706,0.003,512,0.0001,adam,10000,0.7143,0.704627,7740,55.93,0.003884,4928,-0.009673,LOW,
run_eb96f846,internal,tabular_higgs,2026-03-12T09:11:00.551975+00:00,tabular,higgs,mlp,2,198000,0.2,,0.6915,1.1231,28.0,n_d_lr_grid,2706,0.001,512,0.0001,adam,10000,0.7147,0.704615,9675,55.81,0.003876,4928,-0.010085,LOW,
run_c5b9ecb9,internal,tabular_higgs,2026-03-12T09:11:56.702492+00:00,tabular,higgs,mlp,2,198000,0.2,,0.6915,1.1231,28.0,n_d_lr_grid,2706,0.0003,512,0.0001,adam,10000,0.7003,0.687656,9675,56.01,0.003889,4928,-0.012644,LOW,
run_7ae45b81,internal,tabular_higgs,2026-03-12T09:12:52.898269+00:00,tabular,higgs,mlp,2,198000,0.2,,0.6915,1.1231,28.0,n_d_lr_grid,2706,0.0001,512,0.0001,adam,10000,0.6547,0.639814,10000,56.07,0.003894,4928,-0.014886,LOW,
run_b73149c3,internal,tabular_higgs,2026-03-12T09:13:49.981567+00:00,tabular,higgs,mlp,2,198000,0.2,,0.6915,1.1231,28.0,n_d_lr_grid,2706,3e-05,512,0.0001,adam,10000,0.5988,0.572362,10000,56.96,0.003956,4928,-0.026438,LOW,
run_05aa7094,internal,tabular_higgs,2026-03-12T09:14:47.080198+00:00,tabular,higgs,mlp,2,198000,0.2,,0.6915,1.1231,28.0,n_d_lr_grid,8482,0.01,512,0.0001,adam,10000,0.7199,0.705853,9288,56.96,0.003955,16000,-0.014047,LOW,
run_a404779b,internal,tabular_higgs,2026-03-12T09:15:43.302704+00:00,tabular,higgs,mlp,2,198000,0.2,,0.6915,1.1231,28.0,n_d_lr_grid,8482,0.003,512,0.0001,adam,10000,0.7286,0.715829,8514,56.1,0.003896,16000,-0.012771,LOW,
run_9ad70121,internal,tabular_higgs,2026-03-12T09:16:40.084335+00:00,tabular,higgs,mlp,2,198000,0.2,,0.6915,1.1231,28.0,n_d_lr_grid,8482,0.001,512,0.0001,adam,10000,0.7265,0.716334,9675,56.66,0.003935,16000,-0.010166,LOW,
run_f5fc04dc,internal,tabular_higgs,2026-03-12T09:17:36.806681+00:00,tabular,higgs,mlp,2,198000,0.2,,0.6915,1.1231,28.0,n_d_lr_grid,8482,0.0003,512,0.0001,adam,10000,0.7089,0.695992,10000,56.57,0.003928,16000,-0.012908,LOW,
run_453e2193,internal,tabular_higgs,2026-03-12T09:18:33.830723+00:00,tabular,higgs,mlp,2,198000,0.2,,0.6915,1.1231,28.0,n_d_lr_grid,8482,0.0001,512,0.0001,adam,10000,0.6756,0.658431,10000,56.88,0.00395,16000,-0.017169,LOW,
run_c2dff72c,internal,tabular_higgs,2026-03-12T09:19:29.586274+00:00,tabular,higgs,mlp,2,198000,0.2,,0.6915,1.1231,28.0,n_d_lr_grid,8482,3e-05,512,0.0001,adam,10000,0.6287,0.597133,10000,55.62,0.003862,16000,-0.031567,LOW,
run_56aaf06a,internal,tabular_higgs,2026-03-12T09:20:25.673519+00:00,tabular,higgs,mlp,2,198000,0.2,,0.6915,1.1231,28.0,n_d_lr_grid,29250,0.01,512,0.0001,adam,10000,0.7188,0.704369,5805,55.97,0.003887,56576,-0.014431,LOW,
run_5c12f4e6,internal,tabular_higgs,2026-03-12T09:21:23.251078+00:00,tabular,higgs,mlp,2,198000,0.2,,0.6915,1.1231,28.0,n_d_lr_grid,29250,0.003,512,0.0001,adam,10000,0.7361,0.722867,10000,57.41,0.003986,56576,-0.013233,LOW,
run_82ad6b72,internal,tabular_higgs,2026-03-12T09:22:19.463922+00:00,tabular,higgs,mlp,2,198000,0.2,,0.6915,1.1231,28.0,n_d_lr_grid,29250,0.001,512,0.0001,adam,10000,0.741,0.72881,9288,56.09,0.003895,56576,-0.01219,LOW,
run_4663e033,internal,tabular_higgs,2026-03-12T09:23:16.889505+00:00,tabular,higgs,mlp,2,198000,0.2,,0.6915,1.1231,28.0,n_d_lr_grid,29250,0.0003,512,0.0001,adam,10000,0.7185,0.706917,10000,57.28,0.003978,56576,-0.011583,LOW,
run_d58505bc,internal,tabular_higgs,2026-03-12T09:24:13.774516+00:00,tabular,higgs,mlp,2,198000,0.2,,0.6915,1.1231,28.0,n_d_lr_grid,29250,0.0001,512,0.0001,adam,10000,0.6826,0.67009,9675,56.77,0.003942,56576,-0.01251,LOW,
run_47e23729,internal,tabular_higgs,2026-03-12T09:25:10.516380+00:00,tabular,higgs,mlp,2,198000,0.2,,0.6915,1.1231,28.0,n_d_lr_grid,29250,3e-05,512,0.0001,adam,10000,0.6428,0.62095,9675,56.62,0.003932,56576,-0.02185,LOW,
run_74ceb417,internal,tabular_higgs,2026-03-12T09:26:07.136551+00:00,tabular,higgs,mlp,2,198000,0.2,,0.6915,1.1231,28.0,n_d_lr_grid,107650,0.01,512,0.0001,adam,10000,0.7206,0.7047,6192,56.48,0.003922,211456,-0.0159,LOW,
run_22016754,internal,tabular_higgs,2026-03-12T09:27:03.480145+00:00,tabular,higgs,mlp,2,198000,0.2,,0.6915,1.1231,28.0,n_d_lr_grid,107650,0.003,512,0.0001,adam,10000,0.7373,0.725793,6579,56.2,0.003903,211456,-0.011507,LOW,
run_e1bc67b7,internal,tabular_higgs,2026-03-12T09:27:59.976818+00:00,tabular,higgs,mlp,2,198000,0.2,,0.6915,1.1231,28.0,n_d_lr_grid,107650,0.001,512,0.0001,adam,10000,0.7445,0.736977,9288,56.38,0.003915,211456,-0.007523,LOW,
run_d292e43a,internal,tabular_higgs,2026-03-12T09:28:56.641268+00:00,tabular,higgs,mlp,2,198000,0.2,,0.6915,1.1231,28.0,n_d_lr_grid,107650,0.0003,512,0.0001,adam,10000,0.7294,0.720577,9675,56.54,0.003927,211456,-0.008823,LOW,
run_7988b9cc,internal,tabular_higgs,2026-03-12T09:29:53.622735+00:00,tabular,higgs,mlp,2,198000,0.2,,0.6915,1.1231,28.0,n_d_lr_grid,107650,0.0001,512,0.0001,adam,10000,0.703,0.688678,10000,56.84,0.003947,211456,-0.014322,LOW,
run_139cc67c,internal,tabular_higgs,2026-03-12T09:30:50.226286+00:00,tabular,higgs,mlp,2,198000,0.2,,0.6915,1.1231,28.0,n_d_lr_grid,107650,3e-05,512,0.0001,adam,10000,0.6627,0.64732,10000,56.48,0.003922,211456,-0.01538,LOW,
run_8552ab8b,internal,tabular_higgs,2026-03-12T09:31:47.745350+00:00,tabular,higgs,mlp,2,198000,0.2,,0.6915,1.1231,28.0,n_d_lr_grid,411906,0.01,512,0.0001,adam,10000,0.72,0.705,6192,56.27,0.003908,816128,-0.015,LOW,
run_68bc6ef6,internal,tabular_higgs,2026-03-12T09:32:44.773662+00:00,tabular,higgs,mlp,2,198000,0.2,,0.6915,1.1231,28.0,n_d_lr_grid,411906,0.003,512,0.0001,adam,10000,0.7354,0.726581,9288,56.88,0.00395,816128,-0.008819,LOW,
run_929cf9a4,internal,tabular_higgs,2026-03-12T09:33:40.681693+00:00,tabular,higgs,mlp,2,198000,0.2,,0.6915,1.1231,28.0,n_d_lr_grid,411906,0.001,512,0.0001,adam,10000,0.7474,0.744405,9288,55.76,0.003872,816128,-0.002995,LOW,
run_94b73ef0,internal,tabular_higgs,2026-03-12T09:34:37.235202+00:00,tabular,higgs,mlp,2,198000,0.2,,0.6915,1.1231,28.0,n_d_lr_grid,411906,0.0003,512,0.0001,adam,10000,0.7374,0.734297,9288,56.43,0.003919,816128,-0.003103,LOW,
run_9ad164b4,internal,tabular_higgs,2026-03-12T09:35:34.139271+00:00,tabular,higgs,mlp,2,198000,0.2,,0.6915,1.1231,28.0,n_d_lr_grid,411906,0.0001,512,0.0001,adam,10000,0.7155,0.704808,10000,56.76,0.003942,816128,-0.010692,LOW,
run_94dbaaec,internal,tabular_higgs,2026-03-12T09:36:29.826372+00:00,tabular,higgs,mlp,2,198000,0.2,,0.6915,1.1231,28.0,n_d_lr_grid,411906,3e-05,512,0.0001,adam,10000,0.6887,0.669471,10000,55.54,0.003857,816128,-0.019229,LOW,
run_8a4de0a6,internal,tabular_higgs,2026-03-12T09:37:26.765276+00:00,tabular,higgs,mlp,2,198000,0.2,,0.6915,1.1231,28.0,n_d_lr_grid,1610242,0.01,512,0.0001,adam,10000,0.719,0.705697,6579,56.8,0.003944,3205120,-0.013303,LOW,
run_36eeca0f,internal,tabular_higgs,2026-03-12T09:38:23.795827+00:00,tabular,higgs,mlp,2,198000,0.2,,0.6915,1.1231,28.0,n_d_lr_grid,1610242,0.003,512,0.0001,adam,10000,0.7352,0.724904,5031,56.86,0.003949,3205120,-0.010296,LOW,
run_66ccd91d,internal,tabular_higgs,2026-03-12T09:39:20.421671+00:00,tabular,higgs,mlp,2,198000,0.2,,0.6915,1.1231,28.0,n_d_lr_grid,1610242,0.001,512,0.0001,adam,10000,0.7445,0.745938,7740,56.47,0.003921,3205120,0.001437,LOW,
run_065e365a,internal,tabular_higgs,2026-03-12T09:40:17.702290+00:00,tabular,higgs,mlp,2,198000,0.2,,0.6915,1.1231,28.0,n_d_lr_grid,1610242,0.0003,512,0.0001,adam,10000,0.7398,0.745168,8901,57.14,0.003968,3205120,0.005368,LOW,
run_d9efbf83,internal,tabular_higgs,2026-03-12T09:41:12.987112+00:00,tabular,higgs,mlp,2,198000,0.2,,0.6915,1.1231,28.0,n_d_lr_grid,1610242,0.0001,512,0.0001,adam,10000,0.7254,0.721827,8901,55.12,0.003828,3205120,-0.003573,LOW,
run_322dadb2,internal,tabular_higgs,2026-03-12T09:42:10.153420+00:00,tabular,higgs,mlp,2,198000,0.2,,0.6915,1.1231,28.0,n_d_lr_grid,1610242,3e-05,512,0.0001,adam,10000,0.7081,0.691028,10000,57.0,0.003958,3205120,-0.017072,LOW,
run_0890fcf4,internal,tabular_higgs,2026-03-12T09:43:17.272231+00:00,tabular,higgs,mlp,2,198000,0.2,,0.6915,1.1231,28.0,n_d_lr_grid,6366210,0.01,512,0.0001,adam,10000,0.7191,0.704561,8514,66.92,0.004647,12701696,-0.014539,LOW,
run_c1539640,internal,tabular_higgs,2026-03-12T09:44:24.407967+00:00,tabular,higgs,mlp,2,198000,0.2,,0.6915,1.1231,28.0,n_d_lr_grid,6366210,0.003,512,0.0001,adam,10000,0.7347,0.725751,7740,66.89,0.004645,12701696,-0.008949,LOW,
run_476f77cb,internal,tabular_higgs,2026-03-12T09:45:31.655298+00:00,tabular,higgs,mlp,2,198000,0.2,,0.6915,1.1231,28.0,n_d_lr_grid,6366210,0.001,512,0.0001,adam,10000,0.7457,0.746442,8514,67.01,0.004653,12701696,0.000742,LOW,
run_08c2ed17,internal,tabular_higgs,2026-03-12T09:46:39.007089+00:00,tabular,higgs,mlp,2,198000,0.2,,0.6915,1.1231,28.0,n_d_lr_grid,6366210,0.0003,512,0.0001,adam,10000,0.7399,0.753419,10000,67.1,0.00466,12701696,0.013519,LOW,
run_6a118bf2,internal,tabular_higgs,2026-03-12T09:47:45.117429+00:00,tabular,higgs,mlp,2,198000,0.2,,0.6915,1.1231,28.0,n_d_lr_grid,6366210,0.0001,512,0.0001,adam,10000,0.7336,0.741322,9675,65.86,0.004574,12701696,0.007722,LOW,
run_59abfab7,internal,tabular_higgs,2026-03-12T09:48:51.813870+00:00,tabular,higgs,mlp,2,198000,0.2,,0.6915,1.1231,28.0,n_d_lr_grid,6366210,3e-05,512,0.0001,adam,10000,0.7164,0.715469,9288,66.49,0.004618,12701696,-0.000931,LOW,
run_75246d73,internal,tabular_higgs,2026-03-12T09:51:16.099369+00:00,tabular,higgs,mlp,2,198000,0.2,,0.6915,1.1231,28.0,n_d_lr_grid,25315330,0.01,512,0.0001,adam,10000,0.7168,0.705559,9288,143.79,0.009985,50569216,-0.011241,LOW,
run_6923e5f0,internal,tabular_higgs,2026-03-12T09:53:40.525199+00:00,tabular,higgs,mlp,2,198000,0.2,,0.6915,1.1231,28.0,n_d_lr_grid,25315330,0.003,512,0.0001,adam,10000,0.7331,0.727091,6966,143.93,0.009995,50569216,-0.006009,LOW,
run_ee285e6e,internal,tabular_higgs,2026-03-12T09:56:05.015827+00:00,tabular,higgs,mlp,2,198000,0.2,,0.6915,1.1231,28.0,n_d_lr_grid,25315330,0.001,512,0.0001,adam,10000,0.7449,0.746659,9675,143.96,0.009997,50569216,0.001759,LOW,
run_f8a78091,internal,tabular_higgs,2026-03-12T09:58:29.111687+00:00,tabular,higgs,mlp,2,198000,0.2,,0.6915,1.1231,28.0,n_d_lr_grid,25315330,0.0003,512,0.0001,adam,10000,0.7436,0.755403,9675,143.61,0.009973,50569216,0.011803,LOW,
run_f1c2832f,internal,tabular_higgs,2026-03-12T10:00:54.425439+00:00,tabular,higgs,mlp,2,198000,0.2,,0.6915,1.1231,28.0,n_d_lr_grid,25315330,0.0001,512,0.0001,adam,10000,0.7369,0.754333,9675,144.83,0.010057,50569216,0.017433,LOW,
run_6fee7b55,internal,tabular_higgs,2026-03-12T10:03:19.638067+00:00,tabular,higgs,mlp,2,198000,0.2,,0.6915,1.1231,28.0,n_d_lr_grid,25315330,3e-05,512,0.0001,adam,10000,0.7243,0.733546,8901,144.72,0.01005,50569216,0.009246,LOW,
run_e508c389,internal,tabular_higgs,2026-03-12T10:04:09.617033+00:00,tabular,higgs,mlp,2,346500,0.35,,0.6915,1.1231,28.0,n_d_lr_grid,2706,0.01,512,0.0001,adam,10000,0.713,0.697587,6093,49.8,0.003459,4928,-0.015413,LOW,
run_7f25986e,internal,tabular_higgs,2026-03-12T10:04:59.606709+00:00,tabular,higgs,mlp,2,346500,0.35,,0.6915,1.1231,28.0,n_d_lr_grid,2706,0.003,512,0.0001,adam,10000,0.7147,0.702706,7447,49.81,0.003459,4928,-0.011994,LOW,
run_3be2fc12,internal,tabular_higgs,2026-03-12T10:05:50.143893+00:00,tabular,higgs,mlp,2,346500,0.35,,0.6915,1.1231,28.0,n_d_lr_grid,2706,0.001,512,0.0001,adam,10000,0.7157,0.703537,8124,50.36,0.003497,4928,-0.012163,LOW,
run_527fa399,internal,tabular_higgs,2026-03-12T10:06:40.155995+00:00,tabular,higgs,mlp,2,346500,0.35,,0.6915,1.1231,28.0,n_d_lr_grid,2706,0.0003,512,0.0001,adam,10000,0.6998,0.686299,10000,49.83,0.003461,4928,-0.013501,LOW,
run_547a6463,internal,tabular_higgs,2026-03-12T10:07:31.594569+00:00,tabular,higgs,mlp,2,346500,0.35,,0.6915,1.1231,28.0,n_d_lr_grid,2706,0.0001,512,0.0001,adam,10000,0.6531,0.639128,10000,51.22,0.003557,4928,-0.013972,LOW,
run_4a842289,internal,tabular_higgs,2026-03-12T10:08:21.069774+00:00,tabular,higgs,mlp,2,346500,0.35,,0.6915,1.1231,28.0,n_d_lr_grid,2706,3e-05,512,0.0001,adam,10000,0.5993,0.572468,10000,49.26,0.003421,4928,-0.026832,LOW,
run_7d7dd9dc,internal,tabular_higgs,2026-03-12T10:09:12.437553+00:00,tabular,higgs,mlp,2,346500,0.35,,0.6915,1.1231,28.0,n_d_lr_grid,8482,0.01,512,0.0001,adam,10000,0.7166,0.703518,6093,51.15,0.003552,16000,-0.013082,LOW,
run_ab553d25,internal,tabular_higgs,2026-03-12T10:10:03.598466+00:00,tabular,higgs,mlp,2,346500,0.35,,0.6915,1.1231,28.0,n_d_lr_grid,8482,0.003,512,0.0001,adam,10000,0.7291,0.715042,8124,50.94,0.003538,16000,-0.014058,LOW,
run_08cdd4e5,internal,tabular_higgs,2026-03-12T10:10:54.871363+00:00,tabular,higgs,mlp,2,346500,0.35,,0.6915,1.1231,28.0,n_d_lr_grid,8482,0.001,512,0.0001,adam,10000,0.7279,0.716976,8801,51.09,0.003548,16000,-0.010924,LOW,
run_6c1481cb,internal,tabular_higgs,2026-03-12T10:11:45.952239+00:00,tabular,higgs,mlp,2,346500,0.35,,0.6915,1.1231,28.0,n_d_lr_grid,8482,0.0003,512,0.0001,adam,10000,0.7093,0.695956,9478,50.87,0.003532,16000,-0.013344,LOW,
run_edd0517e,internal,tabular_higgs,2026-03-12T10:12:36.215660+00:00,tabular,higgs,mlp,2,346500,0.35,,0.6915,1.1231,28.0,n_d_lr_grid,8482,0.0001,512,0.0001,adam,10000,0.6752,0.657896,10000,50.05,0.003476,16000,-0.017304,LOW,
run_4d0e9af7,internal,tabular_higgs,2026-03-12T10:13:26.970004+00:00,tabular,higgs,mlp,2,346500,0.35,,0.6915,1.1231,28.0,n_d_lr_grid,8482,3e-05,512,0.0001,adam,10000,0.6283,0.595587,10000,50.57,0.003512,16000,-0.032713,LOW,
run_40e8e857,internal,tabular_higgs,2026-03-12T10:14:19.386632+00:00,tabular,higgs,mlp,2,346500,0.35,,0.6915,1.1231,28.0,n_d_lr_grid,29250,0.01,512,0.0001,adam,10000,0.7203,0.705583,3385,52.21,0.003625,56576,-0.014717,LOW,
run_4ba1a538,internal,tabular_higgs,2026-03-12T10:15:09.364781+00:00,tabular,higgs,mlp,2,346500,0.35,,0.6915,1.1231,28.0,n_d_lr_grid,29250,0.003,512,0.0001,adam,10000,0.7341,0.723408,8124,49.76,0.003455,56576,-0.010692,LOW,
run_442d77a9,internal,tabular_higgs,2026-03-12T10:16:00.838721+00:00,tabular,higgs,mlp,2,346500,0.35,,0.6915,1.1231,28.0,n_d_lr_grid,29250,0.001,512,0.0001,adam,10000,0.7379,0.727625,9478,51.26,0.00356,56576,-0.010275,LOW,
run_d0e79712,internal,tabular_higgs,2026-03-12T10:16:51.854281+00:00,tabular,higgs,mlp,2,346500,0.35,,0.6915,1.1231,28.0,n_d_lr_grid,29250,0.0003,512,0.0001,adam,10000,0.7167,0.707701,9478,50.8,0.003528,56576,-0.008999,LOW,
run_e945afc7,internal,tabular_higgs,2026-03-12T10:17:42.625711+00:00,tabular,higgs,mlp,2,346500,0.35,,0.6915,1.1231,28.0,n_d_lr_grid,29250,0.0001,512,0.0001,adam,10000,0.6809,0.669578,10000,50.59,0.003513,56576,-0.011322,LOW,
run_def3aff1,internal,tabular_higgs,2026-03-12T10:18:33.311945+00:00,tabular,higgs,mlp,2,346500,0.35,,0.6915,1.1231,28.0,n_d_lr_grid,29250,3e-05,512,0.0001,adam,10000,0.6432,0.621606,10000,50.5,0.003507,56576,-0.021594,LOW,
run_4a40174c,internal,tabular_higgs,2026-03-12T10:19:24.008351+00:00,tabular,higgs,mlp,2,346500,0.35,,0.6915,1.1231,28.0,n_d_lr_grid,107650,0.01,512,0.0001,adam,10000,0.7191,0.705273,6770,50.48,0.003505,211456,-0.013827,LOW,
run_be91a1b5,internal,tabular_higgs,2026-03-12T10:20:15.058793+00:00,tabular,higgs,mlp,2,346500,0.35,,0.6915,1.1231,28.0,n_d_lr_grid,107650,0.003,512,0.0001,adam,10000,0.7369,0.724044,6770,50.87,0.003532,211456,-0.012856,LOW,
run_03dc0d5f,internal,tabular_higgs,2026-03-12T10:21:06.168763+00:00,tabular,higgs,mlp,2,346500,0.35,,0.6915,1.1231,28.0,n_d_lr_grid,107650,0.001,512,0.0001,adam,10000,0.7421,0.734843,9478,50.89,0.003534,211456,-0.007257,LOW,
run_5b12877e,internal,tabular_higgs,2026-03-12T10:21:56.813258+00:00,tabular,higgs,mlp,2,346500,0.35,,0.6915,1.1231,28.0,n_d_lr_grid,107650,0.0003,512,0.0001,adam,10000,0.7277,0.720104,10000,50.46,0.003504,211456,-0.007596,LOW,
run_f1e5a32b,internal,tabular_higgs,2026-03-12T10:22:47.911690+00:00,tabular,higgs,mlp,2,346500,0.35,,0.6915,1.1231,28.0,n_d_lr_grid,107650,0.0001,512,0.0001,adam,10000,0.7013,0.6882,9478,50.91,0.003536,211456,-0.0131,LOW,
run_b0ff0be8,internal,tabular_higgs,2026-03-12T10:23:40.014918+00:00,tabular,higgs,mlp,2,346500,0.35,,0.6915,1.1231,28.0,n_d_lr_grid,107650,3e-05,512,0.0001,adam,10000,0.6645,0.647435,10000,51.92,0.003606,211456,-0.017065,LOW,
run_c6168b6b,internal,tabular_higgs,2026-03-12T10:24:32.165484+00:00,tabular,higgs,mlp,2,346500,0.35,,0.6915,1.1231,28.0,n_d_lr_grid,411906,0.01,512,0.0001,adam,10000,0.7187,0.705478,7447,51.96,0.003609,816128,-0.013222,LOW,
run_fdec2a8b,internal,tabular_higgs,2026-03-12T10:25:22.505186+00:00,tabular,higgs,mlp,2,346500,0.35,,0.6915,1.1231,28.0,n_d_lr_grid,411906,0.003,512,0.0001,adam,10000,0.7379,0.725534,7447,50.15,0.003483,816128,-0.012366,LOW,
run_fe672597,internal,tabular_higgs,2026-03-12T10:26:13.414812+00:00,tabular,higgs,mlp,2,346500,0.35,,0.6915,1.1231,28.0,n_d_lr_grid,411906,0.001,512,0.0001,adam,10000,0.7444,0.739617,7447,50.69,0.00352,816128,-0.004783,LOW,
run_88c428f0,internal,tabular_higgs,2026-03-12T10:27:04.031050+00:00,tabular,higgs,mlp,2,346500,0.35,,0.6915,1.1231,28.0,n_d_lr_grid,411906,0.0003,512,0.0001,adam,10000,0.7396,0.731614,10000,50.4,0.0035,816128,-0.007986,LOW,
run_d839dfde,internal,tabular_higgs,2026-03-12T10:27:55.173290+00:00,tabular,higgs,mlp,2,346500,0.35,,0.6915,1.1231,28.0,n_d_lr_grid,411906,0.0001,512,0.0001,adam,10000,0.7141,0.702504,10000,50.92,0.003536,816128,-0.011596,LOW,
run_19e49a0f,internal,tabular_higgs,2026-03-12T10:28:45.975661+00:00,tabular,higgs,mlp,2,346500,0.35,,0.6915,1.1231,28.0,n_d_lr_grid,411906,3e-05,512,0.0001,adam,10000,0.6889,0.668799,10000,50.62,0.003515,816128,-0.020101,LOW,
run_d1f2bdb9,internal,tabular_higgs,2026-03-12T10:29:37.729220+00:00,tabular,higgs,mlp,2,346500,0.35,,0.6915,1.1231,28.0,n_d_lr_grid,1610242,0.01,512,0.0001,adam,10000,0.721,0.704906,9478,51.51,0.003577,3205120,-0.016094,LOW,
run_d9fd8b31,internal,tabular_higgs,2026-03-12T10:30:28.650407+00:00,tabular,higgs,mlp,2,346500,0.35,,0.6915,1.1231,28.0,n_d_lr_grid,1610242,0.003,512,0.0001,adam,10000,0.7352,0.723438,9478,50.72,0.003522,3205120,-0.011762,LOW,
run_21633151,internal,tabular_higgs,2026-03-12T10:31:19.646050+00:00,tabular,higgs,mlp,2,346500,0.35,,0.6915,1.1231,28.0,n_d_lr_grid,1610242,0.001,512,0.0001,adam,10000,0.7458,0.740766,9478,50.75,0.003524,3205120,-0.005034,LOW,
run_58597021,internal,tabular_higgs,2026-03-12T10:32:11.476015+00:00,tabular,higgs,mlp,2,346500,0.35,,0.6915,1.1231,28.0,n_d_lr_grid,1610242,0.0003,512,0.0001,adam,10000,0.7425,0.739026,10000,51.6,0.003584,3205120,-0.003474,LOW,
run_13c7df13,internal,tabular_higgs,2026-03-12T10:33:02.887199+00:00,tabular,higgs,mlp,2,346500,0.35,,0.6915,1.1231,28.0,n_d_lr_grid,1610242,0.0001,512,0.0001,adam,10000,0.7287,0.719236,10000,51.21,0.003556,3205120,-0.009464,LOW,
run_cd5e3fde,internal,tabular_higgs,2026-03-12T10:33:53.772672+00:00,tabular,higgs,mlp,2,346500,0.35,,0.6915,1.1231,28.0,n_d_lr_grid,1610242,3e-05,512,0.0001,adam,10000,0.7056,0.690302,10000,50.69,0.00352,3205120,-0.015298,LOW,
run_f6f54a68,internal,tabular_higgs,2026-03-12T10:34:55.011251+00:00,tabular,higgs,mlp,2,346500,0.35,,0.6915,1.1231,28.0,n_d_lr_grid,6366210,0.01,512,0.0001,adam,10000,0.7173,0.705306,8124,60.98,0.004235,12701696,-0.011994,LOW,
run_76ec7d5a,internal,tabular_higgs,2026-03-12T10:35:56.621033+00:00,tabular,higgs,mlp,2,346500,0.35,,0.6915,1.1231,28.0,n_d_lr_grid,6366210,0.003,512,0.0001,adam,10000,0.7338,0.725676,5416,61.34,0.00426,12701696,-0.008124,LOW,
run_c3e447ef,internal,tabular_higgs,2026-03-12T10:36:57.672424+00:00,tabular,higgs,mlp,2,346500,0.35,,0.6915,1.1231,28.0,n_d_lr_grid,6366210,0.001,512,0.0001,adam,10000,0.7459,0.741821,6770,60.74,0.004218,12701696,-0.004079,LOW,
run_92eb2fe9,internal,tabular_higgs,2026-03-12T10:37:58.890653+00:00,tabular,higgs,mlp,2,346500,0.35,,0.6915,1.1231,28.0,n_d_lr_grid,6366210,0.0003,512,0.0001,adam,10000,0.7408,0.743916,10000,60.96,0.004233,12701696,0.003116,LOW,
run_ff24ccc6,internal,tabular_higgs,2026-03-12T10:38:59.935144+00:00,tabular,higgs,mlp,2,346500,0.35,,0.6915,1.1231,28.0,n_d_lr_grid,6366210,0.0001,512,0.0001,adam,10000,0.7336,0.734521,10000,60.78,0.004221,12701696,0.000921,LOW,
run_a214168d,internal,tabular_higgs,2026-03-12T10:40:01.317374+00:00,tabular,higgs,mlp,2,346500,0.35,,0.6915,1.1231,28.0,n_d_lr_grid,6366210,3e-05,512,0.0001,adam,10000,0.7177,0.711087,9478,61.12,0.004245,12701696,-0.006613,LOW,
run_ce30d1db,internal,tabular_higgs,2026-03-12T10:42:20.736908+00:00,tabular,higgs,mlp,2,346500,0.35,,0.6915,1.1231,28.0,n_d_lr_grid,25315330,0.01,512,0.0001,adam,10000,0.7143,0.704539,6093,138.85,0.009643,50569216,-0.009761,LOW,
run_be66c700,internal,tabular_higgs,2026-03-12T10:44:39.940399+00:00,tabular,higgs,mlp,2,346500,0.35,,0.6915,1.1231,28.0,n_d_lr_grid,25315330,0.003,512,0.0001,adam,10000,0.7345,0.723955,6770,138.67,0.00963,50569216,-0.010545,LOW,
run_0ddc3a1a,internal,tabular_higgs,2026-03-12T10:46:59.201527+00:00,tabular,higgs,mlp,2,346500,0.35,,0.6915,1.1231,28.0,n_d_lr_grid,25315330,0.001,512,0.0001,adam,10000,0.7445,0.741488,7447,138.72,0.009634,50569216,-0.003012,LOW,
run_95d2cc34,internal,tabular_higgs,2026-03-12T10:49:19.051435+00:00,tabular,higgs,mlp,2,346500,0.35,,0.6915,1.1231,28.0,n_d_lr_grid,25315330,0.0003,512,0.0001,adam,10000,0.744,0.745813,8801,139.31,0.009674,50569216,0.001813,LOW,
run_e5812bea,internal,tabular_higgs,2026-03-12T10:51:39.965279+00:00,tabular,higgs,mlp,2,346500,0.35,,0.6915,1.1231,28.0,n_d_lr_grid,25315330,0.0001,512,0.0001,adam,10000,0.7378,0.741922,8801,140.33,0.009745,50569216,0.004122,LOW,
run_8d1fc6a0,internal,tabular_higgs,2026-03-12T10:54:00.763833+00:00,tabular,higgs,mlp,2,346500,0.35,,0.6915,1.1231,28.0,n_d_lr_grid,25315330,3e-05,512,0.0001,adam,10000,0.7275,0.727603,8801,140.26,0.009741,50569216,0.000103,LOW,
run_0adf6480,internal,tabular_higgs,2026-03-12T10:54:49.632216+00:00,tabular,higgs,mlp,2,495000,0.5,,0.6915,1.1231,28.0,n_d_lr_grid,2706,0.01,512,0.0001,adam,10000,0.7155,0.696082,9670,48.62,0.003377,4928,-0.019418,LOW,
run_a625073b,internal,tabular_higgs,2026-03-12T10:55:38.098532+00:00,tabular,higgs,mlp,2,495000,0.5,,0.6915,1.1231,28.0,n_d_lr_grid,2706,0.003,512,0.0001,adam,10000,0.7145,0.702314,10000,48.22,0.003349,4928,-0.012186,LOW,
run_de568102,internal,tabular_higgs,2026-03-12T10:56:26.240892+00:00,tabular,higgs,mlp,2,495000,0.5,,0.6915,1.1231,28.0,n_d_lr_grid,2706,0.001,512,0.0001,adam,10000,0.7169,0.702764,10000,47.9,0.003327,4928,-0.014136,LOW,
run_f04f9666,internal,tabular_higgs,2026-03-12T10:57:15.048323+00:00,tabular,higgs,mlp,2,495000,0.5,,0.6915,1.1231,28.0,n_d_lr_grid,2706,0.0003,512,0.0001,adam,10000,0.6982,0.686044,10000,48.54,0.003371,4928,-0.012156,LOW,
run_e6147d56,internal,tabular_higgs,2026-03-12T10:58:04.354139+00:00,tabular,higgs,mlp,2,495000,0.5,,0.6915,1.1231,28.0,n_d_lr_grid,2706,0.0001,512,0.0001,adam,10000,0.6519,0.638838,9670,49.03,0.003405,4928,-0.013062,LOW,
run_4a3dcbe7,internal,tabular_higgs,2026-03-12T10:58:52.994153+00:00,tabular,higgs,mlp,2,495000,0.5,,0.6915,1.1231,28.0,n_d_lr_grid,2706,3e-05,512,0.0001,adam,10000,0.5984,0.571295,10000,48.4,0.003361,4928,-0.027105,LOW,
run_5af78949,internal,tabular_higgs,2026-03-12T10:59:41.608279+00:00,tabular,higgs,mlp,2,495000,0.5,,0.6915,1.1231,28.0,n_d_lr_grid,8482,0.01,512,0.0001,adam,10000,0.7193,0.702515,10000,48.35,0.003357,16000,-0.016785,LOW,
run_bf39f3cb,internal,tabular_higgs,2026-03-12T11:00:31.004427+00:00,tabular,higgs,mlp,2,495000,0.5,,0.6915,1.1231,28.0,n_d_lr_grid,8482,0.003,512,0.0001,adam,10000,0.7291,0.713133,10000,49.15,0.003413,16000,-0.015967,LOW,
run_1b6cc2ac,internal,tabular_higgs,2026-03-12T11:01:20.690586+00:00,tabular,higgs,mlp,2,495000,0.5,,0.6915,1.1231,28.0,n_d_lr_grid,8482,0.001,512,0.0001,adam,10000,0.7269,0.714122,9670,49.45,0.003434,16000,-0.012778,LOW,
run_c68d53d5,internal,tabular_higgs,2026-03-12T11:02:10.165632+00:00,tabular,higgs,mlp,2,495000,0.5,,0.6915,1.1231,28.0,n_d_lr_grid,8482,0.0003,512,0.0001,adam,10000,0.7081,0.694975,10000,49.2,0.003417,16000,-0.013125,LOW,
run_7cff2b6a,internal,tabular_higgs,2026-03-12T11:03:00.240060+00:00,tabular,higgs,mlp,2,495000,0.5,,0.6915,1.1231,28.0,n_d_lr_grid,8482,0.0001,512,0.0001,adam,10000,0.6748,0.657848,10000,49.79,0.003458,16000,-0.016952,LOW,
run_4e655db9,internal,tabular_higgs,2026-03-12T11:03:49.172172+00:00,tabular,higgs,mlp,2,495000,0.5,,0.6915,1.1231,28.0,n_d_lr_grid,8482,3e-05,512,0.0001,adam,10000,0.6287,0.597147,10000,48.7,0.003382,16000,-0.031553,LOW,
run_633b6c4e,internal,tabular_higgs,2026-03-12T11:04:38.262161+00:00,tabular,higgs,mlp,2,495000,0.5,,0.6915,1.1231,28.0,n_d_lr_grid,29250,0.01,512,0.0001,adam,10000,0.7171,0.706966,2901,48.8,0.003389,56576,-0.010134,LOW,
run_0def6aad,internal,tabular_higgs,2026-03-12T11:05:26.936449+00:00,tabular,higgs,mlp,2,495000,0.5,,0.6915,1.1231,28.0,n_d_lr_grid,29250,0.003,512,0.0001,adam,10000,0.7354,0.723301,10000,48.44,0.003364,56576,-0.012099,LOW,
run_2840c063,internal,tabular_higgs,2026-03-12T11:06:15.491630+00:00,tabular,higgs,mlp,2,495000,0.5,,0.6915,1.1231,28.0,n_d_lr_grid,29250,0.001,512,0.0001,adam,10000,0.739,0.729433,10000,48.32,0.003355,56576,-0.009567,LOW,
run_f138ef98,internal,tabular_higgs,2026-03-12T11:07:05.272470+00:00,tabular,higgs,mlp,2,495000,0.5,,0.6915,1.1231,28.0,n_d_lr_grid,29250,0.0003,512,0.0001,adam,10000,0.7167,0.709121,9670,49.54,0.003441,56576,-0.007579,LOW,
run_55616fbf,internal,tabular_higgs,2026-03-12T11:07:54.313058+00:00,tabular,higgs,mlp,2,495000,0.5,,0.6915,1.1231,28.0,n_d_lr_grid,29250,0.0001,512,0.0001,adam,10000,0.6827,0.670762,10000,48.76,0.003386,56576,-0.011938,LOW,
run_2eb6a9d7,internal,tabular_higgs,2026-03-12T11:08:44.515355+00:00,tabular,higgs,mlp,2,495000,0.5,,0.6915,1.1231,28.0,n_d_lr_grid,29250,3e-05,512,0.0001,adam,10000,0.6421,0.620597,9670,49.91,0.003466,56576,-0.021503,LOW,
run_5b34652b,internal,tabular_higgs,2026-03-12T11:09:34.936575+00:00,tabular,higgs,mlp,2,495000,0.5,,0.6915,1.1231,28.0,n_d_lr_grid,107650,0.01,512,0.0001,adam,10000,0.7179,0.703451,5802,50.14,0.003482,211456,-0.014449,LOW,
run_9884139c,internal,tabular_higgs,2026-03-12T11:10:24.290064+00:00,tabular,higgs,mlp,2,495000,0.5,,0.6915,1.1231,28.0,n_d_lr_grid,107650,0.003,512,0.0001,adam,10000,0.735,0.724964,7736,49.11,0.003411,211456,-0.010036,LOW,
run_c54d2e95,internal,tabular_higgs,2026-03-12T11:11:14.206086+00:00,tabular,higgs,mlp,2,495000,0.5,,0.6915,1.1231,28.0,n_d_lr_grid,107650,0.001,512,0.0001,adam,10000,0.7425,0.734689,9670,49.64,0.003447,211456,-0.007811,LOW,
run_731cf370,internal,tabular_higgs,2026-03-12T11:12:02.523615+00:00,tabular,higgs,mlp,2,495000,0.5,,0.6915,1.1231,28.0,n_d_lr_grid,107650,0.0003,512,0.0001,adam,10000,0.7294,0.720176,10000,48.03,0.003335,211456,-0.009224,LOW,
run_abc35fb3,internal,tabular_higgs,2026-03-12T11:12:51.106789+00:00,tabular,higgs,mlp,2,495000,0.5,,0.6915,1.1231,28.0,n_d_lr_grid,107650,0.0001,512,0.0001,adam,10000,0.7005,0.688471,10000,48.34,0.003357,211456,-0.012029,LOW,
run_e35350c3,internal,tabular_higgs,2026-03-12T11:13:39.744755+00:00,tabular,higgs,mlp,2,495000,0.5,,0.6915,1.1231,28.0,n_d_lr_grid,107650,3e-05,512,0.0001,adam,10000,0.6637,0.647976,10000,48.35,0.003358,211456,-0.015724,LOW,
run_83d935ec,internal,tabular_higgs,2026-03-12T11:14:27.891451+00:00,tabular,higgs,mlp,2,495000,0.5,,0.6915,1.1231,28.0,n_d_lr_grid,411906,0.01,512,0.0001,adam,10000,0.7219,0.703462,4835,47.9,0.003327,816128,-0.018438,LOW,
run_a046a9a3,internal,tabular_higgs,2026-03-12T11:15:17.933532+00:00,tabular,higgs,mlp,2,495000,0.5,,0.6915,1.1231,28.0,n_d_lr_grid,411906,0.003,512,0.0001,adam,10000,0.7348,0.724603,8703,49.8,0.003458,816128,-0.010197,LOW,
run_a23b2033,internal,tabular_higgs,2026-03-12T11:16:06.769334+00:00,tabular,higgs,mlp,2,495000,0.5,,0.6915,1.1231,28.0,n_d_lr_grid,411906,0.001,512,0.0001,adam,10000,0.7459,0.739317,9670,48.59,0.003374,816128,-0.006583,LOW,
run_aaf1d0aa,internal,tabular_higgs,2026-03-12T11:16:55.731736+00:00,tabular,higgs,mlp,2,495000,0.5,,0.6915,1.1231,28.0,n_d_lr_grid,411906,0.0003,512,0.0001,adam,10000,0.7391,0.731037,10000,48.72,0.003383,816128,-0.008063,LOW,
run_9117ef30,internal,tabular_higgs,2026-03-12T11:17:44.725823+00:00,tabular,higgs,mlp,2,495000,0.5,,0.6915,1.1231,28.0,n_d_lr_grid,411906,0.0001,512,0.0001,adam,10000,0.7172,0.702391,9670,48.75,0.003385,816128,-0.014809,LOW,
run_eef0d05e,internal,tabular_higgs,2026-03-12T11:18:33.795796+00:00,tabular,higgs,mlp,2,495000,0.5,,0.6915,1.1231,28.0,n_d_lr_grid,411906,3e-05,512,0.0001,adam,10000,0.69,0.66698,9670,48.78,0.003388,816128,-0.02302,LOW,
run_7a3fc6b8,internal,tabular_higgs,2026-03-12T11:19:23.595026+00:00,tabular,higgs,mlp,2,495000,0.5,,0.6915,1.1231,28.0,n_d_lr_grid,1610242,0.01,512,0.0001,adam,10000,0.7181,0.704457,8703,49.51,0.003438,3205120,-0.013643,LOW,
run_9e14971b,internal,tabular_higgs,2026-03-12T11:20:13.135434+00:00,tabular,higgs,mlp,2,495000,0.5,,0.6915,1.1231,28.0,n_d_lr_grid,1610242,0.003,512,0.0001,adam,10000,0.7328,0.724361,10000,49.22,0.003418,3205120,-0.008439,LOW,
run_c23f4b57,internal,tabular_higgs,2026-03-12T11:21:03.390163+00:00,tabular,higgs,mlp,2,495000,0.5,,0.6915,1.1231,28.0,n_d_lr_grid,1610242,0.001,512,0.0001,adam,10000,0.7441,0.73927,6769,49.99,0.003472,3205120,-0.00483,LOW,
run_f48cc524,internal,tabular_higgs,2026-03-12T11:21:52.206049+00:00,tabular,higgs,mlp,2,495000,0.5,,0.6915,1.1231,28.0,n_d_lr_grid,1610242,0.0003,512,0.0001,adam,10000,0.7416,0.737973,9670,48.51,0.003369,3205120,-0.003627,LOW,
run_57282842,internal,tabular_higgs,2026-03-12T11:22:41.370293+00:00,tabular,higgs,mlp,2,495000,0.5,,0.6915,1.1231,28.0,n_d_lr_grid,1610242,0.0001,512,0.0001,adam,10000,0.7267,0.71843,10000,48.9,0.003396,3205120,-0.00827,LOW,
run_33b80cb1,internal,tabular_higgs,2026-03-12T11:23:31.340968+00:00,tabular,higgs,mlp,2,495000,0.5,,0.6915,1.1231,28.0,n_d_lr_grid,1610242,3e-05,512,0.0001,adam,10000,0.7055,0.69069,10000,49.71,0.003452,3205120,-0.01481,LOW,
run_5ff5c0a9,internal,tabular_higgs,2026-03-12T11:24:31.007776+00:00,tabular,higgs,mlp,2,495000,0.5,,0.6915,1.1231,28.0,n_d_lr_grid,6366210,0.01,512,0.0001,adam,10000,0.7186,0.704131,7736,59.34,0.004121,12701696,-0.014469,LOW,
run_40a8a974,internal,tabular_higgs,2026-03-12T11:25:30.400540+00:00,tabular,higgs,mlp,2,495000,0.5,,0.6915,1.1231,28.0,n_d_lr_grid,6366210,0.003,512,0.0001,adam,10000,0.7366,0.72426,5802,58.99,0.004097,12701696,-0.01234,LOW,
run_7a03c698,internal,tabular_higgs,2026-03-12T11:26:29.981831+00:00,tabular,higgs,mlp,2,495000,0.5,,0.6915,1.1231,28.0,n_d_lr_grid,6366210,0.001,512,0.0001,adam,10000,0.7437,0.739353,8703,59.26,0.004115,12701696,-0.004347,LOW,
run_6c9142d5,internal,tabular_higgs,2026-03-12T11:27:29.198832+00:00,tabular,higgs,mlp,2,495000,0.5,,0.6915,1.1231,28.0,n_d_lr_grid,6366210,0.0003,512,0.0001,adam,10000,0.742,0.740513,10000,58.87,0.004089,12701696,-0.001487,LOW,
run_acf1af29,internal,tabular_higgs,2026-03-12T11:28:29.288221+00:00,tabular,higgs,mlp,2,495000,0.5,,0.6915,1.1231,28.0,n_d_lr_grid,6366210,0.0001,512,0.0001,adam,10000,0.7329,0.731173,9670,59.73,0.004148,12701696,-0.001727,LOW,
run_eee74ea4,internal,tabular_higgs,2026-03-12T11:29:29.196665+00:00,tabular,higgs,mlp,2,495000,0.5,,0.6915,1.1231,28.0,n_d_lr_grid,6366210,3e-05,512,0.0001,adam,10000,0.718,0.708588,10000,59.59,0.004138,12701696,-0.009412,LOW,
run_84721522,internal,tabular_higgs,2026-03-12T11:31:46.868964+00:00,tabular,higgs,mlp,2,495000,0.5,,0.6915,1.1231,28.0,n_d_lr_grid,25315330,0.01,512,0.0001,adam,10000,0.7146,0.706126,9670,137.06,0.009518,50569216,-0.008474,LOW,
run_fcbc6f88,internal,tabular_higgs,2026-03-12T11:34:04.426748+00:00,tabular,higgs,mlp,2,495000,0.5,,0.6915,1.1231,28.0,n_d_lr_grid,25315330,0.003,512,0.0001,adam,10000,0.7348,0.724325,7736,136.94,0.00951,50569216,-0.010475,LOW,
run_9c3f4921,internal,tabular_higgs,2026-03-12T11:36:22.198773+00:00,tabular,higgs,mlp,2,495000,0.5,,0.6915,1.1231,28.0,n_d_lr_grid,25315330,0.001,512,0.0001,adam,10000,0.7451,0.740897,7736,137.12,0.009522,50569216,-0.004203,LOW,
run_6ec3d00f,internal,tabular_higgs,2026-03-12T11:38:41.058168+00:00,tabular,higgs,mlp,2,495000,0.5,,0.6915,1.1231,28.0,n_d_lr_grid,25315330,0.0003,512,0.0001,adam,10000,0.7467,0.744537,10000,138.24,0.0096,50569216,-0.002163,LOW,
run_70090b8f,internal,tabular_higgs,2026-03-12T11:41:01.010370+00:00,tabular,higgs,mlp,2,495000,0.5,,0.6915,1.1231,28.0,n_d_lr_grid,25315330,0.0001,512,0.0001,adam,10000,0.7399,0.739234,9670,139.3,0.009674,50569216,-0.000666,LOW,
run_69ee074b,internal,tabular_higgs,2026-03-12T11:43:20.590477+00:00,tabular,higgs,mlp,2,495000,0.5,,0.6915,1.1231,28.0,n_d_lr_grid,25315330,3e-05,512,0.0001,adam,10000,0.726,0.724473,9670,138.94,0.009649,50569216,-0.001527,LOW,
run_f2c8cb29,internal,tabular_higgs,2026-03-12T11:44:08.392080+00:00,tabular,higgs,mlp,2,742500,0.75,,0.6915,1.1231,28.0,n_d_lr_grid,2706,0.01,512,0.0001,adam,10000,0.7139,0.697196,4353,47.43,0.003294,4928,-0.016704,LOW,
run_cfe806db,internal,tabular_higgs,2026-03-12T11:44:55.202571+00:00,tabular,higgs,mlp,2,742500,0.75,,0.6915,1.1231,28.0,n_d_lr_grid,2706,0.003,512,0.0001,adam,10000,0.7176,0.702933,5804,46.44,0.003225,4928,-0.014667,LOW,
run_de69bd6e,internal,tabular_higgs,2026-03-12T11:45:42.863443+00:00,tabular,higgs,mlp,2,742500,0.75,,0.6915,1.1231,28.0,n_d_lr_grid,2706,0.001,512,0.0001,adam,10000,0.7158,0.702939,10000,47.23,0.00328,4928,-0.012861,LOW,
run_da6b3042,internal,tabular_higgs,2026-03-12T11:46:29.557784+00:00,tabular,higgs,mlp,2,742500,0.75,,0.6915,1.1231,28.0,n_d_lr_grid,2706,0.0003,512,0.0001,adam,10000,0.6975,0.68595,8706,46.31,0.003216,4928,-0.01155,LOW,
run_10f0da67,internal,tabular_higgs,2026-03-12T11:47:17.100882+00:00,tabular,higgs,mlp,2,742500,0.75,,0.6915,1.1231,28.0,n_d_lr_grid,2706,0.0001,512,0.0001,adam,10000,0.6527,0.636159,10000,47.18,0.003276,4928,-0.016541,LOW,
run_27dd75ce,internal,tabular_higgs,2026-03-12T11:48:03.499849+00:00,tabular,higgs,mlp,2,742500,0.75,,0.6915,1.1231,28.0,n_d_lr_grid,2706,3e-05,512,0.0001,adam,10000,0.5985,0.568412,10000,46.02,0.003196,4928,-0.030088,LOW,
run_a8496c3a,internal,tabular_higgs,2026-03-12T11:48:49.825764+00:00,tabular,higgs,mlp,2,742500,0.75,,0.6915,1.1231,28.0,n_d_lr_grid,8482,0.01,512,0.0001,adam,10000,0.7167,0.703265,5804,45.97,0.003193,16000,-0.013435,LOW,
run_1a34dfe5,internal,tabular_higgs,2026-03-12T11:49:36.997274+00:00,tabular,higgs,mlp,2,742500,0.75,,0.6915,1.1231,28.0,n_d_lr_grid,8482,0.003,512,0.0001,adam,10000,0.7275,0.713792,8706,46.82,0.003251,16000,-0.013708,LOW,
run_59a70272,internal,tabular_higgs,2026-03-12T11:50:24.248893+00:00,tabular,higgs,mlp,2,742500,0.75,,0.6915,1.1231,28.0,n_d_lr_grid,8482,0.001,512,0.0001,adam,10000,0.7278,0.714136,10000,46.84,0.003253,16000,-0.013664,LOW,
run_5257b8ba,internal,tabular_higgs,2026-03-12T11:51:12.178351+00:00,tabular,higgs,mlp,2,742500,0.75,,0.6915,1.1231,28.0,n_d_lr_grid,8482,0.0003,512,0.0001,adam,10000,0.7088,0.693397,10000,47.55,0.003302,16000,-0.015403,LOW,
run_1df6396b,internal,tabular_higgs,2026-03-12T11:52:00.227495+00:00,tabular,higgs,mlp,2,742500,0.75,,0.6915,1.1231,28.0,n_d_lr_grid,8482,0.0001,512,0.0001,adam,10000,0.6741,0.655126,10000,47.7,0.003312,16000,-0.018974,LOW,
run_b0d13115,internal,tabular_higgs,2026-03-12T11:52:47.138754+00:00,tabular,higgs,mlp,2,742500,0.75,,0.6915,1.1231,28.0,n_d_lr_grid,8482,3e-05,512,0.0001,adam,10000,0.6283,0.594228,10000,46.5,0.003229,16000,-0.034072,LOW,
run_66a2b2b8,internal,tabular_higgs,2026-03-12T11:53:34.181836+00:00,tabular,higgs,mlp,2,742500,0.75,,0.6915,1.1231,28.0,n_d_lr_grid,29250,0.01,512,0.0001,adam,10000,0.7164,0.704047,5804,46.63,0.003238,56576,-0.012353,LOW,
run_51577188,internal,tabular_higgs,2026-03-12T11:54:22.680614+00:00,tabular,higgs,mlp,2,742500,0.75,,0.6915,1.1231,28.0,n_d_lr_grid,29250,0.003,512,0.0001,adam,10000,0.7319,0.721082,7255,48.1,0.003341,56576,-0.010818,LOW,
run_db8fe895,internal,tabular_higgs,2026-03-12T11:55:10.848208+00:00,tabular,higgs,mlp,2,742500,0.75,,0.6915,1.1231,28.0,n_d_lr_grid,29250,0.001,512,0.0001,adam,10000,0.7381,0.726553,8706,47.74,0.003315,56576,-0.011547,LOW,
run_ca1fb2e6,internal,tabular_higgs,2026-03-12T11:55:58.852662+00:00,tabular,higgs,mlp,2,742500,0.75,,0.6915,1.1231,28.0,n_d_lr_grid,29250,0.0003,512,0.0001,adam,10000,0.7194,0.705184,10000,47.56,0.003303,56576,-0.014216,LOW,
run_d5cce227,internal,tabular_higgs,2026-03-12T11:56:46.520665+00:00,tabular,higgs,mlp,2,742500,0.75,,0.6915,1.1231,28.0,n_d_lr_grid,29250,0.0001,512,0.0001,adam,10000,0.6818,0.666521,10000,47.26,0.003282,56576,-0.015279,LOW,
run_8e282bee,internal,tabular_higgs,2026-03-12T11:57:34.679356+00:00,tabular,higgs,mlp,2,742500,0.75,,0.6915,1.1231,28.0,n_d_lr_grid,29250,3e-05,512,0.0001,adam,10000,0.6433,0.61777,10000,47.74,0.003315,56576,-0.02553,LOW,
run_794d83ce,internal,tabular_higgs,2026-03-12T11:58:24.489165+00:00,tabular,higgs,mlp,2,742500,0.75,,0.6915,1.1231,28.0,n_d_lr_grid,107650,0.01,512,0.0001,adam,10000,0.7182,0.704453,5804,49.45,0.003434,211456,-0.013747,LOW,
run_6c3b3537,internal,tabular_higgs,2026-03-12T11:59:12.367262+00:00,tabular,higgs,mlp,2,742500,0.75,,0.6915,1.1231,28.0,n_d_lr_grid,107650,0.003,512,0.0001,adam,10000,0.7332,0.723153,8706,47.47,0.003296,211456,-0.010047,LOW,
run_51f24dcb,internal,tabular_higgs,2026-03-12T12:00:00.569368+00:00,tabular,higgs,mlp,2,742500,0.75,,0.6915,1.1231,28.0,n_d_lr_grid,107650,0.001,512,0.0001,adam,10000,0.7429,0.732761,10000,47.85,0.003323,211456,-0.010139,LOW,
run_7fc84812,internal,tabular_higgs,2026-03-12T12:00:48.667973+00:00,tabular,higgs,mlp,2,742500,0.75,,0.6915,1.1231,28.0,n_d_lr_grid,107650,0.0003,512,0.0001,adam,10000,0.7287,0.717702,10000,47.66,0.00331,211456,-0.010998,LOW,
run_3a5ecdce,internal,tabular_higgs,2026-03-12T12:01:36.942333+00:00,tabular,higgs,mlp,2,742500,0.75,,0.6915,1.1231,28.0,n_d_lr_grid,107650,0.0001,512,0.0001,adam,10000,0.7028,0.684997,10000,47.86,0.003323,211456,-0.017803,LOW,
run_8b42693b,internal,tabular_higgs,2026-03-12T12:02:23.987674+00:00,tabular,higgs,mlp,2,742500,0.75,,0.6915,1.1231,28.0,n_d_lr_grid,107650,3e-05,512,0.0001,adam,10000,0.6644,0.643728,8706,46.69,0.003242,211456,-0.020672,LOW,
run_4167bf15,internal,tabular_higgs,2026-03-12T12:03:11.067792+00:00,tabular,higgs,mlp,2,742500,0.75,,0.6915,1.1231,28.0,n_d_lr_grid,411906,0.01,512,0.0001,adam,10000,0.7174,0.704746,10000,46.72,0.003244,816128,-0.012654,LOW,
run_aa09c836,internal,tabular_higgs,2026-03-12T12:03:57.682856+00:00,tabular,higgs,mlp,2,742500,0.75,,0.6915,1.1231,28.0,n_d_lr_grid,411906,0.003,512,0.0001,adam,10000,0.7341,0.724212,5804,46.23,0.00321,816128,-0.009888,LOW,
run_f5608708,internal,tabular_higgs,2026-03-12T12:04:45.576331+00:00,tabular,higgs,mlp,2,742500,0.75,,0.6915,1.1231,28.0,n_d_lr_grid,411906,0.001,512,0.0001,adam,10000,0.7476,0.737324,10000,47.5,0.003299,816128,-0.010276,LOW,
run_6384576b,internal,tabular_higgs,2026-03-12T12:05:33.390602+00:00,tabular,higgs,mlp,2,742500,0.75,,0.6915,1.1231,28.0,n_d_lr_grid,411906,0.0003,512,0.0001,adam,10000,0.7378,0.727919,8706,47.44,0.003295,816128,-0.009881,LOW,
run_5d286de5,internal,tabular_higgs,2026-03-12T12:06:20.771341+00:00,tabular,higgs,mlp,2,742500,0.75,,0.6915,1.1231,28.0,n_d_lr_grid,411906,0.0001,512,0.0001,adam,10000,0.7152,0.700585,10000,46.97,0.003262,816128,-0.014615,LOW,
run_a963e2dc,internal,tabular_higgs,2026-03-12T12:07:08.862919+00:00,tabular,higgs,mlp,2,742500,0.75,,0.6915,1.1231,28.0,n_d_lr_grid,411906,3e-05,512,0.0001,adam,10000,0.6866,0.665484,10000,47.71,0.003313,816128,-0.021116,LOW,
run_7f0fc331,internal,tabular_higgs,2026-03-12T12:07:55.970203+00:00,tabular,higgs,mlp,2,742500,0.75,,0.6915,1.1231,28.0,n_d_lr_grid,1610242,0.01,512,0.0001,adam,10000,0.7175,0.703827,2902,46.65,0.00324,3205120,-0.013673,LOW,
run_22510f88,internal,tabular_higgs,2026-03-12T12:08:43.080892+00:00,tabular,higgs,mlp,2,742500,0.75,,0.6915,1.1231,28.0,n_d_lr_grid,1610242,0.003,512,0.0001,adam,10000,0.736,0.724144,8706,46.65,0.00324,3205120,-0.011856,LOW,
run_cc69d264,internal,tabular_higgs,2026-03-12T12:09:31.175220+00:00,tabular,higgs,mlp,2,742500,0.75,,0.6915,1.1231,28.0,n_d_lr_grid,1610242,0.001,512,0.0001,adam,10000,0.7459,0.737816,8706,47.65,0.003309,3205120,-0.008084,LOW,
run_856a1cf9,internal,tabular_higgs,2026-03-12T12:10:18.834505+00:00,tabular,higgs,mlp,2,742500,0.75,,0.6915,1.1231,28.0,n_d_lr_grid,1610242,0.0003,512,0.0001,adam,10000,0.7385,0.734872,10000,47.2,0.003278,3205120,-0.003628,LOW,
run_5817cc64,internal,tabular_higgs,2026-03-12T12:11:06.547804+00:00,tabular,higgs,mlp,2,742500,0.75,,0.6915,1.1231,28.0,n_d_lr_grid,1610242,0.0001,512,0.0001,adam,10000,0.727,0.715452,10000,47.29,0.003284,3205120,-0.011548,LOW,
run_1f3d0ad5,internal,tabular_higgs,2026-03-12T12:11:55.034434+00:00,tabular,higgs,mlp,2,742500,0.75,,0.6915,1.1231,28.0,n_d_lr_grid,1610242,3e-05,512,0.0001,adam,10000,0.7065,0.687453,10000,48.09,0.003339,3205120,-0.019047,LOW,
run_05c36c9d,internal,tabular_higgs,2026-03-12T12:12:53.860526+00:00,tabular,higgs,mlp,2,742500,0.75,,0.6915,1.1231,28.0,n_d_lr_grid,6366210,0.01,512,0.0001,adam,10000,0.7179,0.705348,5804,58.39,0.004055,12701696,-0.012552,LOW,
run_3bb0feed,internal,tabular_higgs,2026-03-12T12:13:52.118942+00:00,tabular,higgs,mlp,2,742500,0.75,,0.6915,1.1231,28.0,n_d_lr_grid,6366210,0.003,512,0.0001,adam,10000,0.7338,0.723588,5804,57.8,0.004014,12701696,-0.010212,LOW,
run_15418e70,internal,tabular_higgs,2026-03-12T12:14:50.454514+00:00,tabular,higgs,mlp,2,742500,0.75,,0.6915,1.1231,28.0,n_d_lr_grid,6366210,0.001,512,0.0001,adam,10000,0.7448,0.738794,10000,57.88,0.004019,12701696,-0.006006,LOW,
run_102b4ef3,internal,tabular_higgs,2026-03-12T12:15:48.819466+00:00,tabular,higgs,mlp,2,742500,0.75,,0.6915,1.1231,28.0,n_d_lr_grid,6366210,0.0003,512,0.0001,adam,10000,0.7422,0.738112,10000,57.88,0.004019,12701696,-0.004088,LOW,
run_231045ef,internal,tabular_higgs,2026-03-12T12:16:47.535490+00:00,tabular,higgs,mlp,2,742500,0.75,,0.6915,1.1231,28.0,n_d_lr_grid,6366210,0.0001,512,0.0001,adam,10000,0.7373,0.728214,10000,58.22,0.004043,12701696,-0.009086,LOW,
run_386d0e36,internal,tabular_higgs,2026-03-12T12:17:45.714730+00:00,tabular,higgs,mlp,2,742500,0.75,,0.6915,1.1231,28.0,n_d_lr_grid,6366210,3e-05,512,0.0001,adam,10000,0.7167,0.706886,10000,57.7,0.004007,12701696,-0.009814,LOW,
run_4556dc06,internal,tabular_higgs,2026-03-12T12:20:02.287214+00:00,tabular,higgs,mlp,2,742500,0.75,,0.6915,1.1231,28.0,n_d_lr_grid,25315330,0.01,512,0.0001,adam,10000,0.7124,0.704296,5804,135.79,0.00943,50569216,-0.008104,LOW,
run_0ccf504e,internal,tabular_higgs,2026-03-12T12:22:18.520255+00:00,tabular,higgs,mlp,2,742500,0.75,,0.6915,1.1231,28.0,n_d_lr_grid,25315330,0.003,512,0.0001,adam,10000,0.7346,0.723462,7255,135.49,0.009409,50569216,-0.011138,LOW,
run_5e49802c,internal,tabular_higgs,2026-03-12T12:24:34.598493+00:00,tabular,higgs,mlp,2,742500,0.75,,0.6915,1.1231,28.0,n_d_lr_grid,25315330,0.001,512,0.0001,adam,10000,0.7447,0.738237,8706,135.34,0.009399,50569216,-0.006463,LOW,
run_ab611f60,internal,tabular_higgs,2026-03-12T12:26:51.886197+00:00,tabular,higgs,mlp,2,742500,0.75,,0.6915,1.1231,28.0,n_d_lr_grid,25315330,0.0003,512,0.0001,adam,10000,0.7439,0.740885,8706,136.56,0.009483,50569216,-0.003015,LOW,
run_b6608c91,internal,tabular_higgs,2026-03-12T12:29:11.056160+00:00,tabular,higgs,mlp,2,742500,0.75,,0.6915,1.1231,28.0,n_d_lr_grid,25315330,0.0001,512,0.0001,adam,10000,0.7375,0.734303,8706,138.43,0.009613,50569216,-0.003197,LOW,
run_aeb14706,internal,tabular_higgs,2026-03-12T12:31:29.549086+00:00,tabular,higgs,mlp,2,742500,0.75,,0.6915,1.1231,28.0,n_d_lr_grid,25315330,3e-05,512,0.0001,adam,10000,0.7301,0.721868,10000,137.7,0.009563,50569216,-0.008232,LOW,
run_cb6ab13a,internal,tabular_higgs,2026-03-12T12:32:16.871676+00:00,tabular,higgs,mlp,2,990000,1.0,,0.6915,1.1231,28.0,n_d_lr_grid,2706,0.01,512,0.0001,adam,10000,0.7086,0.699023,3868,46.79,0.003249,4928,-0.009577,LOW,
run_e6229521,internal,tabular_higgs,2026-03-12T12:33:04.023379+00:00,tabular,higgs,mlp,2,990000,1.0,,0.6915,1.1231,28.0,n_d_lr_grid,2706,0.003,512,0.0001,adam,10000,0.7154,0.705723,5802,46.66,0.00324,4928,-0.009677,LOW,
run_5177d3d9,internal,tabular_higgs,2026-03-12T12:33:50.997776+00:00,tabular,higgs,mlp,2,990000,1.0,,0.6915,1.1231,28.0,n_d_lr_grid,2706,0.001,512,0.0001,adam,10000,0.7147,0.70554,7736,46.49,0.003228,4928,-0.00916,LOW,
run_d27dbf91,internal,tabular_higgs,2026-03-12T12:34:38.261884+00:00,tabular,higgs,mlp,2,990000,1.0,,0.6915,1.1231,28.0,n_d_lr_grid,2706,0.0003,512,0.0001,adam,10000,0.7004,0.689862,10000,46.79,0.003249,4928,-0.010538,LOW,
run_6c4a2ea3,internal,tabular_higgs,2026-03-12T12:35:25.259196+00:00,tabular,higgs,mlp,2,990000,1.0,,0.6915,1.1231,28.0,n_d_lr_grid,2706,0.0001,512,0.0001,adam,10000,0.6534,0.63995,10000,46.48,0.003228,4928,-0.01345,LOW,
run_4f69ae80,internal,tabular_higgs,2026-03-12T12:36:12.732616+00:00,tabular,higgs,mlp,2,990000,1.0,,0.6915,1.1231,28.0,n_d_lr_grid,2706,3e-05,512,0.0001,adam,10000,0.5982,0.572621,10000,46.92,0.003259,4928,-0.025579,LOW,
run_d3d080bb,internal,tabular_higgs,2026-03-12T12:37:00.819364+00:00,tabular,higgs,mlp,2,990000,1.0,,0.6915,1.1231,28.0,n_d_lr_grid,8482,0.01,512,0.0001,adam,10000,0.7196,0.704551,10000,47.61,0.003306,16000,-0.015049,LOW,
run_41c10975,internal,tabular_higgs,2026-03-12T12:37:48.004419+00:00,tabular,higgs,mlp,2,990000,1.0,,0.6915,1.1231,28.0,n_d_lr_grid,8482,0.003,512,0.0001,adam,10000,0.7296,0.715968,7736,46.66,0.00324,16000,-0.013632,LOW,
run_06c3745d,internal,tabular_higgs,2026-03-12T12:38:34.961269+00:00,tabular,higgs,mlp,2,990000,1.0,,0.6915,1.1231,28.0,n_d_lr_grid,8482,0.001,512,0.0001,adam,10000,0.7297,0.717383,10000,46.46,0.003226,16000,-0.012317,LOW,
run_2a5a110a,internal,tabular_higgs,2026-03-12T12:39:22.395852+00:00,tabular,higgs,mlp,2,990000,1.0,,0.6915,1.1231,28.0,n_d_lr_grid,8482,0.0003,512,0.0001,adam,10000,0.709,0.696763,10000,46.88,0.003255,16000,-0.012237,LOW,
run_3b9762d5,internal,tabular_higgs,2026-03-12T12:40:09.017960+00:00,tabular,higgs,mlp,2,990000,1.0,,0.6915,1.1231,28.0,n_d_lr_grid,8482,0.0001,512,0.0001,adam,10000,0.6764,0.658369,10000,46.14,0.003204,16000,-0.018031,LOW,
run_5bb2c7aa,internal,tabular_higgs,2026-03-12T12:40:56.161114+00:00,tabular,higgs,mlp,2,990000,1.0,,0.6915,1.1231,28.0,n_d_lr_grid,8482,3e-05,512,0.0001,adam,10000,0.6285,0.597502,10000,46.65,0.003239,16000,-0.030998,LOW,
run_5f462cfe,internal,tabular_higgs,2026-03-12T12:41:44.291556+00:00,tabular,higgs,mlp,2,990000,1.0,,0.6915,1.1231,28.0,n_d_lr_grid,29250,0.01,512,0.0001,adam,10000,0.719,0.703906,10000,47.65,0.003309,56576,-0.015094,LOW,
run_9a3476a2,internal,tabular_higgs,2026-03-12T12:42:31.684997+00:00,tabular,higgs,mlp,2,990000,1.0,,0.6915,1.1231,28.0,n_d_lr_grid,29250,0.003,512,0.0001,adam,10000,0.7364,0.72181,10000,46.86,0.003254,56576,-0.01459,LOW,
run_75341d62,internal,tabular_higgs,2026-03-12T12:43:18.971921+00:00,tabular,higgs,mlp,2,990000,1.0,,0.6915,1.1231,28.0,n_d_lr_grid,29250,0.001,512,0.0001,adam,10000,0.74,0.727042,10000,46.74,0.003246,56576,-0.012958,LOW,
run_5720530b,internal,tabular_higgs,2026-03-12T12:44:06.452511+00:00,tabular,higgs,mlp,2,990000,1.0,,0.6915,1.1231,28.0,n_d_lr_grid,29250,0.0003,512,0.0001,adam,10000,0.7196,0.706741,10000,46.89,0.003256,56576,-0.012859,LOW,
run_172412f2,internal,tabular_higgs,2026-03-12T12:44:53.363356+00:00,tabular,higgs,mlp,2,990000,1.0,,0.6915,1.1231,28.0,n_d_lr_grid,29250,0.0001,512,0.0001,adam,10000,0.6832,0.668803,10000,46.43,0.003224,56576,-0.014397,LOW,
run_2f60aba1,internal,tabular_higgs,2026-03-12T12:45:40.988643+00:00,tabular,higgs,mlp,2,990000,1.0,,0.6915,1.1231,28.0,n_d_lr_grid,29250,3e-05,512,0.0001,adam,10000,0.6435,0.62075,10000,47.14,0.003274,56576,-0.02275,LOW,
run_c40d2854,internal,tabular_higgs,2026-03-12T12:46:29.261347+00:00,tabular,higgs,mlp,2,990000,1.0,,0.6915,1.1231,28.0,n_d_lr_grid,107650,0.01,512,0.0001,adam,10000,0.7197,0.704131,10000,47.78,0.003318,211456,-0.015569,LOW,
run_07de07c3,internal,tabular_higgs,2026-03-12T12:47:15.934257+00:00,tabular,higgs,mlp,2,990000,1.0,,0.6915,1.1231,28.0,n_d_lr_grid,107650,0.003,512,0.0001,adam,10000,0.7337,0.722396,9670,46.18,0.003207,211456,-0.011304,LOW,
run_c3c14e66,internal,tabular_higgs,2026-03-12T12:48:03.467159+00:00,tabular,higgs,mlp,2,990000,1.0,,0.6915,1.1231,28.0,n_d_lr_grid,107650,0.001,512,0.0001,adam,10000,0.7427,0.732665,9670,47.02,0.003266,211456,-0.010035,LOW,
run_bb433692,internal,tabular_higgs,2026-03-12T12:48:51.269919+00:00,tabular,higgs,mlp,2,990000,1.0,,0.6915,1.1231,28.0,n_d_lr_grid,107650,0.0003,512,0.0001,adam,10000,0.73,0.718969,10000,47.32,0.003286,211456,-0.011031,LOW,
run_313d84fd,internal,tabular_higgs,2026-03-12T12:49:37.190667+00:00,tabular,higgs,mlp,2,990000,1.0,,0.6915,1.1231,28.0,n_d_lr_grid,107650,0.0001,512,0.0001,adam,10000,0.7051,0.68631,10000,45.4,0.003153,211456,-0.01879,LOW,
run_de8de3e5,internal,tabular_higgs,2026-03-12T12:50:25.278698+00:00,tabular,higgs,mlp,2,990000,1.0,,0.6915,1.1231,28.0,n_d_lr_grid,107650,3e-05,512,0.0001,adam,10000,0.6642,0.644928,10000,47.56,0.003303,211456,-0.019272,LOW,
run_1ad465c2,internal,tabular_higgs,2026-03-12T12:51:11.758707+00:00,tabular,higgs,mlp,2,990000,1.0,,0.6915,1.1231,28.0,n_d_lr_grid,411906,0.01,512,0.0001,adam,10000,0.7169,0.704232,10000,45.97,0.003193,816128,-0.012668,LOW,
run_0849c60e,internal,tabular_higgs,2026-03-12T12:51:59.054381+00:00,tabular,higgs,mlp,2,990000,1.0,,0.6915,1.1231,28.0,n_d_lr_grid,411906,0.003,512,0.0001,adam,10000,0.7334,0.724467,10000,46.73,0.003245,816128,-0.008933,LOW,
run_c54a0057,internal,tabular_higgs,2026-03-12T12:52:46.437496+00:00,tabular,higgs,mlp,2,990000,1.0,,0.6915,1.1231,28.0,n_d_lr_grid,411906,0.001,512,0.0001,adam,10000,0.7452,0.737464,10000,46.89,0.003256,816128,-0.007736,LOW,
run_1b15f005,internal,tabular_higgs,2026-03-12T12:53:33.365583+00:00,tabular,higgs,mlp,2,990000,1.0,,0.6915,1.1231,28.0,n_d_lr_grid,411906,0.0003,512,0.0001,adam,10000,0.7394,0.730398,9670,46.44,0.003225,816128,-0.009002,LOW,
run_9d2c1fb0,internal,tabular_higgs,2026-03-12T12:54:19.571639+00:00,tabular,higgs,mlp,2,990000,1.0,,0.6915,1.1231,28.0,n_d_lr_grid,411906,0.0001,512,0.0001,adam,10000,0.717,0.702077,10000,45.72,0.003175,816128,-0.014923,LOW,
run_62f20110,internal,tabular_higgs,2026-03-12T12:55:05.674804+00:00,tabular,higgs,mlp,2,990000,1.0,,0.6915,1.1231,28.0,n_d_lr_grid,411906,3e-05,512,0.0001,adam,10000,0.6888,0.666223,10000,45.6,0.003167,816128,-0.022577,LOW,
run_c1b51df7,internal,tabular_higgs,2026-03-12T12:55:52.962173+00:00,tabular,higgs,mlp,2,990000,1.0,,0.6915,1.1231,28.0,n_d_lr_grid,1610242,0.01,512,0.0001,adam,10000,0.7159,0.704013,5802,46.78,0.003248,3205120,-0.011887,LOW,
run_55716346,internal,tabular_higgs,2026-03-12T12:56:41.536953+00:00,tabular,higgs,mlp,2,990000,1.0,,0.6915,1.1231,28.0,n_d_lr_grid,1610242,0.003,512,0.0001,adam,10000,0.7322,0.723834,7736,48.02,0.003335,3205120,-0.008366,LOW,
run_b8f618b1,internal,tabular_higgs,2026-03-12T12:57:30.208390+00:00,tabular,higgs,mlp,2,990000,1.0,,0.6915,1.1231,28.0,n_d_lr_grid,1610242,0.001,512,0.0001,adam,10000,0.7455,0.739477,10000,48.17,0.003345,3205120,-0.006023,LOW,
run_12dc8329,internal,tabular_higgs,2026-03-12T12:58:20.076198+00:00,tabular,higgs,mlp,2,990000,1.0,,0.6915,1.1231,28.0,n_d_lr_grid,1610242,0.0003,512,0.0001,adam,10000,0.7421,0.737257,7736,49.31,0.003425,3205120,-0.004843,LOW,
run_729de6f3,internal,tabular_higgs,2026-03-12T12:59:07.650442+00:00,tabular,higgs,mlp,2,990000,1.0,,0.6915,1.1231,28.0,n_d_lr_grid,1610242,0.0001,512,0.0001,adam,10000,0.7278,0.716915,10000,47.05,0.003267,3205120,-0.010885,LOW,
run_8040c2ea,internal,tabular_higgs,2026-03-12T12:59:56.096170+00:00,tabular,higgs,mlp,2,990000,1.0,,0.6915,1.1231,28.0,n_d_lr_grid,1610242,3e-05,512,0.0001,adam,10000,0.7061,0.687749,10000,47.86,0.003324,3205120,-0.018351,LOW,
run_72e51106,internal,tabular_higgs,2026-03-12T13:00:55.711790+00:00,tabular,higgs,mlp,2,990000,1.0,,0.6915,1.1231,28.0,n_d_lr_grid,6366210,0.01,512,0.0001,adam,10000,0.7152,0.70554,9670,58.98,0.004096,12701696,-0.00966,LOW,
run_9b06b2c1,internal,tabular_higgs,2026-03-12T13:01:54.709664+00:00,tabular,higgs,mlp,2,990000,1.0,,0.6915,1.1231,28.0,n_d_lr_grid,6366210,0.003,512,0.0001,adam,10000,0.7338,0.726876,9670,58.4,0.004055,12701696,-0.006924,LOW,
run_7fd80899,internal,tabular_higgs,2026-03-12T13:02:54.087931+00:00,tabular,higgs,mlp,2,990000,1.0,,0.6915,1.1231,28.0,n_d_lr_grid,6366210,0.001,512,0.0001,adam,10000,0.7464,0.742365,10000,58.75,0.00408,12701696,-0.004035,LOW,
run_f71b3e28,internal,tabular_higgs,2026-03-12T13:03:53.861859+00:00,tabular,higgs,mlp,2,990000,1.0,,0.6915,1.1231,28.0,n_d_lr_grid,6366210,0.0003,512,0.0001,adam,10000,0.743,0.74201,9670,59.14,0.004107,12701696,-0.00099,LOW,
run_7b9bf3c3,internal,tabular_higgs,2026-03-12T13:04:52.618011+00:00,tabular,higgs,mlp,2,990000,1.0,,0.6915,1.1231,28.0,n_d_lr_grid,6366210,0.0001,512,0.0001,adam,10000,0.7357,0.73244,9670,58.2,0.004042,12701696,-0.00326,LOW,
run_7b17a217,internal,tabular_higgs,2026-03-12T13:05:52.393173+00:00,tabular,higgs,mlp,2,990000,1.0,,0.6915,1.1231,28.0,n_d_lr_grid,6366210,3e-05,512,0.0001,adam,10000,0.7174,0.710482,10000,59.17,0.004109,12701696,-0.006918,LOW,
run_9d31a78c,internal,tabular_higgs,2026-03-12T13:08:09.545613+00:00,tabular,higgs,mlp,2,990000,1.0,,0.6915,1.1231,28.0,n_d_lr_grid,25315330,0.01,512,0.0001,adam,10000,0.7153,0.707398,9670,136.27,0.009463,50569216,-0.007902,LOW,
run_8bb434c0,internal,tabular_higgs,2026-03-12T13:10:26.695496+00:00,tabular,higgs,mlp,2,990000,1.0,,0.6915,1.1231,28.0,n_d_lr_grid,25315330,0.003,512,0.0001,adam,10000,0.7331,0.72532,9670,136.3,0.009466,50569216,-0.00778,LOW,
run_4888370c,internal,tabular_higgs,2026-03-12T13:12:43.694520+00:00,tabular,higgs,mlp,2,990000,1.0,,0.6915,1.1231,28.0,n_d_lr_grid,25315330,0.001,512,0.0001,adam,10000,0.7436,0.741489,9670,136.09,0.009451,50569216,-0.002111,LOW,
run_04c2ddd8,internal,tabular_higgs,2026-03-12T13:15:00.940194+00:00,tabular,higgs,mlp,2,990000,1.0,,0.6915,1.1231,28.0,n_d_lr_grid,25315330,0.0003,512,0.0001,adam,10000,0.7433,0.744484,10000,136.37,0.00947,50569216,0.001184,LOW,
run_b57ecd09,internal,tabular_higgs,2026-03-12T13:17:19.434555+00:00,tabular,higgs,mlp,2,990000,1.0,,0.6915,1.1231,28.0,n_d_lr_grid,25315330,0.0001,512,0.0001,adam,10000,0.7375,0.738021,10000,137.64,0.009558,50569216,0.000521,LOW,
run_2d7de03f,internal,tabular_higgs,2026-03-12T13:19:37.547780+00:00,tabular,higgs,mlp,2,990000,1.0,,0.6915,1.1231,28.0,n_d_lr_grid,25315330,3e-05,512,0.0001,adam,10000,0.7265,0.724964,9670,137.26,0.009532,50569216,-0.001536,LOW,
run_c0368d08,internal,nlp_agnews,2026-03-18T21:14:44.041273+00:00,nlp,agnews,transformer,4,11400,0.1,,,,,n_d_lr_grid,491836,0.01,32,0.1,adamw,5000,0.869,0.9375,2142,47.18,0.003276,1311040,0.0685,MEDIUM,
run_4fbcf865,internal,nlp_agnews,2026-03-18T21:15:31.018438+00:00,nlp,agnews,transformer,4,11400,0.1,,,,,n_d_lr_grid,491836,0.003,32,0.1,adamw,5000,0.877,0.953125,2499,46.95,0.003261,1311040,0.076125,MEDIUM,
run_01245026,internal,nlp_agnews,2026-03-18T21:16:17.364607+00:00,nlp,agnews,transformer,4,11400,0.1,,,,,n_d_lr_grid,491836,0.001,32,0.1,adamw,5000,0.869167,0.921875,4284,46.32,0.003217,1311040,0.052708,MEDIUM,
run_0f646dcf,internal,nlp_agnews,2026-03-18T21:17:03.505900+00:00,nlp,agnews,transformer,4,11400,0.1,,,,,n_d_lr_grid,491836,0.0003,32,0.1,adamw,5000,0.853,0.796875,5000,46.12,0.003202,1311040,-0.056125,LOW,
run_a955a5ea,internal,nlp_agnews,2026-03-18T21:17:49.463692+00:00,nlp,agnews,transformer,4,11400,0.1,,,,,n_d_lr_grid,491836,0.0001,32,0.1,adamw,5000,0.706833,0.609375,4998,45.93,0.00319,1311040,-0.097458,LOW,
run_416d78ae,internal,nlp_agnews,2026-03-18T21:18:35.749380+00:00,nlp,agnews,transformer,4,11400,0.1,,,,,n_d_lr_grid,491836,3e-05,32,0.1,adamw,5000,0.476667,0.40625,4998,46.26,0.003212,1311040,-0.070417,LOW,
run_c3439585,internal,nlp_agnews,2026-03-18T21:19:22.731882+00:00,nlp,agnews,transformer,4,11400,0.1,,,,,n_d_lr_grid,990068,0.01,32,0.1,adamw,5000,0.252,0.265625,714,46.95,0.00326,4195456,0.013625,LOW,
run_e96be551,internal,nlp_agnews,2026-03-18T21:20:09.322646+00:00,nlp,agnews,transformer,4,11400,0.1,,,,,n_d_lr_grid,990068,0.003,32,0.1,adamw,5000,0.876333,0.984375,2856,46.55,0.003233,4195456,0.108042,MEDIUM,
run_bcccd1a3,internal,nlp_agnews,2026-03-18T21:20:56.334681+00:00,nlp,agnews,transformer,4,11400,0.1,,,,,n_d_lr_grid,990068,0.001,32,0.1,adamw,5000,0.252,0.234375,357,46.98,0.003263,4195456,-0.017625,LOW,
run_f68f59fc,internal,nlp_agnews,2026-03-18T21:21:42.177377+00:00,nlp,agnews,transformer,4,11400,0.1,,,,,n_d_lr_grid,990068,0.0003,32,0.1,adamw,5000,0.877667,0.9375,3570,45.81,0.003182,4195456,0.059833,MEDIUM,
run_79eb8612,internal,nlp_agnews,2026-03-18T21:22:28.612615+00:00,nlp,agnews,transformer,4,11400,0.1,,,,,n_d_lr_grid,990068,0.0001,32,0.1,adamw,5000,0.859167,0.84375,5000,46.41,0.003223,4195456,-0.015417,LOW,
run_ff28f4dd,internal,nlp_agnews,2026-03-18T21:23:13.834673+00:00,nlp,agnews,transformer,4,11400,0.1,,,,,n_d_lr_grid,990068,3e-05,32,0.1,adamw,5000,0.583167,0.484375,4998,45.19,0.003138,4195456,-0.098792,LOW,
run_7973c4da,internal,nlp_agnews,2026-03-18T21:24:23.743265+00:00,nlp,agnews,transformer,4,11400,0.1,,,,,n_d_lr_grid,2055716,0.01,32,0.1,adamw,5000,0.875167,0.984375,2856,69.85,0.004851,29364480,0.109208,MEDIUM,
run_18977cfb,internal,nlp_agnews,2026-03-18T21:25:39.360857+00:00,nlp,agnews,transformer,4,11400,0.1,,,,,n_d_lr_grid,2055716,0.003,32,0.1,adamw,5000,0.263667,0.265625,4641,75.57,0.005248,29364480,0.001958,LOW,
run_8c1e1cf1,internal,nlp_agnews,2026-03-18T21:26:48.168331+00:00,nlp,agnews,transformer,4,11400,0.1,,,,,n_d_lr_grid,2055716,0.001,32,0.1,adamw,5000,0.252,0.265625,357,68.75,0.004774,29364480,0.013625,LOW,
run_57a9b22d,internal,nlp_agnews,2026-03-18T21:27:56.634988+00:00,nlp,agnews,transformer,4,11400,0.1,,,,,n_d_lr_grid,2055716,0.0003,32,0.1,adamw,5000,0.876667,0.921875,2856,68.41,0.004751,29364480,0.045208,LOW,
run_58afa8f1,internal,nlp_agnews,2026-03-18T21:29:06.115368+00:00,nlp,agnews,transformer,4,11400,0.1,,,,,n_d_lr_grid,2055716,0.0001,32,0.1,adamw,5000,0.874,0.875,4998,69.42,0.004821,29364480,0.001,LOW,
run_06a5477e,internal,nlp_agnews,2026-03-18T21:30:15.503293+00:00,nlp,agnews,transformer,4,11400,0.1,,,,,n_d_lr_grid,2055716,3e-05,32,0.1,adamw,5000,0.726167,0.6875,4641,69.33,0.004814,29364480,-0.038667,LOW,
run_94b1b29e,internal,nlp_agnews,2026-03-18T21:31:36.775503+00:00,nlp,agnews,transformer,4,11400,0.1,,,,,n_d_lr_grid,4312132,0.01,32,0.1,adamw,5000,0.263667,0.359375,3927,81.17,0.005637,109068800,0.095708,MEDIUM,
run_efbd3aa2,internal,nlp_agnews,2026-03-18T21:32:46.337281+00:00,nlp,agnews,transformer,4,11400,0.1,,,,,n_d_lr_grid,4312132,0.003,32,0.1,adamw,5000,0.263667,0.359375,3927,69.48,0.004825,109068800,0.095708,MEDIUM,
run_3728bc70,internal,nlp_agnews,2026-03-18T21:33:59.481489+00:00,nlp,agnews,transformer,4,11400,0.1,,,,,n_d_lr_grid,4312132,0.001,32,0.1,adamw,5000,0.252,0.1875,357,73.07,0.005074,109068800,-0.0645,LOW,
run_53e11a27,internal,nlp_agnews,2026-03-18T21:35:10.113874+00:00,nlp,agnews,transformer,4,11400,0.1,,,,,n_d_lr_grid,4312132,0.0003,32,0.1,adamw,5000,0.8675,0.953125,1785,70.53,0.004898,109068800,0.085625,MEDIUM,
run_17df3b71,internal,nlp_agnews,2026-03-18T21:36:22.605899+00:00,nlp,agnews,transformer,4,11400,0.1,,,,,n_d_lr_grid,4312132,0.0001,32,0.1,adamw,5000,0.858333,0.84375,3927,72.39,0.005027,109068800,-0.014583,LOW,
run_84911d71,internal,nlp_agnews,2026-03-18T21:37:34.294711+00:00,nlp,agnews,transformer,4,11400,0.1,,,,,n_d_lr_grid,4312132,3e-05,32,0.1,adamw,5000,0.790833,0.6875,4998,71.61,0.004973,109068800,-0.103333,LOW,
run_3c11600e,internal,nlp_agnews,2026-03-18T21:39:36.835493+00:00,nlp,agnews,transformer,4,11400,0.1,,,,,n_d_lr_grid,10216836,0.01,32,0.1,adamw,5000,0.263667,0.25,714,122.34,0.008496,629212160,-0.013667,LOW,
run_ccaf167c,internal,nlp_agnews,2026-03-18T21:41:41.387593+00:00,nlp,agnews,transformer,4,11400,0.1,,,,,n_d_lr_grid,10216836,0.003,32,0.1,adamw,5000,0.263667,0.25,3570,124.4,0.008639,629212160,-0.013667,LOW,
run_45e30adf,internal,nlp_agnews,2026-03-18T21:43:47.281157+00:00,nlp,agnews,transformer,4,11400,0.1,,,,,n_d_lr_grid,10216836,0.001,32,0.1,adamw,5000,0.252,0.25,357,125.74,0.008732,629212160,-0.002,LOW,
run_540c4b9f,internal,nlp_agnews,2026-03-18T21:45:48.662475+00:00,nlp,agnews,transformer,4,11400,0.1,,,,,n_d_lr_grid,10216836,0.0003,32,0.1,adamw,5000,0.252,0.25,357,121.2,0.008417,629212160,-0.002,LOW,
run_c23179a7,internal,nlp_agnews,2026-03-18T21:47:51.379106+00:00,nlp,agnews,transformer,4,11400,0.1,,,,,n_d_lr_grid,10216836,0.0001,32,0.1,adamw,5000,0.8635,0.90625,5000,122.51,0.008508,629212160,0.04275,LOW,
run_ee08cd7b,internal,nlp_agnews,2026-03-18T21:49:51.383467+00:00,nlp,agnews,transformer,4,11400,0.1,,,,,n_d_lr_grid,10216836,3e-05,32,0.1,adamw,5000,0.743333,0.703125,4998,119.84,0.008323,629212160,-0.040208,LOW,
run_036dd760,internal,nlp_agnews,2026-03-18T21:54:41.195753+00:00,nlp,agnews,transformer,4,11400,0.1,,,,,n_d_lr_grid,28370180,0.01,32,0.1,adamw,5000,0.263667,0.359375,1428,289.47,0.020102,3288598528,0.095708,MEDIUM,
run_b99f7406,internal,nlp_agnews,2026-03-18T21:59:33.565355+00:00,nlp,agnews,transformer,4,11400,0.1,,,,,n_d_lr_grid,28370180,0.003,32,0.1,adamw,5000,0.263667,0.359375,1428,292.03,0.02028,3288598528,0.095708,MEDIUM,
run_2fec005f,internal,nlp_agnews,2026-03-18T22:04:25.989722+00:00,nlp,agnews,transformer,4,11400,0.1,,,,,n_d_lr_grid,28370180,0.001,32,0.1,adamw,5000,0.252,0.359375,714,292.09,0.020284,3288598528,0.107375,MEDIUM,
run_3d418659,internal,nlp_agnews,2026-03-18T22:09:24.249457+00:00,nlp,agnews,transformer,4,11400,0.1,,,,,n_d_lr_grid,28370180,0.0003,32,0.1,adamw,5000,0.850833,0.96875,4998,297.92,0.020689,3288598528,0.117917,MEDIUM,
run_8d059950,internal,nlp_agnews,2026-03-18T22:14:24.125675+00:00,nlp,agnews,transformer,4,11400,0.1,,,,,n_d_lr_grid,28370180,0.0001,32,0.1,adamw,5000,0.803167,0.8125,4998,299.53,0.020801,3288598528,0.009333,LOW,
run_fd20a554,internal,nlp_agnews,2026-03-18T22:19:23.691423+00:00,nlp,agnews,transformer,4,11400,0.1,,,,,n_d_lr_grid,28370180,3e-05,32,0.1,adamw,5000,0.717167,0.59375,5000,299.23,0.02078,3288598528,-0.123417,LOW,
run_2a2cdbe5,internal,nlp_agnews,2026-03-18T22:28:14.805691+00:00,nlp,agnews,transformer,4,11400,0.1,,,,,n_d_lr_grid,52090756,0.01,32,0.1,adamw,5000,0.263667,0.1875,714,530.51,0.036841,7349013504,-0.076167,LOW,
run_5d56f5e3,internal,nlp_agnews,2026-03-18T22:37:06.236452+00:00,nlp,agnews,transformer,4,11400,0.1,,,,,n_d_lr_grid,52090756,0.003,32,0.1,adamw,5000,0.252,0.1875,714,530.87,0.036866,7349013504,-0.0645,LOW,
run_1aab8eec,internal,nlp_agnews,2026-03-18T22:45:57.585516+00:00,nlp,agnews,transformer,4,11400,0.1,,,,,n_d_lr_grid,52090756,0.001,32,0.1,adamw,5000,0.252,0.1875,357,530.79,0.03686,7349013504,-0.0645,LOW,
run_711ab6b4,internal,nlp_agnews,2026-03-18T22:55:00.749060+00:00,nlp,agnews,transformer,4,11400,0.1,,,,,n_d_lr_grid,52090756,0.0003,32,0.1,adamw,5000,0.769667,0.828125,4998,542.6,0.037681,7349013504,0.058458,MEDIUM,
run_507fa90b,internal,nlp_agnews,2026-03-18T23:04:06.985230+00:00,nlp,agnews,transformer,4,11400,0.1,,,,,n_d_lr_grid,52090756,0.0001,32,0.1,adamw,5000,0.859333,0.875,4641,545.67,0.037894,7349013504,0.015667,LOW,
run_fc62255c,internal,nlp_agnews,2026-03-18T23:13:13.701642+00:00,nlp,agnews,transformer,4,11400,0.1,,,,,n_d_lr_grid,52090756,3e-05,32,0.1,adamw,5000,0.7525,0.6875,5000,546.11,0.037924,7349013504,-0.065,LOW,
run_b2fe6919,internal,nlp_agnews,2026-03-18T23:26:13.770851+00:00,nlp,agnews,transformer,4,11400,0.1,,,,,n_d_lr_grid,66266500,0.01,32,0.1,adamw,5000,0.263667,0.265625,4284,779.43,0.054127,11023223808,0.001958,LOW,
run_2a505b08,internal,nlp_agnews,2026-03-18T23:39:14.985690+00:00,nlp,agnews,transformer,4,11400,0.1,,,,,n_d_lr_grid,66266500,0.003,32,0.1,adamw,5000,0.263667,0.296875,714,780.57,0.054206,11023223808,0.033208,LOW,
run_3ef651a3,internal,nlp_agnews,2026-03-18T23:52:15.724483+00:00,nlp,agnews,transformer,4,11400,0.1,,,,,n_d_lr_grid,66266500,0.001,32,0.1,adamw,5000,0.252,0.296875,357,780.07,0.054172,11023223808,0.044875,LOW,
run_1575d02e,internal,nlp_agnews,2026-03-19T00:05:33.977614+00:00,nlp,agnews,transformer,4,11400,0.1,,,,,n_d_lr_grid,66266500,0.0003,32,0.1,adamw,5000,0.824,0.9375,4641,797.62,0.05539,11023223808,0.1135,MEDIUM,
run_c477b3b3,internal,nlp_agnews,2026-03-19T00:18:52.869270+00:00,nlp,agnews,transformer,4,11400,0.1,,,,,n_d_lr_grid,66266500,0.0001,32,0.1,adamw,5000,0.819833,0.921875,5000,798.25,0.055434,11023223808,0.102042,MEDIUM,
run_c726d28b,internal,nlp_agnews,2026-03-19T00:35:54.178857+00:00,nlp,agnews,transformer,4,11400,0.1,,,,,n_d_lr_grid,66266500,3e-05,32,0.1,adamw,5000,0.62,0.578125,4998,1020.68,0.07088,11023223808,-0.041875,LOW,
run_b00e537b,internal,nlp_agnews,2026-03-19T00:37:17.104383+00:00,nlp,agnews,transformer,4,22800,0.2,,,,,n_d_lr_grid,491836,0.01,32,0.1,adamw,5000,0.8865,0.916667,4278,82.88,0.005756,1311040,0.030167,LOW,
run_830b6d88,internal,nlp_agnews,2026-03-19T00:38:42.827494+00:00,nlp,agnews,transformer,4,22800,0.2,,,,,n_d_lr_grid,491836,0.003,32,0.1,adamw,5000,0.880667,0.9375,1426,85.68,0.00595,1311040,0.056833,MEDIUM,
run_fd2feabc,internal,nlp_agnews,2026-03-19T00:40:07.001753+00:00,nlp,agnews,transformer,4,22800,0.2,,,,,n_d_lr_grid,491836,0.001,32,0.1,adamw,5000,0.897833,0.920139,5000,84.14,0.005843,1311040,0.022306,LOW,
run_2b940f6d,internal,nlp_agnews,2026-03-19T00:41:32.526702+00:00,nlp,agnews,transformer,4,22800,0.2,,,,,n_d_lr_grid,491836,0.0003,32,0.1,adamw,5000,0.897,0.868056,5000,85.49,0.005937,1311040,-0.028944,LOW,
run_ca3c014c,internal,nlp_agnews,2026-03-19T00:42:56.831733+00:00,nlp,agnews,transformer,4,22800,0.2,,,,,n_d_lr_grid,491836,0.0001,32,0.1,adamw,5000,0.765833,0.621528,4991,84.28,0.005852,1311040,-0.144306,LOW,
run_084c261e,internal,nlp_agnews,2026-03-19T00:44:22.952367+00:00,nlp,agnews,transformer,4,22800,0.2,,,,,n_d_lr_grid,491836,3e-05,32,0.1,adamw,5000,0.476667,0.354167,5000,86.09,0.005978,1311040,-0.1225,LOW,
run_a9533617,internal,nlp_agnews,2026-03-19T00:45:46.324407+00:00,nlp,agnews,transformer,4,22800,0.2,,,,,n_d_lr_grid,990068,0.01,32,0.1,adamw,5000,0.263667,0.260417,4278,83.32,0.005786,4195456,-0.00325,LOW,
run_b268eb20,internal,nlp_agnews,2026-03-19T00:47:11.047801+00:00,nlp,agnews,transformer,4,22800,0.2,,,,,n_d_lr_grid,990068,0.003,32,0.1,adamw,5000,0.904333,0.9375,5000,84.69,0.005881,4195456,0.033167,LOW,
run_29ad1282,internal,nlp_agnews,2026-03-19T00:48:37.314237+00:00,nlp,agnews,transformer,4,22800,0.2,,,,,n_d_lr_grid,990068,0.001,32,0.1,adamw,5000,0.893833,0.96875,3565,86.24,0.005989,4195456,0.074917,MEDIUM,
run_c3e0a1e4,internal,nlp_agnews,2026-03-19T00:50:01.475848+00:00,nlp,agnews,transformer,4,22800,0.2,,,,,n_d_lr_grid,990068,0.0003,32,0.1,adamw,5000,0.893167,0.902778,4278,84.12,0.005842,4195456,0.009611,LOW,
run_ef81d2d7,internal,nlp_agnews,2026-03-19T00:51:27.890328+00:00,nlp,agnews,transformer,4,22800,0.2,,,,,n_d_lr_grid,990068,0.0001,32,0.1,adamw,5000,0.860167,0.784722,4991,86.36,0.005997,4195456,-0.075444,LOW,
run_a79eead1,internal,nlp_agnews,2026-03-19T00:52:51.591453+00:00,nlp,agnews,transformer,4,22800,0.2,,,,,n_d_lr_grid,990068,3e-05,32,0.1,adamw,5000,0.549833,0.385417,5000,83.65,0.005809,4195456,-0.164417,LOW,
run_bd0847b4,internal,nlp_agnews,2026-03-19T00:54:07.600719+00:00,nlp,agnews,transformer,4,22800,0.2,,,,,n_d_lr_grid,2055716,0.01,32,0.1,adamw,5000,0.263667,0.204861,2852,75.93,0.005273,29364480,-0.058806,LOW,
run_31f97e5a,internal,nlp_agnews,2026-03-19T00:55:17.916059+00:00,nlp,agnews,transformer,4,22800,0.2,,,,,n_d_lr_grid,2055716,0.003,32,0.1,adamw,5000,0.273667,0.253472,5000,70.26,0.004879,29364480,-0.020194,LOW,
run_42054e8c,internal,nlp_agnews,2026-03-19T00:56:28.924246+00:00,nlp,agnews,transformer,4,22800,0.2,,,,,n_d_lr_grid,2055716,0.001,32,0.1,adamw,5000,0.252,0.246528,713,70.95,0.004927,29364480,-0.005472,LOW,
run_d359fbec,internal,nlp_agnews,2026-03-19T00:57:37.498448+00:00,nlp,agnews,transformer,4,22800,0.2,,,,,n_d_lr_grid,2055716,0.0003,32,0.1,adamw,5000,0.877667,0.90625,5000,68.51,0.004758,29364480,0.028583,LOW,
run_ccc7bee0,internal,nlp_agnews,2026-03-19T00:58:44.581363+00:00,nlp,agnews,transformer,4,22800,0.2,,,,,n_d_lr_grid,2055716,0.0001,32,0.1,adamw,5000,0.877167,0.861111,5000,67.02,0.004654,29364480,-0.016056,LOW,
run_0b4e5cc2,internal,nlp_agnews,2026-03-19T00:59:49.731380+00:00,nlp,agnews,transformer,4,22800,0.2,,,,,n_d_lr_grid,2055716,3e-05,32,0.1,adamw,5000,0.727667,0.638889,5000,65.09,0.00452,29364480,-0.088778,LOW,
run_a212abbd,internal,nlp_agnews,2026-03-19T01:01:36.951353+00:00,nlp,agnews,transformer,4,22800,0.2,,,,,n_d_lr_grid,4312132,0.01,32,0.1,adamw,5000,0.263667,0.208333,2139,107.13,0.00744,109068800,-0.055333,LOW,
run_4d625cf4,internal,nlp_agnews,2026-03-19T01:03:22.171036+00:00,nlp,agnews,transformer,4,22800,0.2,,,,,n_d_lr_grid,4312132,0.003,32,0.1,adamw,5000,0.893667,0.958333,5000,105.12,0.0073,109068800,0.064667,MEDIUM,
run_facc398d,internal,nlp_agnews,2026-03-19T01:04:33.654032+00:00,nlp,agnews,transformer,4,22800,0.2,,,,,n_d_lr_grid,4312132,0.001,32,0.1,adamw,5000,0.892333,0.961806,2852,71.38,0.004957,109068800,0.069472,MEDIUM,
run_990b1dd3,internal,nlp_agnews,2026-03-19T01:06:19.945839+00:00,nlp,agnews,transformer,4,22800,0.2,,,,,n_d_lr_grid,4312132,0.0003,32,0.1,adamw,5000,0.890167,0.892361,4278,106.19,0.007374,109068800,0.002194,LOW,
run_5340c5fb,internal,nlp_agnews,2026-03-19T01:08:06.833426+00:00,nlp,agnews,transformer,4,22800,0.2,,,,,n_d_lr_grid,4312132,0.0001,32,0.1,adamw,5000,0.886667,0.854167,4991,106.75,0.007413,109068800,-0.0325,LOW,
run_895db920,internal,nlp_agnews,2026-03-19T01:09:54.247071+00:00,nlp,agnews,transformer,4,22800,0.2,,,,,n_d_lr_grid,4312132,3e-05,32,0.1,adamw,5000,0.798333,0.673611,5000,107.31,0.007452,109068800,-0.124722,LOW,
run_32244678,internal,nlp_agnews,2026-03-19T01:13:25.922369+00:00,nlp,agnews,transformer,4,22800,0.2,,,,,n_d_lr_grid,10216836,0.01,32,0.1,adamw,5000,0.263667,0.232639,713,211.42,0.014682,629212160,-0.031028,LOW,
run_c8ff2ecb,internal,nlp_agnews,2026-03-19T01:16:56.079988+00:00,nlp,agnews,transformer,4,22800,0.2,,,,,n_d_lr_grid,10216836,0.003,32,0.1,adamw,5000,0.252,0.232639,713,210.0,0.014584,629212160,-0.019361,LOW,
run_e20f00d0,internal,nlp_agnews,2026-03-19T01:20:30.107180+00:00,nlp,agnews,transformer,4,22800,0.2,,,,,n_d_lr_grid,10216836,0.001,32,0.1,adamw,5000,0.252,0.232639,713,213.86,0.014851,629212160,-0.019361,LOW,
run_013342f5,internal,nlp_agnews,2026-03-19T01:24:02.504142+00:00,nlp,agnews,transformer,4,22800,0.2,,,,,n_d_lr_grid,10216836,0.0003,32,0.1,adamw,5000,0.252,0.232639,713,212.23,0.014738,629212160,-0.019361,LOW,
run_ac0d8886,internal,nlp_agnews,2026-03-19T01:27:36.369609+00:00,nlp,agnews,transformer,4,22800,0.2,,,,,n_d_lr_grid,10216836,0.0001,32,0.1,adamw,5000,0.832,0.809028,4991,213.7,0.01484,629212160,-0.022972,LOW,
run_86abd395,internal,nlp_agnews,2026-03-19T01:31:08.291830+00:00,nlp,agnews,transformer,4,22800,0.2,,,,,n_d_lr_grid,10216836,3e-05,32,0.1,adamw,5000,0.8155,0.701389,4991,211.72,0.014703,629212160,-0.114111,LOW,
run_058b7c0b,internal,nlp_agnews,2026-03-19T01:41:01.286842+00:00,nlp,agnews,transformer,4,22800,0.2,,,,,n_d_lr_grid,28370180,0.01,32,0.1,adamw,5000,0.263667,0.260417,3565,592.61,0.041154,3288598528,-0.00325,LOW,
run_f63c7c22,internal,nlp_agnews,2026-03-19T01:49:58.225725+00:00,nlp,agnews,transformer,4,22800,0.2,,,,,n_d_lr_grid,28370180,0.003,32,0.1,adamw,5000,0.263667,0.229167,3565,536.56,0.037261,3288598528,-0.0345,LOW,
run_a110e83d,internal,nlp_agnews,2026-03-19T01:54:32.415819+00:00,nlp,agnews,transformer,4,22800,0.2,,,,,n_d_lr_grid,28370180,0.001,32,0.1,adamw,5000,0.252,0.229167,2139,273.83,0.019016,3288598528,-0.022833,LOW,
run_3e6c1d81,internal,nlp_agnews,2026-03-19T01:59:06.445599+00:00,nlp,agnews,transformer,4,22800,0.2,,,,,n_d_lr_grid,28370180,0.0003,32,0.1,adamw,5000,0.252,0.260417,2852,273.63,0.019002,3288598528,0.008417,LOW,
run_5ec61f13,internal,nlp_agnews,2026-03-19T02:03:46.625213+00:00,nlp,agnews,transformer,4,22800,0.2,,,,,n_d_lr_grid,28370180,0.0001,32,0.1,adamw,5000,0.876,0.899306,4991,279.84,0.019433,3288598528,0.023306,LOW,
run_7bf22317,internal,nlp_agnews,2026-03-19T02:08:28.688553+00:00,nlp,agnews,transformer,4,22800,0.2,,,,,n_d_lr_grid,28370180,3e-05,32,0.1,adamw,5000,0.727667,0.690972,5000,281.71,0.019563,3288598528,-0.036694,LOW,
run_67813580,internal,nlp_agnews,2026-03-19T02:16:53.926785+00:00,nlp,agnews,transformer,4,22800,0.2,,,,,n_d_lr_grid,52090756,0.01,32,0.1,adamw,5000,0.263667,0.243056,713,504.68,0.035047,7349013504,-0.020611,LOW,
run_bf7dbe39,internal,nlp_agnews,2026-03-19T02:25:22.593929+00:00,nlp,agnews,transformer,4,22800,0.2,,,,,n_d_lr_grid,52090756,0.003,32,0.1,adamw,5000,0.263667,0.243056,713,508.03,0.03528,7349013504,-0.020611,LOW,
run_3db6f383,internal,nlp_agnews,2026-03-19T02:33:52.605646+00:00,nlp,agnews,transformer,4,22800,0.2,,,,,n_d_lr_grid,52090756,0.001,32,0.1,adamw,5000,0.263667,0.243056,713,509.39,0.035374,7349013504,-0.020611,LOW,
run_0f0cfd66,internal,nlp_agnews,2026-03-19T02:42:30.357804+00:00,nlp,agnews,transformer,4,22800,0.2,,,,,n_d_lr_grid,52090756,0.0003,32,0.1,adamw,5000,0.886333,0.923611,5000,517.15,0.035913,7349013504,0.037278,LOW,
run_8f0a53da,internal,nlp_agnews,2026-03-19T02:51:05.025043+00:00,nlp,agnews,transformer,4,22800,0.2,,,,,n_d_lr_grid,52090756,0.0001,32,0.1,adamw,5000,0.8875,0.895833,4991,514.11,0.035702,7349013504,0.008333,LOW,
run_32685073,internal,nlp_agnews,2026-03-19T02:59:52.068187+00:00,nlp,agnews,transformer,4,22800,0.2,,,,,n_d_lr_grid,52090756,3e-05,32,0.1,adamw,5000,0.790667,0.701389,5000,526.44,0.036558,7349013504,-0.089278,LOW,
run_0a5b00ae,internal,nlp_agnews,2026-03-19T03:12:20.154421+00:00,nlp,agnews,transformer,4,22800,0.2,,,,,n_d_lr_grid,66266500,0.01,32,0.1,adamw,5000,0.263667,0.211806,3565,747.44,0.051906,11023223808,-0.051861,LOW,
run_7e30a77f,internal,nlp_agnews,2026-03-19T03:24:38.709199+00:00,nlp,agnews,transformer,4,22800,0.2,,,,,n_d_lr_grid,66266500,0.003,32,0.1,adamw,5000,0.263667,0.211806,3565,737.86,0.05124,11023223808,-0.051861,LOW,
run_e981e296,internal,nlp_agnews,2026-03-19T03:36:50.828269+00:00,nlp,agnews,transformer,4,22800,0.2,,,,,n_d_lr_grid,66266500,0.001,32,0.1,adamw,5000,0.263667,0.274306,3565,731.48,0.050797,11023223808,0.010639,LOW,
run_9cbad8f7,internal,nlp_agnews,2026-03-19T03:49:15.590587+00:00,nlp,agnews,transformer,4,22800,0.2,,,,,n_d_lr_grid,66266500,0.0003,32,0.1,adamw,5000,0.737167,0.746528,5000,744.11,0.051675,11023223808,0.009361,LOW,
run_5f5c787a,internal,nlp_agnews,2026-03-19T04:01:44.872066+00:00,nlp,agnews,transformer,4,22800,0.2,,,,,n_d_lr_grid,66266500,0.0001,32,0.1,adamw,5000,0.8555,0.864583,5000,748.63,0.051988,11023223808,0.009083,LOW,
run_3a59e2ff,internal,nlp_agnews,2026-03-19T04:14:14.263948+00:00,nlp,agnews,transformer,4,22800,0.2,,,,,n_d_lr_grid,66266500,3e-05,32,0.1,adamw,5000,0.5565,0.527778,4991,748.75,0.051997,11023223808,-0.028722,LOW,
run_737782da,internal,nlp_agnews,2026-03-19T04:14:55.385464+00:00,nlp,agnews,transformer,4,39900,0.35,,,,,n_d_lr_grid,491836,0.01,32,0.1,adamw,5000,0.8965,0.908854,2494,41.1,0.002854,1311040,0.012354,LOW,
run_3eba14fe,internal,nlp_agnews,2026-03-19T04:15:36.470584+00:00,nlp,agnews,transformer,4,39900,0.35,,,,,n_d_lr_grid,491836,0.003,32,0.1,adamw,5000,0.8915,0.924479,2494,41.06,0.002851,1311040,0.032979,LOW,
run_d4e9f1ec,internal,nlp_agnews,2026-03-19T04:16:18.122085+00:00,nlp,agnews,transformer,4,39900,0.35,,,,,n_d_lr_grid,491836,0.001,32,0.1,adamw,5000,0.903833,0.914062,5000,41.62,0.00289,1311040,0.010229,LOW,
run_a9145dbd,internal,nlp_agnews,2026-03-19T04:16:59.005310+00:00,nlp,agnews,transformer,4,39900,0.35,,,,,n_d_lr_grid,491836,0.0003,32,0.1,adamw,5000,0.863,0.809896,4988,40.85,0.002837,1311040,-0.053104,LOW,
run_64721bdb,internal,nlp_agnews,2026-03-19T04:17:39.936564+00:00,nlp,agnews,transformer,4,39900,0.35,,,,,n_d_lr_grid,491836,0.0001,32,0.1,adamw,5000,0.721,0.658854,4988,40.9,0.002841,1311040,-0.062146,LOW,
run_feabd5ec,internal,nlp_agnews,2026-03-19T04:18:21.225432+00:00,nlp,agnews,transformer,4,39900,0.35,,,,,n_d_lr_grid,491836,3e-05,32,0.1,adamw,5000,0.478,0.382812,5000,41.26,0.002865,1311040,-0.095187,LOW,
run_7be8a8ec,internal,nlp_agnews,2026-03-19T04:19:02.086081+00:00,nlp,agnews,transformer,4,39900,0.35,,,,,n_d_lr_grid,990068,0.01,32,0.1,adamw,5000,0.252,0.289062,1247,40.83,0.002835,4195456,0.037062,LOW,
run_b1b4aa9a,internal,nlp_agnews,2026-03-19T04:19:43.187047+00:00,nlp,agnews,transformer,4,39900,0.35,,,,,n_d_lr_grid,990068,0.003,32,0.1,adamw,5000,0.904833,0.960938,2494,41.07,0.002852,4195456,0.056104,MEDIUM,
run_0e47149b,internal,nlp_agnews,2026-03-19T04:20:25.037713+00:00,nlp,agnews,transformer,4,39900,0.35,,,,,n_d_lr_grid,990068,0.001,32,0.1,adamw,5000,0.9055,0.9375,4988,41.81,0.002903,4195456,0.032,LOW,
run_8bcbb70a,internal,nlp_agnews,2026-03-19T04:21:06.176939+00:00,nlp,agnews,transformer,4,39900,0.35,,,,,n_d_lr_grid,990068,0.0003,32,0.1,adamw,5000,0.890333,0.908854,4988,41.1,0.002854,4195456,0.018521,LOW,
run_985304f7,internal,nlp_agnews,2026-03-19T04:21:47.342247+00:00,nlp,agnews,transformer,4,39900,0.35,,,,,n_d_lr_grid,990068,0.0001,32,0.1,adamw,5000,0.854667,0.794271,4988,41.13,0.002856,4195456,-0.060396,LOW,
run_c7eef2e2,internal,nlp_agnews,2026-03-19T04:22:28.786444+00:00,nlp,agnews,transformer,4,39900,0.35,,,,,n_d_lr_grid,990068,3e-05,32,0.1,adamw,5000,0.572667,0.481771,5000,41.41,0.002875,4195456,-0.090896,LOW,
run_40f9518f,internal,nlp_agnews,2026-03-19T04:23:35.078378+00:00,nlp,agnews,transformer,4,39900,0.35,,,,,n_d_lr_grid,2055716,0.01,32,0.1,adamw,5000,0.263667,0.263021,4988,66.23,0.0046,29364480,-0.000646,LOW,
run_d848f43e,internal,nlp_agnews,2026-03-19T04:24:46.726067+00:00,nlp,agnews,transformer,4,39900,0.35,,,,,n_d_lr_grid,2055716,0.003,32,0.1,adamw,5000,0.904667,0.942708,4988,71.58,0.004971,29364480,0.038042,LOW,
run_677c63b8,internal,nlp_agnews,2026-03-19T04:25:49.520865+00:00,nlp,agnews,transformer,4,39900,0.35,,,,,n_d_lr_grid,2055716,0.001,32,0.1,adamw,5000,0.252,0.265625,4988,62.74,0.004357,29364480,0.013625,LOW,
run_ade4dd2e,internal,nlp_agnews,2026-03-19T04:27:07.972964+00:00,nlp,agnews,transformer,4,39900,0.35,,,,,n_d_lr_grid,2055716,0.0003,32,0.1,adamw,5000,0.252,0.265625,4988,78.39,0.005444,29364480,0.013625,LOW,
run_e3a7193a,internal,nlp_agnews,2026-03-19T04:28:29.742265+00:00,nlp,agnews,transformer,4,39900,0.35,,,,,n_d_lr_grid,2055716,0.0001,32,0.1,adamw,5000,0.888667,0.838542,4988,81.7,0.005673,29364480,-0.050125,LOW,
run_2f4f3bc8,internal,nlp_agnews,2026-03-19T04:29:32.234523+00:00,nlp,agnews,transformer,4,39900,0.35,,,,,n_d_lr_grid,2055716,3e-05,32,0.1,adamw,5000,0.778667,0.679688,5000,62.45,0.004337,29364480,-0.098979,LOW,
run_f06b74dc,internal,nlp_agnews,2026-03-19T04:30:43.557215+00:00,nlp,agnews,transformer,4,39900,0.35,,,,,n_d_lr_grid,4312132,0.01,32,0.1,adamw,5000,0.263667,0.286458,2494,71.25,0.004948,109068800,0.022792,LOW,
run_5190a4ce,internal,nlp_agnews,2026-03-19T04:31:49.848302+00:00,nlp,agnews,transformer,4,39900,0.35,,,,,n_d_lr_grid,4312132,0.003,32,0.1,adamw,5000,0.263667,0.286458,2494,66.2,0.004597,109068800,0.022792,LOW,
run_98c6191f,internal,nlp_agnews,2026-03-19T04:32:54.940957+00:00,nlp,agnews,transformer,4,39900,0.35,,,,,n_d_lr_grid,4312132,0.001,32,0.1,adamw,5000,0.252,0.286458,1247,64.99,0.004513,109068800,0.034458,LOW,
run_c1ac9bcc,internal,nlp_agnews,2026-03-19T04:34:03.069287+00:00,nlp,agnews,transformer,4,39900,0.35,,,,,n_d_lr_grid,4312132,0.0003,32,0.1,adamw,5000,0.906333,0.901042,5000,68.03,0.004724,109068800,-0.005292,LOW,
run_86bbb646,internal,nlp_agnews,2026-03-19T04:35:12.371275+00:00,nlp,agnews,transformer,4,39900,0.35,,,,,n_d_lr_grid,4312132,0.0001,32,0.1,adamw,5000,0.891,0.846354,4988,69.2,0.004805,109068800,-0.044646,LOW,
run_7d51bace,internal,nlp_agnews,2026-03-19T04:36:19.460915+00:00,nlp,agnews,transformer,4,39900,0.35,,,,,n_d_lr_grid,4312132,3e-05,32,0.1,adamw,5000,0.812667,0.664062,4988,66.99,0.004652,109068800,-0.148604,LOW,
run_43ab4e5f,internal,nlp_agnews,2026-03-19T04:38:13.941709+00:00,nlp,agnews,transformer,4,39900,0.35,,,,,n_d_lr_grid,10216836,0.01,32,0.1,adamw,5000,0.252,0.229167,2494,114.33,0.007939,629212160,-0.022833,LOW,
run_2df88c55,internal,nlp_agnews,2026-03-19T04:40:04.534531+00:00,nlp,agnews,transformer,4,39900,0.35,,,,,n_d_lr_grid,10216836,0.003,32,0.1,adamw,5000,0.252,0.265625,2494,110.44,0.007669,629212160,0.013625,LOW,
run_725185c8,internal,nlp_agnews,2026-03-19T04:41:56.376658+00:00,nlp,agnews,transformer,4,39900,0.35,,,,,n_d_lr_grid,10216836,0.001,32,0.1,adamw,5000,0.263667,0.247396,3741,111.69,0.007756,629212160,-0.016271,LOW,
run_71052274,internal,nlp_agnews,2026-03-19T04:43:48.478975+00:00,nlp,agnews,transformer,4,39900,0.35,,,,,n_d_lr_grid,10216836,0.0003,32,0.1,adamw,5000,0.858,0.888021,4988,111.95,0.007774,629212160,0.030021,LOW,
run_7850b3ec,internal,nlp_agnews,2026-03-19T04:45:38.764993+00:00,nlp,agnews,transformer,4,39900,0.35,,,,,n_d_lr_grid,10216836,0.0001,32,0.1,adamw,5000,0.895833,0.859375,5000,110.08,0.007645,629212160,-0.036458,LOW,
run_5fd66dfe,internal,nlp_agnews,2026-03-19T04:47:29.587361+00:00,nlp,agnews,transformer,4,39900,0.35,,,,,n_d_lr_grid,10216836,3e-05,32,0.1,adamw,5000,0.792667,0.697917,4988,110.67,0.007685,629212160,-0.09475,LOW,
run_31677543,internal,nlp_agnews,2026-03-19T04:51:52.959908+00:00,nlp,agnews,transformer,4,39900,0.35,,,,,n_d_lr_grid,28370180,0.01,32,0.1,adamw,5000,0.263667,0.221354,5000,263.01,0.018265,3288598528,-0.042313,LOW,
run_ffc57e48,internal,nlp_agnews,2026-03-19T04:56:18.660472+00:00,nlp,agnews,transformer,4,39900,0.35,,,,,n_d_lr_grid,28370180,0.003,32,0.1,adamw,5000,0.263667,0.289062,1247,265.36,0.018428,3288598528,0.025396,LOW,
run_4d15d6af,internal,nlp_agnews,2026-03-19T05:03:06.303255+00:00,nlp,agnews,transformer,4,39900,0.35,,,,,n_d_lr_grid,28370180,0.001,32,0.1,adamw,5000,0.263667,0.239583,1247,407.29,0.028284,3288598528,-0.024083,LOW,
run_8a8785c7,internal,nlp_agnews,2026-03-19T05:12:59.986668+00:00,nlp,agnews,transformer,4,39900,0.35,,,,,n_d_lr_grid,28370180,0.0003,32,0.1,adamw,5000,0.867667,0.888021,4988,593.26,0.041199,3288598528,0.020354,LOW,
run_1de4a2d8,internal,nlp_agnews,2026-03-19T05:22:53.201684+00:00,nlp,agnews,transformer,4,39900,0.35,,,,,n_d_lr_grid,28370180,0.0001,32,0.1,adamw,5000,0.872,0.856771,4988,592.79,0.041166,3288598528,-0.015229,LOW,
run_c25f2410,internal,nlp_agnews,2026-03-19T05:32:46.995036+00:00,nlp,agnews,transformer,4,39900,0.35,,,,,n_d_lr_grid,28370180,3e-05,32,0.1,adamw,5000,0.725,0.625,4988,593.38,0.041207,3288598528,-0.1,LOW,
run_67cbf952,internal,nlp_agnews,2026-03-19T05:50:30.918189+00:00,nlp,agnews,transformer,4,39900,0.35,,,,,n_d_lr_grid,52090756,0.01,32,0.1,adamw,5000,0.263667,0.213542,3741,1063.27,0.073838,7349013504,-0.050125,LOW,
run_d00929c5,internal,nlp_agnews,2026-03-19T06:08:14.589698+00:00,nlp,agnews,transformer,4,39900,0.35,,,,,n_d_lr_grid,52090756,0.003,32,0.1,adamw,5000,0.252,0.289062,4988,1063.03,0.073821,7349013504,0.037062,LOW,
run_2caa9ad2,internal,nlp_agnews,2026-03-19T06:25:58.123327+00:00,nlp,agnews,transformer,4,39900,0.35,,,,,n_d_lr_grid,52090756,0.001,32,0.1,adamw,5000,0.263667,0.289062,1247,1062.84,0.073808,7349013504,0.025396,LOW,
run_9c8dbcfb,internal,nlp_agnews,2026-03-19T06:43:40.879648+00:00,nlp,agnews,transformer,4,39900,0.35,,,,,n_d_lr_grid,52090756,0.0003,32,0.1,adamw,5000,0.8785,0.875,4988,1062.12,0.073758,7349013504,-0.0035,LOW,
run_6a57449d,internal,nlp_agnews,2026-03-19T07:01:07.447392+00:00,nlp,agnews,transformer,4,39900,0.35,,,,,n_d_lr_grid,52090756,0.0001,32,0.1,adamw,5000,0.881667,0.854167,4988,1045.89,0.072632,7349013504,-0.0275,LOW,
run_865011f0,internal,nlp_agnews,2026-03-19T07:16:28.052637+00:00,nlp,agnews,transformer,4,39900,0.35,,,,,n_d_lr_grid,52090756,3e-05,32,0.1,adamw,5000,0.688167,0.575521,5000,919.9,0.063882,7349013504,-0.112646,LOW,
run_f67e1152,internal,nlp_agnews,2026-03-19T07:40:24.396224+00:00,nlp,agnews,transformer,4,39900,0.35,,,,,n_d_lr_grid,66266500,0.01,32,0.1,adamw,5000,0.263667,0.221354,1247,1435.5,0.099688,11023223808,-0.042313,LOW,
run_408a6e73,internal,nlp_agnews,2026-03-19T08:04:21.211778+00:00,nlp,agnews,transformer,4,39900,0.35,,,,,n_d_lr_grid,66266500,0.003,32,0.1,adamw,5000,0.263667,0.239583,1247,1436.05,0.099726,11023223808,-0.024083,LOW,
run_3ac8600b,internal,nlp_agnews,2026-03-19T08:28:27.966611+00:00,nlp,agnews,transformer,4,39900,0.35,,,,,n_d_lr_grid,66266500,0.001,32,0.1,adamw,5000,0.263667,0.252604,1247,1446.0,0.100417,11023223808,-0.011062,LOW,
run_851db546,internal,nlp_agnews,2026-03-19T08:49:33.795677+00:00,nlp,agnews,transformer,4,39900,0.35,,,,,n_d_lr_grid,66266500,0.0003,32,0.1,adamw,5000,0.263667,0.252604,1247,1265.08,0.087853,11023223808,-0.011062,LOW,
run_a9542c9e,internal,nlp_agnews,2026-03-19T09:01:37.916935+00:00,nlp,agnews,transformer,4,39900,0.35,,,,,n_d_lr_grid,66266500,0.0001,32,0.1,adamw,5000,0.295167,0.291667,5000,723.47,0.050241,11023223808,-0.0035,LOW,
run_f031c6a6,internal,nlp_agnews,2026-03-19T09:13:48.925558+00:00,nlp,agnews,transformer,4,39900,0.35,,,,,n_d_lr_grid,66266500,3e-05,32,0.1,adamw,5000,0.66,0.567708,4988,730.35,0.050719,11023223808,-0.092292,LOW,
run_df6999c2,internal,nlp_agnews,2026-03-19T09:14:26.085924+00:00,nlp,agnews,transformer,4,57000,0.5,,,,,n_d_lr_grid,491836,0.01,32,0.1,adamw,5000,0.900167,0.888492,1782,37.11,0.002577,1311040,-0.011674,LOW,
run_8f85c713,internal,nlp_agnews,2026-03-19T09:15:03.177583+00:00,nlp,agnews,transformer,4,57000,0.5,,,,,n_d_lr_grid,491836,0.003,32,0.1,adamw,5000,0.908,0.905706,5000,37.07,0.002574,1311040,-0.002294,LOW,
run_e3f17823,internal,nlp_agnews,2026-03-19T09:15:40.051343+00:00,nlp,agnews,transformer,4,57000,0.5,,,,,n_d_lr_grid,491836,0.001,32,0.1,adamw,5000,0.905167,0.894629,5000,36.85,0.002559,1311040,-0.010537,LOW,
run_ad61adf1,internal,nlp_agnews,2026-03-19T09:16:17.569340+00:00,nlp,agnews,transformer,4,57000,0.5,,,,,n_d_lr_grid,491836,0.0003,32,0.1,adamw,5000,0.882667,0.812217,5000,37.49,0.002604,1311040,-0.07045,LOW,
run_5e14a284,internal,nlp_agnews,2026-03-19T09:16:55.097594+00:00,nlp,agnews,transformer,4,57000,0.5,,,,,n_d_lr_grid,491836,0.0001,32,0.1,adamw,5000,0.7095,0.593728,5000,37.5,0.002604,1311040,-0.115772,LOW,
run_5b12daa5,internal,nlp_agnews,2026-03-19T09:17:32.818520+00:00,nlp,agnews,transformer,4,57000,0.5,,,,,n_d_lr_grid,491836,3e-05,32,0.1,adamw,5000,0.451167,0.366382,3564,37.69,0.002618,1311040,-0.084784,LOW,
run_ff844590,internal,nlp_agnews,2026-03-19T09:18:11.215817+00:00,nlp,agnews,transformer,4,57000,0.5,,,,,n_d_lr_grid,990068,0.01,32,0.1,adamw,5000,0.252,0.25185,1782,38.36,0.002664,4195456,-0.00015,LOW,
run_807a31d8,internal,nlp_agnews,2026-03-19T09:18:49.116270+00:00,nlp,agnews,transformer,4,57000,0.5,,,,,n_d_lr_grid,990068,0.003,32,0.1,adamw,5000,0.9085,0.924356,5000,37.86,0.002629,4195456,0.015856,LOW,
run_f8ad8c2e,internal,nlp_agnews,2026-03-19T09:19:27.731000+00:00,nlp,agnews,transformer,4,57000,0.5,,,,,n_d_lr_grid,990068,0.001,32,0.1,adamw,5000,0.913667,0.918763,5000,38.58,0.002679,4195456,0.005096,LOW,
run_2df379bd,internal,nlp_agnews,2026-03-19T09:20:06.059270+00:00,nlp,agnews,transformer,4,57000,0.5,,,,,n_d_lr_grid,990068,0.0003,32,0.1,adamw,5000,0.898333,0.883618,5000,38.29,0.002659,4195456,-0.014716,LOW,
run_c5f3594f,internal,nlp_agnews,2026-03-19T09:20:49.630185+00:00,nlp,agnews,transformer,4,57000,0.5,,,,,n_d_lr_grid,990068,0.0001,32,0.1,adamw,5000,0.852333,0.764428,5000,43.53,0.003023,4195456,-0.087905,LOW,
run_ae19fd25,internal,nlp_agnews,2026-03-19T09:22:26.352982+00:00,nlp,agnews,transformer,4,57000,0.5,,,,,n_d_lr_grid,990068,3e-05,32,0.1,adamw,5000,0.552,0.437239,5000,96.65,0.006712,4195456,-0.114761,LOW,
run_9dd74f0c,internal,nlp_agnews,2026-03-19T09:24:19.870185+00:00,nlp,agnews,transformer,4,57000,0.5,,,,,n_d_lr_grid,2055716,0.01,32,0.1,adamw,5000,0.263667,0.252807,1782,113.38,0.007874,29364480,-0.010859,LOW,
run_2b178c75,internal,nlp_agnews,2026-03-19T09:26:06.421945+00:00,nlp,agnews,transformer,4,57000,0.5,,,,,n_d_lr_grid,2055716,0.003,32,0.1,adamw,5000,0.913833,0.898916,5000,106.42,0.00739,29364480,-0.014917,LOW,
run_c0b1cf6e,internal,nlp_agnews,2026-03-19T09:27:49.840327+00:00,nlp,agnews,transformer,4,57000,0.5,,,,,n_d_lr_grid,2055716,0.001,32,0.1,adamw,5000,0.252,0.248868,5000,103.3,0.007174,29364480,-0.003132,LOW,
run_0e24da1a,internal,nlp_agnews,2026-03-19T09:29:31.813690+00:00,nlp,agnews,transformer,4,57000,0.5,,,,,n_d_lr_grid,2055716,0.0003,32,0.1,adamw,5000,0.903,0.883465,5000,101.9,0.007076,29364480,-0.019535,LOW,
run_da298f1f,internal,nlp_agnews,2026-03-19T09:31:13.610509+00:00,nlp,agnews,transformer,4,57000,0.5,,,,,n_d_lr_grid,2055716,0.0001,32,0.1,adamw,5000,0.898333,0.843772,5000,101.69,0.007062,29364480,-0.054562,LOW,
run_654bd95a,internal,nlp_agnews,2026-03-19T09:32:55.679212+00:00,nlp,agnews,transformer,4,57000,0.5,,,,,n_d_lr_grid,2055716,3e-05,32,0.1,adamw,5000,0.717667,0.578256,5000,101.99,0.007082,29364480,-0.139411,LOW,
run_bc909f51,internal,nlp_agnews,2026-03-19T09:34:50.451202+00:00,nlp,agnews,transformer,4,57000,0.5,,,,,n_d_lr_grid,4312132,0.01,32,0.1,adamw,5000,0.252,0.248498,1782,114.64,0.007961,109068800,-0.003502,LOW,
run_3198a9b8,internal,nlp_agnews,2026-03-19T09:36:45.318825+00:00,nlp,agnews,transformer,4,57000,0.5,,,,,n_d_lr_grid,4312132,0.003,32,0.1,adamw,5000,0.263667,0.247302,3564,114.74,0.007968,109068800,-0.016365,LOW,
run_d0f25ada,internal,nlp_agnews,2026-03-19T09:38:40.946224+00:00,nlp,agnews,transformer,4,57000,0.5,,,,,n_d_lr_grid,4312132,0.001,32,0.1,adamw,5000,0.910333,0.925531,5000,115.52,0.008022,109068800,0.015198,LOW,
run_56abac46,internal,nlp_agnews,2026-03-19T09:40:36.391426+00:00,nlp,agnews,transformer,4,57000,0.5,,,,,n_d_lr_grid,4312132,0.0003,32,0.1,adamw,5000,0.905167,0.896218,5000,115.31,0.008008,109068800,-0.008949,LOW,
run_235f55d9,internal,nlp_agnews,2026-03-19T09:42:31.654881+00:00,nlp,agnews,transformer,4,57000,0.5,,,,,n_d_lr_grid,4312132,0.0001,32,0.1,adamw,5000,0.867667,0.827298,3564,115.13,0.007995,109068800,-0.040369,LOW,
run_4aa19696,internal,nlp_agnews,2026-03-19T09:44:26.674219+00:00,nlp,agnews,transformer,4,57000,0.5,,,,,n_d_lr_grid,4312132,3e-05,32,0.1,adamw,5000,0.700333,0.662365,5000,114.89,0.007978,109068800,-0.037968,LOW,
run_6ebdfa71,internal,nlp_agnews,2026-03-19T09:47:57.799284+00:00,nlp,agnews,transformer,4,57000,0.5,,,,,n_d_lr_grid,10216836,0.01,32,0.1,adamw,5000,0.263667,0.249587,1782,210.9,0.014646,629212160,-0.01408,LOW,
run_9f8aad89,internal,nlp_agnews,2026-03-19T09:51:29.114346+00:00,nlp,agnews,transformer,4,57000,0.5,,,,,n_d_lr_grid,10216836,0.003,32,0.1,adamw,5000,0.252,0.248303,1782,211.08,0.014658,629212160,-0.003697,LOW,
run_8750496b,internal,nlp_agnews,2026-03-19T09:55:00.177055+00:00,nlp,agnews,transformer,4,57000,0.5,,,,,n_d_lr_grid,10216836,0.001,32,0.1,adamw,5000,0.252,0.248607,1782,210.86,0.014643,629212160,-0.003393,LOW,
run_f579911d,internal,nlp_agnews,2026-03-19T09:58:31.230932+00:00,nlp,agnews,transformer,4,57000,0.5,,,,,n_d_lr_grid,10216836,0.0003,32,0.1,adamw,5000,0.9075,0.893737,5000,210.84,0.014641,629212160,-0.013763,LOW,
run_a910e105,internal,nlp_agnews,2026-03-19T10:02:02.407638+00:00,nlp,agnews,transformer,4,57000,0.5,,,,,n_d_lr_grid,10216836,0.0001,32,0.1,adamw,5000,0.8835,0.831063,5000,210.94,0.014648,629212160,-0.052437,LOW,
run_fe2754e0,internal,nlp_agnews,2026-03-19T10:05:33.826916+00:00,nlp,agnews,transformer,4,57000,0.5,,,,,n_d_lr_grid,10216836,3e-05,32,0.1,adamw,5000,0.699833,0.603978,5000,211.16,0.014664,629212160,-0.095855,LOW,
run_48652c2a,internal,nlp_agnews,2026-03-19T10:15:22.164926+00:00,nlp,agnews,transformer,4,57000,0.5,,,,,n_d_lr_grid,28370180,0.01,32,0.1,adamw,5000,0.263667,0.248651,3564,587.92,0.040827,3288598528,-0.015016,LOW,
run_fc596f0e,internal,nlp_agnews,2026-03-19T10:25:45.534230+00:00,nlp,agnews,transformer,4,57000,0.5,,,,,n_d_lr_grid,28370180,0.003,32,0.1,adamw,5000,0.263667,0.24839,1782,622.93,0.043259,3288598528,-0.015277,LOW,
run_1e4d9ad1,internal,nlp_agnews,2026-03-19T10:35:31.880179+00:00,nlp,agnews,transformer,4,57000,0.5,,,,,n_d_lr_grid,28370180,0.001,32,0.1,adamw,5000,0.263667,0.247867,3564,585.93,0.040689,3288598528,-0.015799,LOW,
run_d7de5ea1,internal,nlp_agnews,2026-03-19T10:45:22.348362+00:00,nlp,agnews,transformer,4,57000,0.5,,,,,n_d_lr_grid,28370180,0.0003,32,0.1,adamw,5000,0.8845,0.845317,5000,590.03,0.040974,3288598528,-0.039183,LOW,
run_8261f9d0,internal,nlp_agnews,2026-03-19T10:56:09.461894+00:00,nlp,agnews,transformer,4,57000,0.5,,,,,n_d_lr_grid,28370180,0.0001,32,0.1,adamw,5000,0.865333,0.785428,5000,646.66,0.044907,3288598528,-0.079905,LOW,
run_01f24cea,internal,nlp_agnews,2026-03-19T11:05:51.924104+00:00,nlp,agnews,transformer,4,57000,0.5,,,,,n_d_lr_grid,28370180,3e-05,32,0.1,adamw,5000,0.774167,0.573272,5000,582.03,0.040419,3288598528,-0.200895,LOW,
run_65b184b0,internal,nlp_agnews,2026-03-19T11:16:06.749362+00:00,nlp,agnews,transformer,4,57000,0.5,,,,,n_d_lr_grid,52090756,0.01,32,0.1,adamw,5000,0.252,0.249782,3564,614.18,0.042651,7349013504,-0.002218,LOW,
run_822eebb4,internal,nlp_agnews,2026-03-19T11:23:59.720358+00:00,nlp,agnews,transformer,4,57000,0.5,,,,,n_d_lr_grid,52090756,0.003,32,0.1,adamw,5000,0.252,0.249217,3564,472.4,0.032806,7349013504,-0.002783,LOW,
run_b0dcd67b,internal,nlp_agnews,2026-03-19T11:32:00.473122+00:00,nlp,agnews,transformer,4,57000,0.5,,,,,n_d_lr_grid,52090756,0.001,32,0.1,adamw,5000,0.252,0.251306,3564,480.17,0.033345,7349013504,-0.000694,LOW,
run_f637f04e,internal,nlp_agnews,2026-03-19T11:40:14.319954+00:00,nlp,agnews,transformer,4,57000,0.5,,,,,n_d_lr_grid,52090756,0.0003,32,0.1,adamw,5000,0.849833,0.66576,5000,493.24,0.034253,7349013504,-0.184073,LOW,
run_1661ffdd,internal,nlp_agnews,2026-03-19T11:48:51.209915+00:00,nlp,agnews,transformer,4,57000,0.5,,,,,n_d_lr_grid,52090756,0.0001,32,0.1,adamw,5000,0.86,0.808909,5000,516.32,0.035856,7349013504,-0.051091,LOW,
run_6b11da85,internal,nlp_agnews,2026-03-19T11:58:16.865490+00:00,nlp,agnews,transformer,4,57000,0.5,,,,,n_d_lr_grid,52090756,3e-05,32,0.1,adamw,5000,0.605333,0.499521,5000,565.05,0.03924,7349013504,-0.105812,LOW,
run_2c56e2ed,internal,nlp_agnews,2026-03-19T12:11:26.849052+00:00,nlp,agnews,transformer,4,57000,0.5,,,,,n_d_lr_grid,66266500,0.01,32,0.1,adamw,5000,0.263667,0.251502,1782,789.34,0.054815,11023223808,-0.012165,LOW,
run_c0bf950a,internal,nlp_agnews,2026-03-19T12:23:18.765438+00:00,nlp,agnews,transformer,4,57000,0.5,,,,,n_d_lr_grid,66266500,0.003,32,0.1,adamw,5000,0.263667,0.248542,1782,711.25,0.049393,11023223808,-0.015125,LOW,
run_2119bb7d,internal,nlp_agnews,2026-03-19T12:35:04.935622+00:00,nlp,agnews,transformer,4,57000,0.5,,,,,n_d_lr_grid,66266500,0.001,32,0.1,adamw,5000,0.263667,0.247127,1782,705.51,0.048994,11023223808,-0.016539,LOW,
run_78858c4a,internal,nlp_agnews,2026-03-19T12:46:57.491303+00:00,nlp,agnews,transformer,4,57000,0.5,,,,,n_d_lr_grid,66266500,0.0003,32,0.1,adamw,5000,0.288833,0.261947,1782,711.91,0.049438,11023223808,-0.026886,LOW,
run_c22d75e7,internal,nlp_agnews,2026-03-19T12:59:02.925011+00:00,nlp,agnews,transformer,4,57000,0.5,,,,,n_d_lr_grid,66266500,0.0001,32,0.1,adamw,5000,0.811667,0.738466,5000,724.75,0.05033,11023223808,-0.0732,LOW,
run_af4156e8,internal,nlp_agnews,2026-03-19T13:11:00.792091+00:00,nlp,agnews,transformer,4,57000,0.5,,,,,n_d_lr_grid,66266500,3e-05,32,0.1,adamw,5000,0.525167,0.502372,5000,717.18,0.049804,11023223808,-0.022795,LOW,
run_f1248298,internal,nlp_agnews,2026-03-19T13:11:37.134860+00:00,nlp,agnews,transformer,4,85500,0.75,,,,,n_d_lr_grid,491836,0.01,32,0.1,adamw,5000,0.897833,0.880437,5000,36.31,0.002522,1311040,-0.017397,LOW,
run_76b5315c,internal,nlp_agnews,2026-03-19T13:12:14.438001+00:00,nlp,agnews,transformer,4,85500,0.75,,,,,n_d_lr_grid,491836,0.003,32,0.1,adamw,5000,0.901833,0.889135,5000,37.28,0.002589,1311040,-0.012698,LOW,
run_b9cf0fbc,internal,nlp_agnews,2026-03-19T13:12:50.546448+00:00,nlp,agnews,transformer,4,85500,0.75,,,,,n_d_lr_grid,491836,0.001,32,0.1,adamw,5000,0.885833,0.880517,2672,36.08,0.002506,1311040,-0.005316,LOW,
run_fb16fc65,internal,nlp_agnews,2026-03-19T13:13:28.245803+00:00,nlp,agnews,transformer,4,85500,0.75,,,,,n_d_lr_grid,491836,0.0003,32,0.1,adamw,5000,0.895833,0.83379,5000,37.67,0.002616,1311040,-0.062044,LOW,
run_30ae62a1,internal,nlp_agnews,2026-03-19T13:14:05.493703+00:00,nlp,agnews,transformer,4,85500,0.75,,,,,n_d_lr_grid,491836,0.0001,32,0.1,adamw,5000,0.770667,0.593992,5000,37.22,0.002585,1311040,-0.176675,LOW,
run_da57e3c4,internal,nlp_agnews,2026-03-19T13:14:42.279064+00:00,nlp,agnews,transformer,4,85500,0.75,,,,,n_d_lr_grid,491836,3e-05,32,0.1,adamw,5000,0.471,0.350381,5000,36.76,0.002553,1311040,-0.120619,LOW,
run_9aad375f,internal,nlp_agnews,2026-03-19T13:15:19.318575+00:00,nlp,agnews,transformer,4,85500,0.75,,,,,n_d_lr_grid,990068,0.01,32,0.1,adamw,5000,0.902167,0.892826,5000,37.0,0.00257,4195456,-0.00934,LOW,
run_bb237be5,internal,nlp_agnews,2026-03-19T13:15:55.707830+00:00,nlp,agnews,transformer,4,85500,0.75,,,,,n_d_lr_grid,990068,0.003,32,0.1,adamw,5000,0.9145,0.899391,5000,36.35,0.002524,4195456,-0.015109,LOW,
run_cfbdf894,internal,nlp_agnews,2026-03-19T13:16:32.479381+00:00,nlp,agnews,transformer,4,85500,0.75,,,,,n_d_lr_grid,990068,0.001,32,0.1,adamw,5000,0.907667,0.906827,2672,36.73,0.002551,4195456,-0.000839,LOW,
run_3cbe78a7,internal,nlp_agnews,2026-03-19T13:17:08.798715+00:00,nlp,agnews,transformer,4,85500,0.75,,,,,n_d_lr_grid,990068,0.0003,32,0.1,adamw,5000,0.894,0.85912,5000,36.28,0.002519,4195456,-0.03488,LOW,
run_661d415a,internal,nlp_agnews,2026-03-19T13:17:45.452697+00:00,nlp,agnews,transformer,4,85500,0.75,,,,,n_d_lr_grid,990068,0.0001,32,0.1,adamw,5000,0.8565,0.738939,5000,36.62,0.002543,4195456,-0.117561,LOW,
run_133a6e44,internal,nlp_agnews,2026-03-19T13:18:21.786081+00:00,nlp,agnews,transformer,4,85500,0.75,,,,,n_d_lr_grid,990068,3e-05,32,0.1,adamw,5000,0.5325,0.417338,5000,36.3,0.002521,4195456,-0.115162,LOW,
run_ca960add,internal,nlp_agnews,2026-03-19T13:19:17.427511+00:00,nlp,agnews,transformer,4,85500,0.75,,,,,n_d_lr_grid,2055716,0.01,32,0.1,adamw,5000,0.263667,0.249356,2672,55.58,0.00386,29364480,-0.014311,LOW,
run_a5997397,internal,nlp_agnews,2026-03-19T13:20:15.753520+00:00,nlp,agnews,transformer,4,85500,0.75,,,,,n_d_lr_grid,2055716,0.003,32,0.1,adamw,5000,0.666333,0.259276,5000,58.26,0.004046,29364480,-0.407058,LOW,
run_be40e061,internal,nlp_agnews,2026-03-19T13:21:15.386259+00:00,nlp,agnews,transformer,4,85500,0.75,,,,,n_d_lr_grid,2055716,0.001,32,0.1,adamw,5000,0.263667,0.249476,2672,59.57,0.004137,29364480,-0.01419,LOW,
run_004f1706,internal,nlp_agnews,2026-03-19T13:22:14.517074+00:00,nlp,agnews,transformer,4,85500,0.75,,,,,n_d_lr_grid,2055716,0.0003,32,0.1,adamw,5000,0.8995,0.866489,5000,59.07,0.004102,29364480,-0.033011,LOW,
run_9f191888,internal,nlp_agnews,2026-03-19T13:23:11.156524+00:00,nlp,agnews,transformer,4,85500,0.75,,,,,n_d_lr_grid,2055716,0.0001,32,0.1,adamw,5000,0.849333,0.786244,5000,56.58,0.003929,29364480,-0.06309,LOW,
run_fe8041b2,internal,nlp_agnews,2026-03-19T13:24:08.109205+00:00,nlp,agnews,transformer,4,85500,0.75,,,,,n_d_lr_grid,2055716,3e-05,32,0.1,adamw,5000,0.7975,0.550915,5000,56.89,0.003951,29364480,-0.246585,LOW,
run_af200035,internal,nlp_agnews,2026-03-19T13:25:08.389873+00:00,nlp,agnews,transformer,4,85500,0.75,,,,,n_d_lr_grid,4312132,0.01,32,0.1,adamw,5000,0.263667,0.248107,2672,60.18,0.004179,109068800,-0.015559,LOW,
run_7e117e20,internal,nlp_agnews,2026-03-19T13:26:08.213244+00:00,nlp,agnews,transformer,4,85500,0.75,,,,,n_d_lr_grid,4312132,0.003,32,0.1,adamw,5000,0.263667,0.248819,2672,59.74,0.004148,109068800,-0.014848,LOW,
run_29ceab90,internal,nlp_agnews,2026-03-19T13:27:07.394971+00:00,nlp,agnews,transformer,4,85500,0.75,,,,,n_d_lr_grid,4312132,0.001,32,0.1,adamw,5000,0.263667,0.24906,5000,59.08,0.004103,109068800,-0.014606,LOW,
run_f7c29285,internal,nlp_agnews,2026-03-19T13:28:16.568761+00:00,nlp,agnews,transformer,4,85500,0.75,,,,,n_d_lr_grid,4312132,0.0003,32,0.1,adamw,5000,0.9025,0.87598,5000,69.08,0.004797,109068800,-0.02652,LOW,
run_88633a56,internal,nlp_agnews,2026-03-19T13:29:21.659872+00:00,nlp,agnews,transformer,4,85500,0.75,,,,,n_d_lr_grid,4312132,0.0001,32,0.1,adamw,5000,0.8825,0.800902,5000,64.99,0.004513,109068800,-0.081598,LOW,
run_a63d0732,internal,nlp_agnews,2026-03-19T13:30:24.122204+00:00,nlp,agnews,transformer,4,85500,0.75,,,,,n_d_lr_grid,4312132,3e-05,32,0.1,adamw,5000,0.810833,0.6081,5000,62.36,0.004331,109068800,-0.202734,LOW,
run_d9a412b2,internal,nlp_agnews,2026-03-19T13:32:16.482593+00:00,nlp,agnews,transformer,4,85500,0.75,,,,,n_d_lr_grid,10216836,0.01,32,0.1,adamw,5000,0.263667,0.250201,2672,112.16,0.007789,629212160,-0.013465,LOW,
run_c24669d1,internal,nlp_agnews,2026-03-19T13:34:05.157326+00:00,nlp,agnews,transformer,4,85500,0.75,,,,,n_d_lr_grid,10216836,0.003,32,0.1,adamw,5000,0.263667,0.248913,2672,108.52,0.007536,629212160,-0.014754,LOW,
run_d0de602a,internal,nlp_agnews,2026-03-19T13:35:53.054568+00:00,nlp,agnews,transformer,4,85500,0.75,,,,,n_d_lr_grid,10216836,0.001,32,0.1,adamw,5000,0.263667,0.249758,5000,107.72,0.007481,629212160,-0.013908,LOW,
run_b7eb9cbc,internal,nlp_agnews,2026-03-19T13:37:45.617484+00:00,nlp,agnews,transformer,4,85500,0.75,,,,,n_d_lr_grid,10216836,0.0003,32,0.1,adamw,5000,0.895,0.875537,5000,112.41,0.007806,629212160,-0.019463,LOW,
run_dd730fe1,internal,nlp_agnews,2026-03-19T13:39:38.311574+00:00,nlp,agnews,transformer,4,85500,0.75,,,,,n_d_lr_grid,10216836,0.0001,32,0.1,adamw,5000,0.8785,0.765907,5000,112.54,0.007815,629212160,-0.112593,LOW,
run_4bdb9d53,internal,nlp_agnews,2026-03-19T13:41:28.238633+00:00,nlp,agnews,transformer,4,85500,0.75,,,,,n_d_lr_grid,10216836,3e-05,32,0.1,adamw,5000,0.815,0.61018,5000,109.73,0.00762,629212160,-0.20482,LOW,
run_3241db21,internal,nlp_agnews,2026-03-19T13:45:43.053048+00:00,nlp,agnews,transformer,4,85500,0.75,,,,,n_d_lr_grid,28370180,0.01,32,0.1,adamw,5000,0.243333,0.249168,2672,254.47,0.017672,3288598528,0.005834,LOW,
run_a16647bd,internal,nlp_agnews,2026-03-19T13:50:05.988708+00:00,nlp,agnews,transformer,4,85500,0.75,,,,,n_d_lr_grid,28370180,0.003,32,0.1,adamw,5000,0.252,0.249302,2672,262.59,0.018236,3288598528,-0.002698,LOW,
run_4ebb68f1,internal,nlp_agnews,2026-03-19T13:54:28.181710+00:00,nlp,agnews,transformer,4,85500,0.75,,,,,n_d_lr_grid,28370180,0.001,32,0.1,adamw,5000,0.263667,0.247906,2672,261.85,0.018184,3288598528,-0.015761,LOW,
run_6606d279,internal,nlp_agnews,2026-03-19T13:58:54.725641+00:00,nlp,agnews,transformer,4,85500,0.75,,,,,n_d_lr_grid,28370180,0.0003,32,0.1,adamw,5000,0.868167,0.778955,5000,266.2,0.018486,3288598528,-0.089212,LOW,
run_68626913,internal,nlp_agnews,2026-03-19T14:03:22.645496+00:00,nlp,agnews,transformer,4,85500,0.75,,,,,n_d_lr_grid,28370180,0.0001,32,0.1,adamw,5000,0.87,0.737516,5000,267.54,0.018579,3288598528,-0.132484,LOW,
run_bb79fe5c,internal,nlp_agnews,2026-03-19T14:07:51.735905+00:00,nlp,agnews,transformer,4,85500,0.75,,,,,n_d_lr_grid,28370180,3e-05,32,0.1,adamw,5000,0.542167,0.541224,5000,268.74,0.018662,3288598528,-0.000943,LOW,
run_58f74c2b,internal,nlp_agnews,2026-03-19T14:15:45.555951+00:00,nlp,agnews,transformer,4,85500,0.75,,,,,n_d_lr_grid,52090756,0.01,32,0.1,adamw,5000,0.243333,0.250604,2672,473.25,0.032864,7349013504,0.007271,LOW,
run_19f8e1ea,internal,nlp_agnews,2026-03-19T14:23:40.129437+00:00,nlp,agnews,transformer,4,85500,0.75,,,,,n_d_lr_grid,52090756,0.003,32,0.1,adamw,5000,0.263667,0.249973,5000,473.97,0.032915,7349013504,-0.013694,LOW,
run_e12e63ab,internal,nlp_agnews,2026-03-19T14:31:34.976178+00:00,nlp,agnews,transformer,4,85500,0.75,,,,,n_d_lr_grid,52090756,0.001,32,0.1,adamw,5000,0.263667,0.250805,5000,474.28,0.032936,7349013504,-0.012861,LOW,
run_a38d5679,internal,nlp_agnews,2026-03-19T14:39:34.698129+00:00,nlp,agnews,transformer,4,85500,0.75,,,,,n_d_lr_grid,52090756,0.0003,32,0.1,adamw,5000,0.773833,0.522995,5000,479.11,0.033272,7349013504,-0.250839,LOW,
run_ae5102e7,internal,nlp_agnews,2026-03-19T14:47:35.918617+00:00,nlp,agnews,transformer,4,85500,0.75,,,,,n_d_lr_grid,52090756,0.0001,32,0.1,adamw,5000,0.802167,0.459635,5000,480.65,0.033379,7349013504,-0.342531,LOW,
run_07dccf71,internal,nlp_agnews,2026-03-19T14:55:48.295018+00:00,nlp,agnews,transformer,4,85500,0.75,,,,,n_d_lr_grid,52090756,3e-05,32,0.1,adamw,5000,0.638833,0.494214,5000,491.78,0.034151,7349013504,-0.144619,LOW,
run_942a5885,internal,nlp_agnews,2026-03-19T15:07:22.161692+00:00,nlp,agnews,transformer,4,85500,0.75,,,,,n_d_lr_grid,66266500,0.01,32,0.1,adamw,5000,0.252,0.249893,2672,693.22,0.04814,11023223808,-0.002107,LOW,
run_a15fa39d,internal,nlp_agnews,2026-03-19T15:18:53.734611+00:00,nlp,agnews,transformer,4,85500,0.75,,,,,n_d_lr_grid,66266500,0.003,32,0.1,adamw,5000,0.263667,0.246658,2672,690.87,0.047977,11023223808,-0.017009,LOW,
run_b7b33c3c,internal,nlp_agnews,2026-03-19T15:30:21.736192+00:00,nlp,agnews,transformer,4,85500,0.75,,,,,n_d_lr_grid,66266500,0.001,32,0.1,adamw,5000,0.263667,0.24655,5000,687.3,0.047729,11023223808,-0.017117,LOW,
run_fa6ba0c6,internal,nlp_agnews,2026-03-19T15:41:50.353020+00:00,nlp,agnews,transformer,4,85500,0.75,,,,,n_d_lr_grid,66266500,0.0003,32,0.1,adamw,5000,0.263667,0.246778,5000,687.95,0.047774,11023223808,-0.016888,LOW,
run_e29b1dfb,internal,nlp_agnews,2026-03-19T15:53:33.804039+00:00,nlp,agnews,transformer,4,85500,0.75,,,,,n_d_lr_grid,66266500,0.0001,32,0.1,adamw,5000,0.297,0.279612,5000,702.8,0.048805,11023223808,-0.017388,LOW,
run_601dcfca,internal,nlp_agnews,2026-03-19T16:05:19.460626+00:00,nlp,agnews,transformer,4,85500,0.75,,,,,n_d_lr_grid,66266500,3e-05,32,0.1,adamw,5000,0.657,0.375953,5000,704.99,0.048957,11023223808,-0.281047,LOW,
run_83a562aa,internal,nlp_agnews,2026-03-19T16:05:59.473972+00:00,nlp,agnews,transformer,4,114000,1.0,,,,,n_d_lr_grid,491836,0.01,32,0.1,adamw,5000,0.898167,0.882437,3563,39.99,0.002777,1311040,-0.015729,LOW,
run_01b68b3e,internal,nlp_agnews,2026-03-19T16:06:38.651481+00:00,nlp,agnews,transformer,4,114000,1.0,,,,,n_d_lr_grid,491836,0.003,32,0.1,adamw,5000,0.909167,0.893659,3563,39.15,0.002719,1311040,-0.015508,LOW,
run_cb348f32,internal,nlp_agnews,2026-03-19T16:07:18.177260+00:00,nlp,agnews,transformer,4,114000,1.0,,,,,n_d_lr_grid,491836,0.001,32,0.1,adamw,5000,0.910167,0.887483,5000,39.5,0.002743,1311040,-0.022684,LOW,
run_8740930b,internal,nlp_agnews,2026-03-19T16:07:57.341353+00:00,nlp,agnews,transformer,4,114000,1.0,,,,,n_d_lr_grid,491836,0.0003,32,0.1,adamw,5000,0.870833,0.784338,5000,39.14,0.002718,1311040,-0.086495,LOW,
run_4915ee7b,internal,nlp_agnews,2026-03-19T16:08:36.500241+00:00,nlp,agnews,transformer,4,114000,1.0,,,,,n_d_lr_grid,491836,0.0001,32,0.1,adamw,5000,0.708833,0.585421,5000,39.13,0.002717,1311040,-0.123412,LOW,
run_c40ca9d9,internal,nlp_agnews,2026-03-19T16:09:15.820081+00:00,nlp,agnews,transformer,4,114000,1.0,,,,,n_d_lr_grid,491836,3e-05,32,0.1,adamw,5000,0.464,0.365236,5000,39.29,0.002729,1311040,-0.098764,LOW,
run_714d88d4,internal,nlp_agnews,2026-03-19T16:09:54.977627+00:00,nlp,agnews,transformer,4,114000,1.0,,,,,n_d_lr_grid,990068,0.01,32,0.1,adamw,5000,0.263667,0.247999,3563,39.13,0.002717,4195456,-0.015667,LOW,
run_d0143bfe,internal,nlp_agnews,2026-03-19T16:10:34.178047+00:00,nlp,agnews,transformer,4,114000,1.0,,,,,n_d_lr_grid,990068,0.003,32,0.1,adamw,5000,0.911167,0.901792,5000,39.16,0.00272,4195456,-0.009375,LOW,
run_2066680a,internal,nlp_agnews,2026-03-19T16:11:13.820927+00:00,nlp,agnews,transformer,4,114000,1.0,,,,,n_d_lr_grid,990068,0.001,32,0.1,adamw,5000,0.263667,0.248652,3563,39.61,0.00275,4195456,-0.015015,LOW,
run_e798079a,internal,nlp_agnews,2026-03-19T16:11:54.531838+00:00,nlp,agnews,transformer,4,114000,1.0,,,,,n_d_lr_grid,990068,0.0003,32,0.1,adamw,5000,0.898667,0.870303,5000,40.68,0.002825,4195456,-0.028364,LOW,
run_bdd597e6,internal,nlp_agnews,2026-03-19T16:12:34.164604+00:00,nlp,agnews,transformer,4,114000,1.0,,,,,n_d_lr_grid,990068,0.0001,32,0.1,adamw,5000,0.863,0.756894,5000,39.6,0.00275,4195456,-0.106106,LOW,
run_49007ca8,internal,nlp_agnews,2026-03-19T16:13:14.425284+00:00,nlp,agnews,transformer,4,114000,1.0,,,,,n_d_lr_grid,990068,3e-05,32,0.1,adamw,5000,0.537167,0.436565,5000,40.22,0.002793,4195456,-0.100602,LOW,
run_2efc1c81,internal,nlp_agnews,2026-03-19T16:14:15.152124+00:00,nlp,agnews,transformer,4,114000,1.0,,,,,n_d_lr_grid,2055716,0.01,32,0.1,adamw,5000,0.241,0.24863,3563,60.67,0.004213,29364480,0.00763,LOW,
run_026abd55,internal,nlp_agnews,2026-03-19T16:15:17.740301+00:00,nlp,agnews,transformer,4,114000,1.0,,,,,n_d_lr_grid,2055716,0.003,32,0.1,adamw,5000,0.243333,0.24813,5000,62.53,0.004342,29364480,0.004796,LOW,
run_5a9be4a3,internal,nlp_agnews,2026-03-19T16:16:19.597334+00:00,nlp,agnews,transformer,4,114000,1.0,,,,,n_d_lr_grid,2055716,0.001,32,0.1,adamw,5000,0.243333,0.245781,3563,61.8,0.004291,29364480,0.002448,LOW,
run_53625c36,internal,nlp_agnews,2026-03-19T16:17:20.475747+00:00,nlp,agnews,transformer,4,114000,1.0,,,,,n_d_lr_grid,2055716,0.0003,32,0.1,adamw,5000,0.9045,0.876935,5000,60.82,0.004223,29364480,-0.027565,LOW,
run_329e8f38,internal,nlp_agnews,2026-03-19T16:18:22.324697+00:00,nlp,agnews,transformer,4,114000,1.0,,,,,n_d_lr_grid,2055716,0.0001,32,0.1,adamw,5000,0.866333,0.82607,3563,61.79,0.004291,29364480,-0.040263,LOW,
run_9d6f22ed,internal,nlp_agnews,2026-03-19T16:19:24.169963+00:00,nlp,agnews,transformer,4,114000,1.0,,,,,n_d_lr_grid,2055716,3e-05,32,0.1,adamw,5000,0.772833,0.596055,5000,61.79,0.004291,29364480,-0.176778,LOW,
run_4c2e3889,internal,nlp_agnews,2026-03-19T16:20:27.843433+00:00,nlp,agnews,transformer,4,114000,1.0,,,,,n_d_lr_grid,4312132,0.01,32,0.1,adamw,5000,0.263667,0.246521,3563,63.57,0.004415,109068800,-0.017146,LOW,
run_24f06563,internal,nlp_agnews,2026-03-19T16:21:30.064866+00:00,nlp,agnews,transformer,4,114000,1.0,,,,,n_d_lr_grid,4312132,0.003,32,0.1,adamw,5000,0.263667,0.24763,3563,62.12,0.004314,109068800,-0.016037,LOW,
run_b641ff63,internal,nlp_agnews,2026-03-19T16:22:33.542766+00:00,nlp,agnews,transformer,4,114000,1.0,,,,,n_d_lr_grid,4312132,0.001,32,0.1,adamw,5000,0.243333,0.24987,3563,63.38,0.004401,109068800,0.006536,LOW,
run_d5f3805e,internal,nlp_agnews,2026-03-19T16:23:37.020750+00:00,nlp,agnews,transformer,4,114000,1.0,,,,,n_d_lr_grid,4312132,0.0003,32,0.1,adamw,5000,0.898667,0.886178,3563,63.38,0.004401,109068800,-0.012489,LOW,
run_46029661,internal,nlp_agnews,2026-03-19T16:24:39.894919+00:00,nlp,agnews,transformer,4,114000,1.0,,,,,n_d_lr_grid,4312132,0.0001,32,0.1,adamw,5000,0.870333,0.834312,3563,62.78,0.00436,109068800,-0.036021,LOW,
run_0b932bbf,internal,nlp_agnews,2026-03-19T16:25:41.885739+00:00,nlp,agnews,transformer,4,114000,1.0,,,,,n_d_lr_grid,4312132,3e-05,32,0.1,adamw,5000,0.791,0.645768,5000,61.89,0.004298,109068800,-0.145232,LOW,
run_f3db19de,internal,nlp_agnews,2026-03-19T16:27:29.621988+00:00,nlp,agnews,transformer,4,114000,1.0,,,,,n_d_lr_grid,10216836,0.01,32,0.1,adamw,5000,0.243333,0.248956,3563,107.55,0.007469,629212160,0.005623,LOW,
run_871b1caf,internal,nlp_agnews,2026-03-19T16:29:16.181322+00:00,nlp,agnews,transformer,4,114000,1.0,,,,,n_d_lr_grid,10216836,0.003,32,0.1,adamw,5000,0.243333,0.249652,3563,106.36,0.007386,629212160,0.006319,LOW,
run_1a8a9803,internal,nlp_agnews,2026-03-19T16:31:02.317323+00:00,nlp,agnews,transformer,4,114000,1.0,,,,,n_d_lr_grid,10216836,0.001,32,0.1,adamw,5000,0.252,0.250043,5000,105.98,0.007359,629212160,-0.001957,LOW,
run_f80676d4,internal,nlp_agnews,2026-03-19T16:32:46.700989+00:00,nlp,agnews,transformer,4,114000,1.0,,,,,n_d_lr_grid,10216836,0.0003,32,0.1,adamw,5000,0.252,0.250174,3563,104.19,0.007235,629212160,-0.001826,LOW,
run_ccc4998c,internal,nlp_agnews,2026-03-19T16:34:33.040250+00:00,nlp,agnews,transformer,4,114000,1.0,,,,,n_d_lr_grid,10216836,0.0001,32,0.1,adamw,5000,0.854333,0.812174,5000,106.18,0.007374,629212160,-0.04216,LOW,
run_9bda11bf,internal,nlp_agnews,2026-03-19T16:36:20.142128+00:00,nlp,agnews,transformer,4,114000,1.0,,,,,n_d_lr_grid,10216836,3e-05,32,0.1,adamw,5000,0.745333,0.631828,5000,106.9,0.007424,629212160,-0.113505,LOW,
run_cffc50ae,internal,nlp_agnews,2026-03-19T16:40:34.690904+00:00,nlp,agnews,transformer,4,114000,1.0,,,,,n_d_lr_grid,28370180,0.01,32,0.1,adamw,5000,0.252,0.252457,5000,254.13,0.017648,3288598528,0.000457,LOW,
run_7b8f8f12,internal,nlp_agnews,2026-03-19T16:44:51.764251+00:00,nlp,agnews,transformer,4,114000,1.0,,,,,n_d_lr_grid,28370180,0.003,32,0.1,adamw,5000,0.252,0.253632,5000,256.73,0.017828,3288598528,0.001632,LOW,
run_d757e25c,internal,nlp_agnews,2026-03-19T16:49:08.770385+00:00,nlp,agnews,transformer,4,114000,1.0,,,,,n_d_lr_grid,28370180,0.001,32,0.1,adamw,5000,0.252,0.252827,5000,256.65,0.017823,3288598528,0.000827,LOW,
run_a4e2b7b1,internal,nlp_agnews,2026-03-19T16:53:31.076141+00:00,nlp,agnews,transformer,4,114000,1.0,,,,,n_d_lr_grid,28370180,0.0003,32,0.1,adamw,5000,0.8755,0.867149,3563,261.96,0.018191,3288598528,-0.008351,LOW,
run_febba8d3,internal,nlp_agnews,2026-03-19T16:57:55.624011+00:00,nlp,agnews,transformer,4,114000,1.0,,,,,n_d_lr_grid,28370180,0.0001,32,0.1,adamw,5000,0.858333,0.820264,5000,264.2,0.018347,3288598528,-0.03807,LOW,
run_30d1a326,internal,nlp_agnews,2026-03-19T17:02:20.007440+00:00,nlp,agnews,transformer,4,114000,1.0,,,,,n_d_lr_grid,28370180,3e-05,32,0.1,adamw,5000,0.619667,0.561565,5000,264.03,0.018335,3288598528,-0.058102,LOW,
run_5ef4179f,internal,nlp_agnews,2026-03-19T17:10:06.633112+00:00,nlp,agnews,transformer,4,114000,1.0,,,,,n_d_lr_grid,52090756,0.01,32,0.1,adamw,5000,0.263667,0.256481,5000,466.04,0.032364,7349013504,-0.007186,LOW,
run_63c38b35,internal,nlp_agnews,2026-03-19T17:17:53.448128+00:00,nlp,agnews,transformer,4,114000,1.0,,,,,n_d_lr_grid,52090756,0.003,32,0.1,adamw,5000,0.263667,0.253175,5000,466.23,0.032377,7349013504,-0.010492,LOW,
run_cfc29174,internal,nlp_agnews,2026-03-19T17:25:40.940401+00:00,nlp,agnews,transformer,4,114000,1.0,,,,,n_d_lr_grid,52090756,0.001,32,0.1,adamw,5000,0.263667,0.250457,5000,466.91,0.032424,7349013504,-0.01321,LOW,
run_2fb84995,internal,nlp_agnews,2026-03-19T17:33:38.069495+00:00,nlp,agnews,transformer,4,114000,1.0,,,,,n_d_lr_grid,52090756,0.0003,32,0.1,adamw,5000,0.832667,0.696351,5000,476.55,0.033093,7349013504,-0.136316,LOW,
run_a9529b4d,internal,nlp_agnews,2026-03-19T17:41:39.802132+00:00,nlp,agnews,transformer,4,114000,1.0,,,,,n_d_lr_grid,52090756,0.0001,32,0.1,adamw,5000,0.844333,0.740344,5000,481.15,0.033414,7349013504,-0.103989,LOW,
run_c23ff679,internal,nlp_agnews,2026-03-19T17:49:41.246396+00:00,nlp,agnews,transformer,4,114000,1.0,,,,,n_d_lr_grid,52090756,3e-05,32,0.1,adamw,5000,0.671833,0.557237,5000,480.86,0.033393,7349013504,-0.114596,LOW,
run_ae07d744,internal,nlp_agnews,2026-03-19T18:01:06.266048+00:00,nlp,agnews,transformer,4,114000,1.0,,,,,n_d_lr_grid,66266500,0.01,32,0.1,adamw,5000,0.263667,0.249152,3563,684.36,0.047525,11023223808,-0.014515,LOW,
run_00341f5e,internal,nlp_agnews,2026-03-19T18:12:31.917739+00:00,nlp,agnews,transformer,4,114000,1.0,,,,,n_d_lr_grid,66266500,0.003,32,0.1,adamw,5000,0.263667,0.245455,3563,684.96,0.047567,11023223808,-0.018212,LOW,
run_020fb1e1,internal,nlp_agnews,2026-03-19T18:23:58.816017+00:00,nlp,agnews,transformer,4,114000,1.0,,,,,n_d_lr_grid,66266500,0.001,32,0.1,adamw,5000,0.252,0.245846,3563,686.23,0.047655,11023223808,-0.006154,LOW,
run_cfc82611,internal,nlp_agnews,2026-03-19T18:35:25.864022+00:00,nlp,agnews,transformer,4,114000,1.0,,,,,n_d_lr_grid,66266500,0.0003,32,0.1,adamw,5000,0.263667,0.247086,5000,686.38,0.047665,11023223808,-0.016581,LOW,
run_780e5945,internal,nlp_agnews,2026-03-19T18:47:11.334168+00:00,nlp,agnews,transformer,4,114000,1.0,,,,,n_d_lr_grid,66266500,0.0001,32,0.1,adamw,5000,0.819,0.622978,5000,704.81,0.048945,11023223808,-0.196022,LOW,
run_3c6d9101,internal,nlp_agnews,2026-03-19T18:58:57.057200+00:00,nlp,agnews,transformer,4,114000,1.0,,,,,n_d_lr_grid,66266500,3e-05,32,0.1,adamw,5000,0.5295,0.508264,5000,705.05,0.048962,11023223808,-0.021236,LOW,
